city,sub_location,display_name,name_ar,name_en,poi_name,category,latitude,longitude,dist_to_center_m
Jenin,يعبد,دوار ياسين,دوار ياسين,Yassen Junction,Yassen Junction,mini_roundabout,32.44543,35.1757835,612
Jenin,يعبد,مركز الشفاء للعلاجات الطبية,مركز الشفاء للعلاجات الطبية,,Al Shefa' Center for Medical Therapy,public_building,32.4458756,35.1705058,120
Jenin,يعبد,جمعية ارض الاطفال,جمعية ارض الاطفال,,Children Land Society,public_building,32.447031,35.1691143,80
Jenin,يعبد,صريصة لغسيل لسيارات,صريصة لغسيل لسيارات,Sresa Car Wash,Sresa Car Wash,car_wash,32.4436831,35.1761104,700
Jenin,يعبد,مكتب بريد يعبد,مكتب بريد يعبد,Ya'bad Post Offfice,Ya'bad Post Offfice,post_office,32.4455961,35.1758038,611
Jenin,يعبد,مدرسة البنات الثانوية,مدرسة البنات الثانوية,,Secondary School for Girls,school,32.4430069,35.1625463,738
Jenin,يعبد,صيدلية جواد,صيدلية جواد,,Jawadphrmacy,pharmacy,32.4468672,35.1706261,133
Jenin,يعبد,بلدية يعبد,بلدية يعبد,,Ya'bad Municipality,public_building,32.445473,35.175038,542
Jenin,يعبد,بقالة ابوعارف,بقالة ابوعارف,,Abu-araf shop,convenience,32.446569,35.1716676,219
Jenin,يعبد,مخبز وحلويات الاحمدي,مخبز وحلويات الاحمدي,,Al Ahmade Bakery & Sweets,bakery,32.4462441,35.1689487,39
Jenin,يعبد,صيدلية الامل,صيدلية الامل,,Al-Amal Pharmacy,pharmacy,32.4457817,35.1752406,556
Jenin,يعبد,دوار العطاطرة,دوار العطاطرة,,Al-atatra mini round about,mini_roundabout,32.4456593,35.1724564,301
Jenin,يعبد,معرض الاناقة والتجميل,معرض الاناقة والتجميل,,Alanaka lundry,dry_cleaning,32.4463732,35.1699304,55
Jenin,يعبد,دريم للستلايت,دريم للستلايت,,Dreams for stallait,convenience,32.4467719,35.1711039,171
Jenin,يعبد,مطعم البيارة,مطعم البيارة,Al-bayara restaurant,Al-bayara restaurant,restaurant,32.4457048,35.1754498,577
Jenin,يعبد,دراي كلين يعبد,دراي كلين يعبد,,Ya'bad Dry Clean,dry_cleaning,32.4468709,35.1682344,120
Jenin,يعبد,مسجدمعاذ ابن جبل,مسجدمعاذ ابن جبل,,Mu'ath ibn jabal mosque,place_of_worship,32.4451596,35.1751336,558
Jenin,يعبد,قاعة الاصالة للافراح,قاعة الاصالة للافراح,,Al-Asala Town Hall,townhall,32.4460198,35.174586,493
Jenin,يعبد,مدرسة الوكالة,مدرسة الوكالة,,UNRWA School,school,32.4465291,35.1663697,280
Jenin,يعبد,جامع الشهيد باسل,جامع الشهيد باسل,,Al Shaheed Basel Mosque,place_of_worship,32.4493896,35.1639813,607
Jenin,يعبد,روضة اليمان,روضة اليمان,,Al Yaman Kindergarten,kindergarten,32.4498296,35.1664696,473
Jenin,يعبد,صيدلية العروبة,صيدلية العروبة,,Al orooba pharmacy,pharmacy,32.4462638,35.1675601,168
Jenin,يعبد,سوبر موبايل,سوبر موبايل,,Super Mobile,convenience,32.4459684,35.1670969,215
Jenin,يعبد,ديوان ال الكيلاني,ديوان ال الكيلاني,,Zaid Al Kelane Family Hall,townhall,32.4474475,35.1690714,126
Jenin,يعبد,موقف سيارات,موقف سيارات,,Car Park,parking,32.4469818,35.170677,144
Jenin,يعبد,محلات الوليد للاجهزة الكهربائية,محلات الوليد للاجهزة الكهربائية,,Al Waleed Shop for Electrical Devices,convenience,32.4472431,35.1706071,155
Jenin,يعبد,مكتب تكسي الوليد,مكتب تكسي الوليد,,Al Waleed Taxi Office,taxi,32.4470333,35.1701752,109
Jenin,يعبد,مسجد النور,مسجد النور,,Al Noor Mosque,place_of_worship,32.4505577,35.1693014,469
Jenin,يعبد,مسجد القاسم,مسجد القاسم,,Al Kasem Mosque,place_of_worship,32.4471765,35.1691808,94
Jenin,يعبد,سوبر ماركت العائلة,سوبر ماركت العائلة,,Family Supermarket,supermarket,32.446978,35.1700551,97
Jenin,يعبد,مدرسة بنات يعبد الاساسية الاولى,مدرسة بنات يعبد الاساسية الاولى,,Ya'bad Girls School,school,32.4439435,35.1705735,290
Jenin,يعبد,مقبرة يعبد,مقبرة يعبد,,Ya'bad Graveyard,grave_yard,32.4490467,35.1685552,310
Jenin,يعبد,مركز شباب يعبد الثقافي,مركز شباب يعبد الثقافي,,Ya'bad Youth Cultural Center,public_building,32.451217,35.1690382,543
Jenin,يعبد,مركز صحي,مركز صحي,,Medical Center,public_building,32.4448488,35.1659574,359
Jenin,يعبد,مستوصف القاسم,مستوصف القاسم,,Al Kasem Clinic,public_building,32.4471849,35.1692538,94
Jenin,يعبد,مدرسة البنات,مدرسة البنات,,School for Girls,school,32.4407674,35.1660964,691
Jenin,يعبد,مدرسة يعبد,مدرسة يعبد,,Ya'bad School,school,32.4451815,35.165795,358
Jenin,يعبد,مدارس الوكالة,مدارس الوكالة,,UNRWA Schools,school,32.4530284,35.1693675,744
Jenin,يعبد,مدرسة ذكور يعبد,مدرسة ذكور يعبد,,Ya'bad School for Boys,school,32.4449415,35.1649645,440
Jenin,يعبد,مدرسة يعبد الثانوية للذكور,مدرسة يعبد الثانوية للذكور,Ya'bad Secondary School for Boys,Ya'bad Secondary School for Boys,school,32.4399123,35.1786036,1125
Jenin,يعبد,مركز القمة الرياضي,مركز القمة الرياضي,,Sports Center,public_building,32.4465686,35.1688114,56
Jenin,يعبد,مسجد الحارة الشمالية,مسجد الحارة الشمالية,,North Neighborhood Mosque,place_of_worship,32.4466526,35.168523,85
Jenin,يعبد,ديوان ال ابو بكر,ديوان ال ابو بكر,,Abu Baker Family Hall,public_building,32.4455626,35.1664425,286
Jenin,يعبد,نادي يعبد الرياضي,نادي يعبد الرياضي,,Ya'bad Sports Club,public_building,32.4453745,35.1661116,322
Jenin,يعبد,حضانة الاسيل,حضانة الاسيل,,Al Aseel Kindergarten,kindergarten,32.4434756,35.1642064,578
Jenin,يعبد,تكسي فؤاد,تكسي فؤاد,,Foad Taxi,taxi,32.4448121,35.1655214,397
Jenin,عقابة,سوبر ماركت ناصر,سوبر ماركت ناصر,,Nasir Market,supermarket,32.3503092,35.3522938,241
Jenin,الألمانية,محطة طوباس لتعبئة الغاز,محطة طوباس لتعبئة الغاز,,Tubas Gas Station,fuel,32.3427347,35.3627351,655
Jenin,الألمانية,محطة و مغسلة الاصدقاء,محطة و مغسلة الاصدقاء,,Al 'Asdeka' Car Wash And Gas Station,fuel,32.3333677,35.3639009,870
Jenin,عقابة,مدرسة عقابة الثانوية للبنات,مدرسة عقابة الثانوية للبنات,,Akkaba Secondary School For Girls,school,32.3486193,35.3511632,264
Jenin,عقابة,مسجد بلال ابن رباح,مسجد بلال ابن رباح,,Bilal Ibn Rabah,place_of_worship,32.3509999,35.3517277,188
Jenin,عقابة,بقالة,بقالة,,Mini-Market,supermarket,32.3513988,35.3509684,138
Jenin,عقابة,مدرسة عقابة الاساسية للبنات,مدرسة عقابة الاساسية للبنات,,Akkaba Basic School For Girls,school,32.3489978,35.3510062,220
Jenin,الألمانية,اكادمية فلسطين الامريكية,اكادمية فلسطين الامريكية,,American-Palestinian Academy,college,32.3310905,35.3662523,1017
Jenin,عقابة,مني ماركت دنيا الدغري,مني ماركت دنيا الدغري,,Doina Al Doghri,supermarket,32.351552,35.3509044,144
Jenin,عقابة,ديوان ال قاسم,ديوان ال قاسم,,Qasim Family Hall,townhall,32.3515539,35.3486151,145
Jenin,عقابة,بقالة,بقالة,,Mini-Market,supermarket,32.3520103,35.3487339,177
Jenin,عقابة,مني ماركت الحرمين,مني ماركت الحرمين,,Al Haramen,supermarket,32.3519011,35.3491562,147
Jenin,عقابة,مني ماركت الاخوة,مني ماركت الاخوة,,Brothers Market,supermarket,32.3511568,35.3516425,184
Jenin,عقابة,مدرسة عقابة الاساسية للذكور,مدرسة عقابة الاساسية للذكور,,Akkaba Basic School For Boys,school,32.3519021,35.3448634,480
Jenin,عقابة,مسجد,مسجد,,Mosque,place_of_worship,32.3500883,35.3498654,66
Jenin,عقابة,بلدية عقابة,بلدية عقابة,,Akkaba Municipality,public_building,32.350065,35.3538424,389
Jenin,عقابة,بقالة,بقالة,,Mini-Market,supermarket,32.3502321,35.3506339,96
Jenin,عقابة,سوبر ماركت المجد,سوبر ماركت المجد,Al-Majd Supermarket,سوبر ماركت المجد,supermarket,32.3481524,35.3546347,537
Jenin,عقابة,بقالة,بقالة,,Mini-Market,supermarket,32.3518934,35.348146,203
Jenin,عقابة,مني ماركت الاسرة,مني ماركت الاسرة,,Al Osrah,supermarket,32.3518547,35.3479216,217
Jenin,عقابة,بقالة,بقالة,,Mini-Market,supermarket,32.3504601,35.350974,116
Jenin,عقابة,بقالة,بقالة,,Mini-Market,supermarket,32.349801,35.3517425,210
Jenin,عقابة,مركز عقابة,مركز عقابة,,Akkaba Police Station,police,32.3575999,35.3475326,798
Jenin,عقابة,ملحمة عقابا,ملحمة عقابا,,Akkaba Bakery,bakery,32.3519018,35.3499348,137
Jenin,الألمانية,مدرسة عقابة الثانوية للبنين,مدرسة عقابة الثانوية للبنين,,Akkaba Secondary School For Boys,school,32.3441606,35.3609275,881
Jenin,عقابة,محطة عقابة,محطة عقابة,,Akkaba Fuel,fuel,32.3502364,35.3520689,222
Jenin,عقابة,محمص عقابا الجديد,محمص عقابا الجديد,,Akkaba New Shop,supermarket,32.3509958,35.3517773,192
Jenin,عقابة,بقالة,بقالة,,Mini-Market,supermarket,32.3516945,35.3506294,139
Jenin,عقابة,بقالة,بقالة,,Mini-Market,supermarket,32.3521386,35.3487978,186
Jenin,الألمانية,محطة تحت الانشاء,محطة تحت الانشاء,,Gas Station,fuel,32.3400556,35.3604828,789
Jenin,عقابة,ملحمة الاقصى,ملحمة الاقصى,,Al Aqsa Butcher,butcher,32.3511496,35.3515915,179
Jenin,عقابة,مني ماركت اهل الراية,مني ماركت اهل الراية,,Ahl Al Rayah,supermarket,32.3520972,35.3489313,176
Jenin,عقابة,المخبز الحديث,المخبز الحديث,,New Baker,bakery,32.3518059,35.3497763,125
Jenin,عقابة,بقالة الامانة,بقالة الامانة,,Al Amaneh,supermarket,32.3518687,35.3486235,170
Jenin,عقابة,ديوان ال المصري,ديوان ال المصري,,Al Masri Family Hall,townhall,32.3493671,35.3510524,190
Jenin,عقابة,عيادة عقابة الطبية,عيادة عقابة الطبية,,Akkaba Medical Clinic,hospital,32.3501101,35.3501111,71
Jenin,سيلة الحارثية,مني ماركت الجرس,مني ماركت الجرس,Al Jaras Minimarket,مني ماركت الجرس,supermarket,32.5086565,35.2274077,120
Jenin,صير,مدرسة كفير صير المختلطة,مدرسة كفير صير المختلطة,,Sir Kuffeir School For Boys & Girls,school,32.3619098,35.3144049,160
Jenin,صير,خطير,خطير,,Grave,grave_yard,32.3621645,35.3146245,133
Jenin,ميثلون,بلدية ميثلون,بلدية ميثلون,,Methalon Municipality,townhall,32.3476123,35.2716839,201
Jenin,عرابة,تكسي عرابة,تكسي عرابة,,Araba Taxi,taxi,32.4054871,35.2049569,181
Jenin,ميثلون,صيدلية تبارك,صيدلية تبارك,,Tabarak Pharmacy,pharmacy,32.3463697,35.2765006,300
Jenin,عرابة,ديوان ال عارضة,ديوان ال عارضة,,Al-Arda Dewan,townhall,32.406264,35.2004193,330
Jenin,سيلة الحارثية,قاعة اللؤلؤه للأفراح,قاعة اللؤلؤه للأفراح,Al Lo'lo'a Hall For Parties,قاعة اللؤلؤه للأفراح,townhall,32.5130758,35.2307248,636
Jenin,عرابة,روضة براعم النور الاسلامية,روضة براعم النور الاسلامية,,Bara'm Alnoor Aleslamia,kindergarten,32.4065656,35.1986131,494
Jenin,سيلة الحارثية,جمعية سيلة الحارثية الخيرية,جمعية سيلة الحارثية الخيرية,,Selet Harthat Charitable Society,public_building,32.5104323,35.2276879,298
Jenin,سيلة الحارثية,مدرسة سيلة الحارثية للبنات,مدرسة سيلة الحارثية للبنات,Selet Al Harthya School For Girls,مدرسة سيلة الحارثية للبنات,school,32.5071652,35.2285287,77
Jenin,عنزة,ديوان ال صدقة,ديوان ال صدقة,,Sadaqa Family Hall,townhall,32.3589659,35.2193476,115
Jenin,سيلة الحارثية,مسجد سيلة الحارثية,مسجد سيلة الحارثية,Selet Harthya Mosque,مسجد سيلة الحارثية,pharmacy,32.508383,35.2284385,71
Jenin,عجة,ميني ماركت الحوراني,ميني ماركت الحوراني,Al Horani Mini market,Al Horani Minimarket,supermarket,32.3602218,35.1964108,164
Jenin,عرابة,مقبرة,مقبرة,,Graves,grave_yard,32.4070064,35.2038068,270
Jenin,كفر راعي,مخبز العجمي,مخبز العجمي,,Al Ajme Baker,convenience,32.3767758,35.1569473,287
Jenin,سيلة الحارثية,مني ماركت حسان,مني ماركت حسان,Hassan Minimarket,مني ماركت حسان,convenience,32.5057709,35.2286769,229
Jenin,تعنك,مسجد عمر بن الخطاب,مسجد عمر بن الخطاب,Omar Bin Al-Khattab Mosque,مسجد عمر بن الخطاب,place_of_worship,32.5197467,35.2209105,186
Jenin,عانين,مسجد بلال بن رباح,مسجد بلال بن رباح,Bilal Bin Rabah Mosque,مسجد بلال بن رباح,place_of_worship,32.5012319,35.1697045,194
Jenin,كفر راعي,ديوان يحيى,ديوان يحيى,,Yahya Hall,public_building,32.3724422,35.1536169,288
Jenin,كفر راعي,مخبز كفر راعي,مخبز كفر راعي,,Kafr Ra'i Baker,bakery,32.3749022,35.1560841,84
Jenin,عانين,مسجد عمر بن الخطاب,مسجد عمر بن الخطاب,Omar Bin Al-Khattab Mosque,مسجد عمر بن الخطاب,place_of_worship,32.5013191,35.165919,161
Jenin,عرابة,مني ماركت الوفاء,مني ماركت الوفاء,,Al Wafa' Minimarket,convenience,32.4079611,35.203343,373
Jenin,تعنك,مسجد الشهيد عبد الله عزام,مسجد الشهيد عبد الله عزام,Martyr Abdallah Azam Mosque,مسجد الشهيد عبد الله عزام,place_of_worship,32.5151057,35.2273047,700
Jenin,Jenin City,مركز التدريب المهني,مركز التدريب المهني,,Vocational Training Center,school,32.4655932,35.3066626,948
Jenin,الألمانية,شركة الازدهار لتاجير السيارات,شركة الازدهار لتاجير السيارات,,Al-Ezdehar Rental Car Company,car_rental,32.4678665,35.3086816,1144
Jenin,عانين,مدرسة عانين الاساسية للبنات,مدرسة عانين الاساسية للبنات,'Anin Elementary School For Girls,مدرسة عانين الاساسية للبنات,school,32.4998787,35.173314,553
Jenin,قباطية,مركز شرطة,مركز شرطة,,Police Center,police,32.4117276,35.2747887,552
Jenin,كفر راعي,صيدلية السلام,صيدلية السلام,Al salam Pharmacy,صيدلية سلامة,pharmacy,32.3753515,35.1568241,168
Jenin,تلفيت,الجامعة العربية الامريكية جنين,الجامعة العربية الامريكية جنين,,American Arab University Jenin,university,32.4081589,35.342513,473
Jenin,فقوعة,عيادة طب اسنان,عيادة طب اسنان,,Dental clinic,dentist,32.4909733,35.4009265,59
Jenin,ميثلون,صيدلية راسم,صيدلية راسم,,Rasem Pharmacy,pharmacy,32.3473855,35.2705984,305
Jenin,اليامون,مسجد التوحيد,مسجد التوحيد,,Al-Tawheed Mosque,place_of_worship,32.4834765,35.2311257,118
Jenin,عجة,مسجد عمر بن الخطاب,مسجد عمر بن الخطاب,,Omar Ben Al Khatab Mosque,place_of_worship,32.3548812,35.1953223,739
Jenin,عجة,مدرسة عجة الثانوية للبنين,مدرسة عجة الثانوية للبنين,,'Ajja High School For Boys,school,32.3586522,35.2000501,527
Jenin,تعنك,مدرسة تعنك للبنين,مدرسة تعنك للبنين,Ta'aanak School For Boys,مدرسة تعنك للبنين,school,32.5176541,35.2221651,143
Jenin,تعنك,مدرسة الشهيد عبد الله عزام,مدرسة الشهيد عبد الله عزام,Martyr Abdalla Azam Elementary School,مدرسة الشهيد عبد الله عزام,school,32.5175875,35.2294819,823
Jenin,سيلة الحارثية,الإغاثة الطبية,الإغاثة الطبية,Medical Relief,الإغاثة الطبية,hospital,32.5079908,35.2273829,77
Jenin,Jenin City,مدسة جنين الثانوية,مدسة جنين الثانوية,,Jenin Secondry School,school,32.4646695,35.3002165,397
Jenin,عجة,عيادة صحية,عيادة صحية,Health clinic,Healthy Clinic,hospital,32.3580902,35.1973447,416
Jenin,عرابة,مدرسة عرابة الثانوية للبنات,مدرسة عرابة الثانوية للبنات,,Arabeh High School For Girls,school,32.4037535,35.2096779,603
Jenin,عانين,ميني ماركت فلسطين,ميني ماركت فلسطين,Palestine Minimarket,ميني ماركت فلسطين,convenience,32.5013565,35.1659233,161
Jenin,ميثلون,مستوصف,مستوصف,,Clinic,clinic,32.3464317,35.2761886,272
Jenin,عنزة,مدرسة عنزة الثانوية للبنين,مدرسة عنزة الثانوية للبنين,,'Anza High School For Boys,school,32.3555403,35.2186426,465
Jenin,Jenin City,مدرسة الخنساء,مدرسة الخنساء,,Alkhansa` School,school,32.4638363,35.305726,796
Jenin,ميثلون,مكتب تاكسي ميثلون,مكتب تاكسي ميثلون,,Meithalun Taxi Office,parking,32.3495851,35.2725891,227
Jenin,عرابة,مكتبة سامر,مكتبة سامر,,Sameer Library,library,32.4044614,35.2035392,25
Jenin,عرابة,مدرسة الشهيد ابو علي مصطفى للبنين,مدرسة الشهيد ابو علي مصطفى للبنين,,Abu Ali Mustafa Elementary School For Boys,school,32.4072803,35.2029746,299
Jenin,قباطية,مسجد الزهراء,مسجد الزهراء,,Alzahra' Mosque,place_of_worship,32.402767,35.278788,761
Jenin,جبع,مدرسة بنات جبع الثانوية,مدرسة بنات جبع الثانوية,,Jab'a girls school,school,32.3307992,35.2261806,890
Jenin,Jenin City,مطعم الحثناوي,مطعم الحثناوي,,Alhathnawi Restaurant,restaurant,32.466059,35.3054507,873
Jenin,عجة,مسجد عجا الجنوبي,مسجد عجا الجنوبي,,Southern 'Ajja Mosque,place_of_worship,32.3606651,35.1946689,129
Jenin,ميثلون,صيدلية الربيع,صيدلية الربيع,,Alrabe3 Pharmacy,pharmacy,32.3495065,35.2718751,261
Jenin,قباطية,جمعية الاقصى الطبية,جمعية الاقصى الطبية,,Al-Aksa Medical Society,doctors,32.4085019,35.2867304,637
Jenin,كفر راعي,مكتب تكسي كفر راعي,مكتب تكسي كفر راعي,,Kafr Ra'i Taxi Office,taxi,32.3728617,35.1568896,249
Jenin,مخيم جنين,مسجد الشهيد محمود,مسجد الشهيد محمود,,Alshaheed Mahmood Mosque,place_of_worship,32.4645253,35.2877812,446
Jenin,عجة,مدرسة عجة للبنات,مدرسة عجة للبنات,,'Ajja School For Girls,school,32.3579717,35.1984431,478
Jenin,Jenin City,مني ماركت الأمل,مني ماركت الأمل,,Amal Minimarket,supermarket,32.4641625,35.3070497,925
Jenin,جبع,مدرسة ذكور جبع,مدرسة ذكور جبع,,Jaba' School For Boys,school,32.3240693,35.2174203,394
Jenin,الرامة,مدرسة الرامة,مدرسة الرامة,,Al Rama School,school,32.3583577,35.1724743,289
Jenin,جبع,عيادة طب اسنان,عيادة طب اسنان,,Dental Clinic,emergency_access_point,32.3269061,35.216336,604
Jenin,كفر راعي,مدرسة كفر راعي الثانوية للبنات,مدرسة كفر راعي الثانوية للبنات,,Kafr Ra'i High School For Girls,school,32.3697824,35.1596797,680
Jenin,عرابة,مركز عرابة الصحي,مركز عرابة الصحي,,Araba Healh Center,hospital,32.4055541,35.2055746,235
Jenin,كفر راعي,سوبر ماركت الصالحين,سوبر ماركت الصالحين,,Al Salhen Supermarket,supermarket,32.3750793,35.1563887,118
Jenin,عرابة,حضانة الامل,حضانة الامل,,Al Amal kindergarten,kindergarten,32.4110159,35.2019644,724
Jenin,اليامون,حلويات الشريف,حلويات الشريف,,Al-Shareef Baker & Sweets,bakery,32.4841301,35.2308052,86
Jenin,جبع,عيادة صحية,عيادة صحية,,Medical health,emergency_access_point,32.3263601,35.2187009,395
Jenin,فحمة,مسجد الرباط,مسجد الرباط,Al-Rabat Mosque,مسجد الرباط,place_of_worship,32.3834683,35.1805397,105
Jenin,سيلة الحارثية,روضة التقى,روضة التقى,Al Tuka Kindergarten,روضة التقى,kindergarten,32.508467,35.2316056,331
Jenin,كفر راعي,محطة كفر راعي,محطة كفر راعي,,Kafr Ra'i Station,bus_station,32.3730243,35.1504013,489
Jenin,عرابة,مدرسة أم امارة الاساسية للبنات,مدرسة أم امارة الاساسية للبنات,,Om Amarah Elementary School For Girls,school,32.4039015,35.2094397,578
Jenin,جبع,المسجد القديم,المسجد القديم,Old Mosque,المسجد القديم,place_of_worship,32.3241741,35.2216611,43
Jenin,فحمة,منتزه بسمات,منتزه بسمات,,Basmat Park,theme_park,32.378925,35.1714874,892
Jenin,عانين,صيدلية عانين,صيدلية عانين,Anen Pharmacy,صيدلية عانين,pharmacy,32.501326,35.1697388,197
Jenin,جبع,عيادة اطفال,عيادة اطفال,,Children clinic,emergency_access_point,32.3255275,35.2166471,504
Jenin,سيلة الحارثية,مدرسة سيلة الحارثية,مدرسة سيلة الحارثية,Selet Al Harthaya School,مدرسة سيلة الحارثية,school,32.5090739,35.2317782,368
Jenin,اليامون,مدرسة الشهيد بلال الاوسط,مدرسة الشهيد بلال الاوسط,,Belal Alawsat School,school,32.4819344,35.2404599,1009
Jenin,اليامون,مجلس اليامون البلدي,مجلس اليامون البلدي,,Al-Yamon Municipality,public_building,32.4881595,35.232075,519
Jenin,ميثلون,دكان,دكان,,Shop,yes,32.3476402,35.2719598,175
Jenin,عرابة,محطة عرابة للمحروقات,محطة عرابة للمحروقات,,Araba Fuel Station,fuel,32.4047058,35.2067738,323
Jenin,Jenin City,مدرسة حطين للبنين,مدرسة حطين للبنين,,Heteen Boys School,school,32.4654169,35.3015298,541
Jenin,عجة,محطة عجة للمحروقات,محطة عجة للمحروقات,Ajja gas Station,Ajeh Station,bus_station,32.3583644,35.1963761,359
Jenin,اليامون,صيدلية الرضا,صيدلية الرضا,,Al Redha Pharmacy,pharmacy,32.4843423,35.2298754,55
Jenin,Jenin City,مدرسة اليوسف الاساسية للبنين,مدرسة اليوسف الاساسية للبنين,,Youssef Elementary Shool for boys,school,32.4651344,35.307631,1011
Jenin,المغير,ديوان ابو مويش,ديوان ابو مويش,,Abu Mwaish Hall,townhall,32.4258402,35.3892962,572
Jenin,عرابة,مني ماركت الاوس,مني ماركت الاوس,,Al Aws Minimarket,convenience,32.4054897,35.2037328,105
Jenin,كفر راعي,مسجد ابو ذر الغفاري,مسجد ابو ذر الغفاري,,Abu Zar Al Ghafari Mosque,place_of_worship,32.3725539,35.1565086,259
Jenin,كفر راعي,بقالة المطيع,بقالة المطيع,,Al Motee' Gracer,convenience,32.378476,35.1585579,529
Jenin,برقين,مدرسة برقين الثانوية للبنين,مدرسة برقين الثانوية للبنين,Burqin High School For Boys,Borken High School For Boys,school,32.4521704,35.2575619,533
Jenin,اليامون,ديوان العباهرة,ديوان العباهرة,,Al Abahra Dewan,townhall,32.4856698,35.2275908,299
Jenin,جبع,مركز الاتصالات الفلسطينية,مركز الاتصالات الفلسطينية,,Palestenien communication center,public_building,32.3271526,35.2161749,632
Jenin,ميثلون,محطة ميثلون,محطة ميثلون,,Meithalun Station,fuel,32.3504433,35.2648137,894
Jenin,ميثلون,محطة ابو الطاهر,محطة ابو الطاهر,,Abu Altaher Station,fuel,32.3498705,35.266722,704
Jenin,جبع,مدرسة الشهيد فريد غنام,مدرسة الشهيد فريد غنام,,Al Shaheegfareed Ghnam School,school,32.3223381,35.2182923,350
Jenin,سيلة الحارثية,مركز خدمات الاتصالات,مركز خدمات الاتصالات,,Telcomunication Service Center,public_building,32.5137657,35.2318423,749
Jenin,عرابة,مسجد عرابة,مسجد عرابة,,Araba Mosque,place_of_worship,32.40476,35.2015979,164
Jenin,كفر راعي,مسجد ابو ايوب,مسجد ابو ايوب,,Abu Ayoub Mosque,place_of_worship,32.3729571,35.1528082,295
Jenin,عنزة,مكتبة عامة,مكتبة عامة,,Genral Library,library,32.3563149,35.2199591,350
Jenin,الألمانية,مدرسة السلام,مدرسة السلام,,Alsalam School,school,32.465281,35.3096169,948
Jenin,كفر راعي,قاعة كفر راعي,قاعة كفر راعي,,Kafar Ra'ee Hall,townhall,32.3777034,35.1598156,548
Jenin,تعنك,مجلس قروي تعنك,مجلس قروي تعنك,,T'anaak Council,public_building,32.5198733,35.2204311,201
Jenin,اليامون,مقبرة اليامون,مقبرة اليامون,,Al Yamun Graveyard,grave_yard,32.4856008,35.2278369,277
Jenin,مسلية,محطة محروقات مسلية,محطة محروقات مسلية,,Meslia Fuel Station,fuel,32.3874759,35.2915374,363
Jenin,اليامون,مدرسة بنات اليامون الاساسية,مدرسة بنات اليامون الاساسية,,Alyamun School For Girls,school,32.4874977,35.231443,429
Jenin,Jenin City,محطة الزايد للمحروقات,محطة الزايد للمحروقات,,Al Zayed Fuel,fuel,32.4638632,35.3036899,615
Jenin,جبع,مسجد ابو بكر,مسجد ابو بكر,Abu Bakr Mosque,مسجد ابو بكر,place_of_worship,32.3272785,35.2151803,717
Jenin,سيلة الحارثية,جمعية الهلال الأحمر الفلسطيني,جمعية الهلال الأحمر الفلسطيني,Red Crescent Society,جمعية الهلال الأحمر الفلسطيني,public_building,32.5091721,35.2279725,156
Jenin,السويطات,مدرسة النور (جمعية الكفيف),مدرسة النور (جمعية الكفيف),,Alnoor School For Blind,school,32.4480326,35.3031219,195
Jenin,اليامون,صيدلية الشعلة,صيدلية الشعلة,,Al-Sho'ela Pharmacy,pharmacy,32.4882595,35.2316097,514
Jenin,عنزة,مدرسة عنزة الاساسية للبنين,مدرسة عنزة الاساسية للبنين,,'Anza High School For Boys,school,32.3556876,35.2196888,423
Jenin,السويطات,مسجد مراح,مسجد مراح,,Marah Mosque,place_of_worship,32.4514768,35.3004083,651
Jenin,كفر راعي,مدرسة ذكور كفر راعي الاساسية,مدرسة ذكور كفر راعي الاساسية,,Agricultural Ministry,school,32.3760842,35.155028,163
Jenin,Jenin City,مدرسة العامرية للبنين,مدرسة العامرية للبنين,,Al`mereyeh Boys School,school,32.4656091,35.3077084,1038
Jenin,اليامون,ميني ماركت رامي,ميني ماركت رامي,,Rami Minimarket,supermarket,32.4856184,35.2307167,209
Jenin,Jenin City,صيدلية سمر,صيدلية سمر,,Samar Pharmacy,pharmacy,32.4620881,35.304129,616
Jenin,جبع,صيدلية جبع,صيدلية جبع,,Jaba' Pharmacy,pharmacy,32.3239254,35.2219072,33
Jenin,عرابة,ميني ماركت الاقصى,ميني ماركت الاقصى,,Alaqsa Minimarket,supermarket,32.4031711,35.2037667,165
Jenin,عرابة,مجمع الشهيد ابو عمار,مجمع الشهيد ابو عمار,,Abu Amar Taxi Center,taxi,32.4063576,35.2034366,194
Jenin,عرابة,تكسي القصور,تكسي القصور,,Al Kusor Taxi,taxi,32.4069516,35.2117495,831
Jenin,السويطات,منتزه جنات,منتزه جنات,,Janat Park,theme_park,32.439851,35.2876568,1683
Jenin,عجة,صيدلية عجة,صيدلية عجة,Ajja Pharmacy,'Ajja Pharmacy,pharmacy,32.3612676,35.1962491,68
Jenin,Jenin City,مدرسة عز الدين للبنين,مدرسة عز الدين للبنين,,Iz Aldeen Boys School,school,32.4640884,35.3082375,1031
Jenin,كفر راعي,مسجد علي بن ابي طالب,مسجد علي بن ابي طالب,Ali Bin Abi Talib Mosque,مسجد علي بن ابي طالب,place_of_worship,32.3751236,35.1544733,92
Jenin,جبع,عيادة اسنان,عيادة اسنان,,Dental Clinic,emergency_access_point,32.3235634,35.2215473,26
Jenin,عجة,خطير,خطير,,Grave,grave_yard,32.3560785,35.1967401,615
Jenin,تعنك,مقبرة,مقبرة,Cemetery,مقبرة,grave_yard,32.5180679,35.2182988,228
Jenin,عرابة,مكتبة الامير,مكتبة الامير,,Al Ameer Library,stationery,32.4062724,35.202659,195
Jenin,اليامون,مدرسة بنات اليامون الاساسية الثانية,مدرسة بنات اليامون الاساسية الثانية,,Al-Yamon Elementary School For Girls,school,32.48024,35.2330774,498
Jenin,الزبابدة,مدرسة الزبابدة الثانوية للبنين,مدرسة الزبابدة الثانوية للبنين,,Alzababda Elementary School For Boys,school,32.3928221,35.3205568,855
Jenin,جبع,lمدرسة المسقط الثانوية,lمدرسة المسقط الثانوية,,Masqat School,school,32.3198665,35.2311662,999
Jenin,سيلة الحارثية,بلدية سيلة الحارثية,بلدية سيلة الحارثية,,Selet Al Harthya Municipilaty,public_building,32.5107386,35.2278944,330
Jenin,عرابة,مسجد ساره,مسجد ساره,,Sarah Mosque,place_of_worship,32.4064588,35.2111114,758
Jenin,عرابة,جمعية الهلال الاحمر الفلسطيني,جمعية الهلال الاحمر الفلسطيني,,Red Crescent Society,hospital,32.4024886,35.2041478,248
Jenin,عنزة,مدرسة عنزة اللثانوية للبنات,مدرسة عنزة اللثانوية للبنات,,Anazah High School For Girls,school,32.3553078,35.220673,460
Jenin,اليامون,مسجد الكبير,مسجد الكبير,,Al kaber Mosque,place_of_worship,32.4851029,35.2303301,144
Jenin,Jenin City,مخبز الحشاش,مخبز الحشاش,,Al Hashash Baker,bakery,32.4649638,35.3047406,755
Jenin,عانين,مدرسة عانين الثانوية للبنين,مدرسة عانين الثانوية للبنين,'Anin High School For Boys,مدرسة عانين الثانوية للبنين,public_building,32.5044027,35.1665172,368
Jenin,عرابة,مدرسة الشهيد ابو جهاد الثانوية,مدرسة الشهيد ابو جهاد الثانوية,,Abu Jehad High School,school,32.41059,35.2029454,666
Jenin,صانور,تكسي صانور,تكسي صانور,,Sanur Taxi,parking,32.352269,35.2481015,543
Jenin,عرابة,صيدلية الايمان,صيدلية الايمان,,Al Eman Pharmacy,pharmacy,32.4063396,35.2025578,206
Jenin,الألمانية,محطة ماجد الصغير,محطة ماجد الصغير,,Majed Alsagher Station,fuel,32.4682507,35.30998,1064
Jenin,عرابة,مسجد حمزة بن عبد المطلب,مسجد حمزة بن عبد المطلب,,Hamazah Ben Abd Al Motaleb Mosque,place_of_worship,32.4113501,35.1994092,835
Jenin,عنزة,المسجد العمري,المسجد العمري,,Al Omari Mosque,place_of_worship,32.3593965,35.2200965,32
Jenin,قباطية,مؤسسة زكارنة للتمويل,مؤسسة زكارنة للتمويل,,Zakarneh Comany,convenience,32.412053,35.280429,283
Jenin,عجة,روضة منارة العلم,روضة منارة العلم,,Manaret Al 'eelm Kindergarten,kindergarten,32.3594234,35.1994587,432
Jenin,عجة,عيادة طب اسنان,عيادة طب اسنان,,Dental Clinic,public_building,32.3605746,35.1964327,132
Jenin,الرامة,مسجد الرامة,مسجد الرامة,,Al Rama Mosque,place_of_worship,32.3540095,35.1709023,233
Jenin,فحمة,خطير,خطير,,Grave,grave_yard,32.3822928,35.1758803,375
Jenin,الألمانية,مدرسة جنين الصناعية,مدرسة جنين الصناعية,hiteen School,مدرسة حطين الثانوية,school,32.4656658,35.3088689,1027
Jenin,عانين,مدرسة عانين الثانوية للبنات,مدرسة عانين الثانوية للبنات,'Anin High School For Girls,مدرسة عانين الثانوية للبنات,school,32.4998873,35.1735703,576
Jenin,صير,عيادة صير,عيادة صير,,Sir Clinic,clinic,32.3641186,35.3141107,91
Jenin,جبع,سوبر ماركت خالد,سوبر ماركت خالد,,Khalid Supermarket,supermarket,32.3237615,35.2206692,87
Jenin,تعنك,مدرسة سيلة الحارثية الاساسية للذكور,مدرسة سيلة الحارثية الاساسية للذكور,Selet Al Harthya Elementary School For Boys,مدرسة سيلة الحارثية الاساسية للذكور,school,32.5161734,35.2305431,944
Jenin,Jenin City,مطعم بغداد,مطعم بغداد,,Baghdad Restaurant,restaurant,32.4662432,35.3055306,891
Jenin,عرابة,بلدية عرابة,بلدية عرابة,,Arabeh Municipilaty,public_building,32.4078173,35.2031069,357
Jenin,اليامون,الصديق,الصديق,,Al Sadiq,supermarket,32.4874249,35.2298451,397
Jenin,سيلة الحارثية,مسجد بلال بن رباح,مسجد بلال بن رباح,Bilal Bin Rabah Mosque,مسجد بلال بن رباح,place_of_worship,32.5064711,35.2288927,161
Jenin,فحمة,مدرسة فحمة للبنين,مدرسة فحمة للبنين,,Fahma School For Boys,school,32.3823028,35.1834271,340
Jenin,اليامون,روضة الفردوس,روضة الفردوس,,Al-Ferdaous Kindergarten,kindergarten,32.4921543,35.2341436,1004
Jenin,كفر راعي,صالة الاحلام,صالة الاحلام,,Al Ahlam Hall,museum,32.3771806,35.1565225,308
Jenin,الألمانية,قاعة النور للافراح,قاعة النور للافراح,,Al-Noor Wedding Hall,townhall,32.4695304,35.3092018,1207
Jenin,اليامون,مطعم السلام,مطعم السلام,,Al-Salam Restaurant,restaurant,32.4875572,35.2328479,494
Jenin,Jenin City,كوفي شوب,كوفي شوب,,Cafe,cafe,32.4636316,35.3042404,656
Jenin,عرابة,مقاير عرابة,مقاير عرابة,,Araba Graveyard,grave_yard,32.4060074,35.206886,367
Jenin,عرابة,مقاير عرابة,مقاير عرابة,,Araba Graveyard,grave_yard,32.4067742,35.1980739,550
Jenin,صانور,سوبر ماركت مرج صانور,سوبر ماركت مرج صانور,,Marj Sanur Supermarket,supermarket,32.352686,35.2480913,500
Jenin,سيلة الحارثية,قاعة البلد للافراح,قاعة البلد للافراح,Al Balad Hall For Parties,قاعة البلد للافراح,townhall,32.513076,35.229055,594
Jenin,اليامون,مسجد الارقم,مسجد الارقم,,Al Arkam Mosque,place_of_worship,32.4861501,35.2354128,573
Jenin,عنزة,جمعية عنزة الخيرية,جمعية عنزة الخيرية,,Charitable 'Anza Society,public_building,32.3592902,35.2219481,143
Jenin,فحمة,مدرسة بنات فحمة,مدرسة بنات فحمة,,Fahma School For Girls,school,32.3829316,35.1766784,298
Jenin,عرابة,صيدلية عرابة,صيدلية عرابة,,Arabeh Pharmacy,pharmacy,32.4055476,35.2036651,109
Jenin,اليامون,شركة مادلين للمقاولات,شركة مادلين للمقاولات,,Madeleine Contracting Company,public_building,32.4875832,35.2309025,424
Jenin,عجة,مكتب تكسي عجة,مكتب تكسي عجة,,'Ajja Taxi Office,taxi,32.3603054,35.1963916,155
Jenin,Jenin City,مطعم المنقل,مطعم المنقل,,Al-Manqal Restaurant,restaurant,32.4680711,35.3041502,925
Jenin,قباطية,مركز الامن الوطني,مركز الامن الوطني,,National Security Center,police,32.4154392,35.2889322,1061
Jenin,اليامون,ديوان ال فريحات,ديوان ال فريحات,,Al-Frehat Dewan,townhall,32.4835346,35.2319514,191
Jenin,عانين,مدرسة عانين الاساسية للبنين,مدرسة عانين الاساسية للبنين,'Anin Elementary School For Boys,مدرسة عانين الاساسية للبنين,school,32.5041274,35.1667605,332
Jenin,اليامون,صيدلية اليامون,صيدلية اليامون,,Al-Yamon Pharmacy,pharmacy,32.4853813,35.2304962,178
Jenin,عنزة,مسجد عمر المختار,مسجد عمر المختار,,Omar Al Mokhtar Mosque,place_of_worship,32.356148,35.2197341,372
Jenin,عانين,مقبرة,مقبرة,Cemetery,مقبرة,grave_yard,32.5039464,35.1647834,403
Jenin,سيلة الحارثية,مقبرة,مقبرة,Cemetery,مقبرة,grave_yard,32.508107,35.2253419,267
Jenin,برقين,مصنع لتعليب الزيوت,مصنع لتعليب الزيوت,,Factory For Oil Can,public_building,32.4572572,35.2467803,1307
Jenin,سيلة الحارثية,صيدلية مكة المكرمة,صيدلية مكة المكرمة,Makah Al Mokaramh Pharmacy,صيدلية مكة المكرمة,pharmacy,32.5087921,35.2281728,112
Jenin,عرابة,مدرسة بنات عرابة الاساسية للبنات,مدرسة بنات عرابة الاساسية للبنات,,Arabeh Elementary School For Girls,school,32.4083226,35.2035579,413
Jenin,اليامون,مختبر اليامون الطبي,مختبر اليامون الطبي,,Yamun Medical Lab,public_building,32.4885415,35.2294949,523
Jenin,عرابة,مني ماركت البركة,مني ماركت البركة,,Al Barakeh Minimarket,convenience,32.407535,35.1992531,503
Jenin,الرامة,خطير,خطير,,Grave,grave_yard,32.3549639,35.170748,128
Jenin,عرابة,ديوان ال لحلوح,ديوان ال لحلوح,,Lahloh Family Hall,townhall,32.4080162,35.2033817,379
Jenin,اليامون,مدرسة نسيبة المازنية للبنات,مدرسة نسيبة المازنية للبنات,,Nosaiba Al-mazenyah For Girls,school,32.4876354,35.2327742,497
Jenin,برقين,روضة الفارس,روضة الفارس,,Al-Fares Kindergarten,kindergarten,32.4511273,35.2627809,597
Jenin,جبع,مدرسة بنات جبع الاساسية,مدرسة بنات جبع الاساسية,,Jaba' School For Girls,school,32.3260009,35.2171259,487
Jenin,عرابة,الوكالة,الوكالة,,UNRWA,public_building,32.4018041,35.2087997,600
Jenin,كفر راعي,بلدية كفر راعي,بلدية كفر راعي,,Kafar Ra'ee Municipality,government,32.3747194,35.1529003,221
Jenin,Jenin City,مدرسة ذكور جنين الاساسية,مدرسة ذكور جنين الاساسية,,Jenin Elementary School For Boys,school,32.4649873,35.3014945,505
Jenin,عرابة,مني ماركت الكاسر,مني ماركت الكاسر,,Al Kaser Minimarket,convenience,32.4040158,35.2083119,472
Jenin,فحمة,اتحاد لجان المرأة,اتحاد لجان المرأة,,Women Union Society,public_building,32.3824453,35.182449,247
Jenin,ميثلون,ميني ماركت أبوعدي,ميني ماركت أبوعدي,Supermarket Oday,Abu Odai supermarket,supermarket,32.3469578,35.2709495,285
Jenin,مخيم جنين,مدرسة الوكالة,مدرسة الوكالة,,UNRWA School,school,32.4644989,35.2846695,551
Jenin,قباطية,مركز الهلال الاحمر,مركز الهلال الاحمر,,Red Crescent Center,emergency_access_point,32.4117318,35.2720532,790
Jenin,عانين,مدرسة عانين الاساسية للبنين,مدرسة عانين الاساسية للبنين,'Anin Elementary School For Boys,مدرسة عانين الاساسية للبنين,school,32.5047031,35.166396,403
Jenin,سيلة الحارثية,مركز سيلة الحارثية الثقافي,مركز سيلة الحارثية الثقافي,Selet Al Hartheyeh Cultural Center,مركز سيلة الحارثية الثقافي,arts_centre,32.5087645,35.2287454,122
Jenin,قباطية,سوبر ماركت البرنس,سوبر ماركت البرنس,,Albrence Supermarket,supermarket,32.4119523,35.2768916,401
Jenin,عجة,جمعية عجة الخيرية,جمعية عجة الخيرية,,Ejah Chritable Society,public_building,32.3550012,35.1945263,732
Jenin,اليامون,المسجد الكبير,المسجد الكبير,,Al-masjad Alkabeer,place_of_worship,32.4852796,35.2303093,162
Jenin,صير,مسجد صير,مسجد صير,,Sir Mosque,place_of_worship,32.3639693,35.3144269,69
Jenin,سيلة الحارثية,مسجد سيلة الحارثية,مسجد سيلة الحارثية,Selet Al Harthya Mosque,مسجد سيلة الحارثية,place_of_worship,32.508914,35.2289558,146
Jenin,سيلة الحارثية,مدرسة سيلة الحارثية للبنات,مدرسة سيلة الحارثية للبنات,Selet Al Harthya School For Girles,مدرسة سيلة الحارثية للبنات,school,32.5065887,35.2300932,224
Jenin,تعنك,مدرسة تعنك للبنات,مدرسة تعنك للبنات,Ta'naak School For Girls,مدرسة تعنك للبنات,school,32.5182314,35.2220308,123
Jenin,كفر راعي,جمعية زراعية,جمعية زراعية,,Agricultural Society,public_building,32.3720041,35.1574441,357
Jenin,سيلة الحارثية,مكتب تاكسي العامر,مكتب تاكسي العامر,Al-Amer Taxi Office,مكتب تاكسي العامر,taxi,32.5097012,35.2293393,240
Jenin,جلقموس,مجلس قروي جلقموس,مجلس قروي جلقموس,,Jalqamus Council,public_building,32.4270375,35.3673789,327
Jenin,سيلة الحارثية,عيادة وكالة الغوث,عيادة وكالة الغوث,UN Clinic,عيادة وكالة الغوث,hospital,32.510539,35.226509,344
Jenin,الرامة,معصرة السيد,معصرة السيد,,Al Sayed Presser,public_building,32.3651559,35.1723055,1015
Jenin,عرابة,مخبز ابو هنتش,مخبز ابو هنتش,,Abu Hantash Baker,bakery,32.4055033,35.2036457,103
Jenin,قباطية,بنك الاردن,بنك الاردن,Jordan Bank,بنك الاردن,bank,32.4123251,35.2778943,371
Jenin,قباطية,قباطية‎ مكتب بريد,قباطية‎ مكتب بريد,,Qabatiya Post Office,post_office,32.4132957,35.2812771,434
Jenin,عرابة,مسجد ابو جوهر,مسجد ابو جوهر,,Abu Johar Mosque,place_of_worship,32.405043,35.2028547,66
Jenin,مسلية,مسجد زيد ابن حارثة,مسجد زيد ابن حارثة,,Zaid Ibn Haretha Mosque,place_of_worship,32.3871524,35.2868555,148
Jenin,جبع,مخبز ابو يونس,مخبز ابو يونس,,Abu Yones Baker,bakery,32.3278256,35.2238342,496
Jenin,كفر راعي,مدرسة كفر راعي الاساسية للبنات,مدرسة كفر راعي الاساسية للبنات,,Kafr Ra'i Elementary School For Girls,school,32.3700527,35.1591367,626
Jenin,مخيم جنين,مسجد الرحمة,مسجد الرحمة,Al-Rahma Mosque,مسجد الرحمة,place_of_worship,32.4506058,35.2902904,1121
Jenin,جبع,مسجد المصطفى,مسجد المصطفى,,Almustafa mosque,place_of_worship,32.3295654,35.2251202,722
Jenin,سيلة الحارثية,مدرسة سيلة الحارثية الاساسية للبنات,مدرسة سيلة الحارثية الاساسية للبنات,Selet Al Harthya Elementary School For Girls,مدرسة سيلة الحارثية الاساسية للبنات,school,32.5098614,35.221955,627
Jenin,عجة,مجمع العجاوي,مجمع العجاوي,,Al Ajawi Collection,public_building,32.3527886,35.1952443,972
Jenin,عنزة,مجلس قروي عنزة,مجلس قروي عنزة,,'Anza Council,public_building,32.3573816,35.2206605,230
Jenin,سيلة الحارثية,مدرسة سيلة الحارثية الثانوية للبنات,مدرسة سيلة الحارثية الثانوية للبنات,,مدرسة سيلة الحارثية الثانوية للبنات,school,32.5074679,35.2310214,270
Jenin,سيلة الحارثية,مسجد عمر,مسجد عمر,Omar Mosque,مسجد عمر,place_of_worship,32.5094416,35.2321528,417
Jenin,ميثلون,مدرسة ميثلون,مدرسة ميثلون,,Meithalun School,school,32.34802,35.2685385,495
Jenin,الألمانية,محطة الحافي للغاز,محطة الحافي للغاز,,Al-Hafi Station,fuel,32.4694308,35.3084613,1256
Jenin,عجة,مسجد عجة الشمالي,مسجد عجة الشمالي,,Northern Ejah Mosque,place_of_worship,32.3612239,35.1949688,67
Jenin,كفر راعي,عيادة كفر راعي,عيادة كفر راعي,,Kafr Ra'i Clinic,doctors,32.3763143,35.154773,193
Jenin,قباطية,مدرسة وكالة الغوث للبنات,مدرسة وكالة الغوث للبنات,,UNWRA Girls School,school,32.411645,35.2753148,504
Jenin,كفر راعي,سوبرماركت الشمالي,سوبرماركت الشمالي,,Al Shamale Supermarket,supermarket,32.3746826,35.1557315,45
Jenin,كفر راعي,مدرسة كفر راعي للبنين,مدرسة كفر راعي للبنين,,Kafr Ra'i School For Boys,school,32.3762645,35.1560441,197
Jenin,الجديدة,ديوان آل الحاج محمد,ديوان آل الحاج محمد,,ديوان آل الحاج محمد,conference_centre,32.3310715,35.3043228,611
Jenin,سيريس,صالة الكيلاني,صالة الكيلاني,Alkelani Hall,صالة الكيلاني,townhall,32.3310879,35.2893953,374
Jenin,عنزة,ديوان ال عبيد,ديوان ال عبيد,,Obaad Family Hall,townhall,32.3594394,35.2209107,45
Jenin,سيلة الحارثية,مدرسة سيلة الحارثية الثانوية للذكور,مدرسة سيلة الحارثية الثانوية للذكور,Selet Al Harthya High School For Boys,مدرسة سيلة الحارثية الثانوية للذكور,school,32.5157825,35.2303173,912
Jenin,عرابة,مقاير عرابة,مقاير عرابة,,Araba Graveyard,grave_yard,32.4053057,35.198024,505
Jenin,كفر راعي,مسجد ابو بكر الصديق,مسجد ابو بكر الصديق,Abu Bakr Al-Siddiq Mosque,مسجد ابو بكر الصديق,place_of_worship,32.3774708,35.1571012,361
Jenin,عرابة,مخبز البركة,مخبز البركة,,Albaraka Baker,bakery,32.4062272,35.2107549,719
Jenin,مخيم جنين,المخابرات العسكرية,المخابرات العسكرية,,Military Inteligence,police,32.4500212,35.2911778,1202
Jenin,جبع,مركز شرطة,مركز شرطة,,Police Center,police,32.3295681,35.2251313,723
Jenin,بزارية,مطعم فلسطين,مطعم فلسطين,,Palestine Restaurant,restaurant,32.307425,35.1647679,81
Jenin,بزارية,باب الحارة كافيه,باب الحارة كافيه,,Bab Al Harah,cafe,32.3077448,35.1568617,805
Jenin,بزارية,مسجد بزاريا,مسجد بزاريا,,Bazaria,place_of_worship,32.3068674,35.1639896,177
Jenin,بزارية,مني ماركت,مني ماركت,,Minimarket,supermarket,32.3077674,35.1627177,255
Jenin,بزارية,محل للادوات الكهربية,محل للادوات الكهربية,,Shop For Electric,electronics,32.3073502,35.1682931,277
Jenin,بزارية,سوبر ماركت,سوبر ماركت,,Supermarket,supermarket,32.3069483,35.1651378,109
Jenin,بزارية,محل خضار,محل خضار,,Vegetabls Shop,supermarket,32.307646,35.1653691,29
Jenin,بزارية,مدرسة بزاريا الاساسية المختلطة,مدرسة بزاريا الاساسية المختلطة,,Bazaria Elemintary Mix School,school,32.3071711,35.1643041,133
Jenin,بزارية,جمعية بزاربا النسائية,جمعية بزاربا النسائية,,Bazaria Women Association,public_building,32.3087148,35.1620703,328
Jenin,بزارية,جمعية بزاريا التعاونية للثروة الحيوانية,جمعية بزاريا التعاونية للثروة الحيوانية,,Bazaria Co-Op. Association For Zoological Asset,public_building,32.3083282,35.1643042,115
Jenin,بزارية,محلات الاخوة للادوات المنزلية,محلات الاخوة للادوات المنزلية,,Brothers Shops,electronics,32.3075113,35.1689419,334
Jenin,بزارية,مطعم الباشا,مطعم الباشا,,Al Basha,restaurant,32.3073226,35.1640202,147
Jenin,بزارية,ملحمة ابو العبد,ملحمة ابو العبد,,Abu Al Abid,butcher,32.3074748,35.1677359,222
Jenin,بزارية,شركة الايمن للدواجن,شركة الايمن للدواجن,,Al Ayman Company,public_building,32.3055522,35.153931,1111
Jenin,بزارية,مني ماركت المختار,مني ماركت المختار,,Al Mukhtar Minimarket,supermarket,32.3078687,35.1657322,29
Jenin,بزارية,سوبر ماركت,سوبر ماركت,,Supermarket,supermarket,32.3075057,35.1688991,330
Jenin,بزارية,مدرسة بنات بزاريا الاساسية,مدرسة بنات بزاريا الاساسية,,Bazaria Elemintaryi School For Girls,school,32.307203,35.163185,224
Jenin,بزارية,روضة بزاريا الحديثة,روضة بزاريا الحديثة,,New Bazaria,kindergarten,32.3074483,35.1675946,210
Jenin,بزارية,صالون العندليب,صالون العندليب,,Al Andaleeb Saloon,hairdresser,32.3076065,35.1630896,222
Jenin,بزارية,مدرسة بزاريا الثانوية للبنين-قيد الانشاء,مدرسة بزاريا الثانوية للبنين-قيد الانشاء,,Bazaria Secondary School For Boys- Under Construction,school,32.3054956,35.1557966,943
Jenin,صيدا,عمر بن الخطاب,عمر بن الخطاب,,Omar Ibn Elkhatab,place_of_worship,32.3853285,35.1193973,34
Jenin,صيدا,بقالة,بقالة,,Supermarket,supermarket,32.3854802,35.1217615,241
Jenin,صيدا,مدرسة بنات صيدا الثانوية,مدرسة بنات صيدا الثانوية,,Saida Secondary School For Girls,school,32.3817105,35.1169782,429
Jenin,صيدا,بقالة,بقالة,,Supermarket,supermarket,32.385046,35.1188693,35
Jenin,صيدا,قاعة الشهداء,قاعة الشهداء,,Al Shohada' Hall,townhall,32.3836093,35.1175421,227
Jenin,صيدا,بقالة,بقالة,,Supermarket,supermarket,32.3859324,35.1202095,133
Jenin,صيدا,بقالة,بقالة,,Supermarket,supermarket,32.3856879,35.1219952,268
Jenin,صيدا,روضة الزهور,روضة الزهور,,Al Zohor,kindergarten,32.3847789,35.1171357,201
Jenin,صيدا,مدرسة صيدا الاساسية للذكور,مدرسة صيدا الاساسية للذكور,,Saida Elemintary School For Boys,school,32.3828122,35.1174789,300
Jenin,صيدا,مجلس قروي صيدا,مجلس قروي صيدا,,Saida Village Council,townhall,32.3835319,35.1174981,236
Jenin,صيدا,بقالة,بقالة,,Supermarket,supermarket,32.3856444,35.1204223,128
Jenin,صيدا,مدرسة ذكور صيدا الثانوية,مدرسة ذكور صيدا الثانوية,,Saida Secondary School For Boys,school,32.3824302,35.117338,342
Jenin,صيدا,بقالة,بقالة,,Supermarket,supermarket,32.3861683,35.1198427,136
Jenin,أم التوت,استراحة الشايق,استراحة الشايق,,Al Shaik,restaurant,32.3308248,35.1180972,479
Jenin,صيدا,مسجد الطريقة الخلاواتية,مسجد الطريقة الخلاواتية,,Al Tarekah Al Khalawatiyah,place_of_worship,32.3836812,35.1177426,208
Jenin,صيدا,مسجد دار القران الكريم,مسجد دار القران الكريم,,Dar Al Quran Al Karem,place_of_worship,32.3854503,35.1220034,263
Jenin,صيدا,مقر المجلس القروي الجديد لصيدا,مقر المجلس القروي الجديد لصيدا,,Saida New Village Council,townhall,32.3874752,35.1227404,424
Jenin,صيدا,بقالة,بقالة,,Supermarket,supermarket,32.385803,35.1197253,95
Jenin,صيدا,جمعية تنمية المرأة,جمعية تنمية المرأة,,Women Development Association,public_building,32.3853795,35.1191281,38
Jenin,صيدا,جمعية صيدا التعاونية,جمعية صيدا التعاونية,,Saida Co-Op Association,public_building,32.3843072,35.1180935,136
Jenin,مخيم جنين,مسجد,مسجد,,Mosque,place_of_worship,32.4624614,35.2885271,217
Jenin,مخيم جنين,مسجد,مسجد,,Mosque,place_of_worship,32.4626426,35.2889107,244
Jenin,مخيم جنين,مسجد,مسجد,,Mosque,place_of_worship,32.4602986,35.2855972,245
Jenin,مخيم جنين,مسجد,مسجد,,Al-Ansar Mosque,place_of_worship,32.459893,35.2902395,205
Jenin,رابا,مدرسة رابا الاساسية للبنات,مدرسة رابا الاساسية للبنات,,Raba Elementary School For Girls,school,32.3902286,35.3799397,264
Jenin,رابا,مدرسة رابا الاساسية للبنين,مدرسة رابا الاساسية للبنين,,Raba Elementary School For Boys,school,32.3893553,35.3807718,287
Jenin,رابا,جامع البلد,جامع البلد,,Al Balad Mosque,place_of_worship,32.3872638,35.3844893,645
Jenin,رابا,مسجد الفرحانة,مسجد الفرحانة,,Al Farhaneh Mosque,place_of_worship,32.3899604,35.3787226,167
Jenin,رابا,مجلس قروي رابا,مجلس قروي رابا,,Raba Council,townhall,32.3873622,35.3835751,559
Jenin,رابا,مدرسة رابا الثانوية للبنين,مدرسة رابا الثانوية للبنين,,Raba High School For Boys,school,32.388871,35.381077,306
Jenin,رابا,مدرسة رابا الثانوية للبنات,مدرسة رابا الثانوية للبنات,,Raba High School For Girls,school,32.3901048,35.3799673,257
Jenin,رابا,عيادة رابا,عيادة رابا,,Raba Clinic,hospital,32.3873129,35.3834272,547
Jenin,رابا,مسجد ابو بكر الصديق,مسجد ابو بكر الصديق,Abu Bakr Al-Siddiq Mosque,مسجد ابو بكر الصديق,place_of_worship,32.3897155,35.3684224,891
Jenin,تلفيت,تلفيت;مسجد تلفيت,تلفيت;مسجد تلفيت,,Telfit;Telfit Mosque,place_of_worship,32.4014415,35.3410453,326
Jenin,المغير,مدرسة المغير للبنين,مدرسة المغير للبنين,,Al Mughayyir School For Boys,school,32.4207111,35.3870615,112
Jenin,المغير,مجلس قروي المغير,مجلس قروي المغير,,Al Mughayyir Council,public_building,32.4214079,35.3872133,95
Jenin,المغير,مدرسة المغير الاساسية,مدرسة المغير الاساسية,,Al Mughayyir Elementary School,school,32.4210947,35.3866783,57
Jenin,المغير,مسجد المغيرة بن شعيب,مسجد المغيرة بن شعيب,,Al Mughayyir Ben Sho'aib Mosque,place_of_worship,32.4211599,35.3848673,128
Jenin,المغير,خطير,خطير,,Grave,grave_yard,32.4210739,35.3849365,125
Jenin,جلقموس,سوبر ماركت المجد,سوبر ماركت المجد,Al-Majd Supermarket,سوبر ماركت المجد,supermarket,32.4248979,35.3633204,122
Jenin,جلقموس,مدرسة الشهيد ياسرعرفات,مدرسة الشهيد ياسرعرفات,,Al Shaheed Yasser Arafat Mosque,place_of_worship,32.4266646,35.3630001,196
Jenin,جلقموس,مدارس جلقموس,مدارس جلقموس,,Jalqamus School,school,32.4258189,35.3635087,101
Jenin,جلقموس,مدرسة جلقموس للبنين,مدرسة جلقموس للبنين,,Jalqamus School For Boys,school,32.4266697,35.3631503,187
Jenin,دير أبو ضعيف,مسجد,مسجد,,Mosque,place_of_worship,32.4562479,35.3637895,116
Jenin,دير أبو ضعيف,مسجد دير ابو ضعيف,مسجد دير ابو ضعيف,,Deir Abu Da'if Mosque,place_of_worship,32.457006,35.3583961,598
Jenin,دير أبو ضعيف,عيادة ابوضعيف الطبية,عيادة ابوضعيف الطبية,,Abu Da'if Medical Clinic,hospital,32.4540876,35.3686992,422
Jenin,دير أبو ضعيف,مكتبة النور,مكتبة النور,,Alnoor Library,library,32.4546403,35.3646454,84
Jenin,دير أبو ضعيف,مدرسة دير ابو ضعيف للبنات,مدرسة دير ابو ضعيف للبنات,,Deir Abu Da'if Girls School,school,32.4577358,35.3615448,380
Jenin,دير أبو ضعيف,مسجد,مسجد,,Mosque,place_of_worship,32.4542957,35.3680154,353
Jenin,دير أبو ضعيف,جمعية ابو ضعيف الخيرية,جمعية ابو ضعيف الخيرية,,Abu Da'if Company,public_building,32.4553722,35.3639029,54
Jenin,دير أبو ضعيف,سوبر ماركت ابو زهرة,سوبر ماركت ابو زهرة,Abu Zahra Supermarket,Zahra Supermarket,supermarket,32.4554049,35.3639937,45
Jenin,فقوعة,مسجد اسامة بن زايد,مسجد اسامة بن زايد,,Osama Bin Zaied Mosque,place_of_worship,32.4891966,35.4005132,152
Jenin,فقوعة,الصالة الايطالية للافراح,الصالة الايطالية للافراح,,Aletalia Town Hall,townhall,32.4919819,35.3980859,330
Jenin,فقوعة,مدرسة فقوعة للبنين,مدرسة فقوعة للبنين,Faqqu'a School For Boys,Faqqu'a School For Boys,school,32.4899262,35.3967002,419
Jenin,فقوعة,مدرسة فقوعة الثانوية للبنات,مدرسة فقوعة الثانوية للبنات,,Faqqu'a School For Girls,school,32.4889671,35.3949878,599
Jenin,فقوعة,مسجد,مسجد,,Mosque,place_of_worship,32.491238,35.3986483,247
Jenin,فقوعة,مسجد الفرقان,مسجد الفرقان,,Al Forkan Mosque,place_of_worship,32.4914952,35.3985708,265
Jenin,فقوعة,صيدلية فقوعة,صيدلية فقوعة,,Faqqu'a Pharmacy,pharmacy,32.4906907,35.3994049,163
Jenin,فقوعة,مسجد ابو بكر,مسجد ابو بكر,Abu Bakr Mosque,مسجد ابو بكر,place_of_worship,32.4906444,35.4020642,91
Jenin,فقوعة,مسجد عمر بن الخطاب,مسجد عمر بن الخطاب,Omar Bin Al-Khattab Mosque,مسجد عمر بن الخطاب,place_of_worship,32.4941847,35.3928566,878
Jenin,فقوعة,موقف تكسيات فقوعة,موقف تكسيات فقوعة,,Faqqu'a Parking,parking,32.490647,35.3993749,165
Jenin,فقوعة,الجمعية التعاونية لتربية الاغنام,الجمعية التعاونية لتربية الاغنام,,Cooperative Association For Bredding Sheeps,public_building,32.4910939,35.4007543,77
Jenin,مسلية,مسجد الطرم,مسجد الطرم,,Al Tarem Mosque,place_of_worship,32.3919495,35.2759014,1301
Jenin,مسلية,مدرسة الطرم الاساسية للبنين,مدرسة الطرم الاساسية للبنين,,Al Tarem Elementary School For Boys,school,32.3890273,35.2756944,1195
Jenin,قباطية,مسجد الزهراء,مسجد الزهراء,,Alzahra' Mosque,place_of_worship,32.4027684,35.2787836,761
Jenin,قباطية,مسجد شهداء الحق,مسجد شهداء الحق,,Shouhada` Alhak Mosque,place_of_worship,32.4051949,35.2759484,617
Jenin,قباطية,سوبر ماركت احمد قاسم,سوبر ماركت احمد قاسم,,Ahmad Qasem Supermarket,supermarket,32.4061617,35.277246,458
Jenin,قباطية,مقبرة الشيخ ادم,مقبرة الشيخ ادم,,Alsheakh Aadam Graveyard,grave_yard,32.4070759,35.284079,466
Jenin,قباطية,مدرسة معاذ ابن جبل,مدرسة معاذ ابن جبل,,Moa'th Ibn Jabal School,school,32.406808,35.2805505,306
Jenin,قباطية,المسجد القديم,المسجد القديم,Old Mosque,المسجد القديم,place_of_worship,32.4097227,35.2803825,37
Jenin,قباطية,ديوان ال ابو الرب,ديوان ال ابو الرب,,Abu Alrob Dewan,public_building,32.4088038,35.2805133,91
Jenin,قباطية,مطعم الشلال,مطعم الشلال,,Alshalal Restaurant,restaurant,32.4099043,35.2793392,79
Jenin,قباطية,صيدلية الرأفة,صيدلية الرأفة,,Alra'fa Pharmacy,pharmacy,32.4100335,35.2810669,110
Jenin,قباطية,الاتحاد العام للمتعلمين,الاتحاد العام للمتعلمين,,Public Union For Learning,public_building,32.4103075,35.2814922,160
Jenin,قباطية,ديوان الزكارنة,ديوان الزكارنة,,Alzakarneh Dewan,public_building,32.4090294,35.2791555,101
Jenin,قباطية,مسجد صلاح الدين,مسجد صلاح الدين,Salah Al-Din Mosque,مسجد صلاح الدين,place_of_worship,32.4095081,35.2850144,465
Jenin,قباطية,سوبر ماركت ابو عثمان,سوبر ماركت ابو عثمان,,Kabatia Automatical Baker,bakery,32.4090941,35.2862481,583
Jenin,قباطية,مركز الشهيد,مركز الشهيد,,Alshaheed Center,public_building,32.4102659,35.2824448,239
Jenin,قباطية,مكتب تكسي الجليل,مكتب تكسي الجليل,,Aljaleel Taxi Office,taxi,32.4102352,35.2849935,470
Jenin,قباطية,كراج للسيارات,كراج للسيارات,,Car Parking,parking,32.4111296,35.2824849,289
Jenin,قباطية,سوالمة للاتصالات,سوالمة للاتصالات,,Sawalmeh Comminication,telephone,32.4100995,35.2836058,339
Jenin,قباطية,مركز قباطية الصحي,مركز قباطية الصحي,,Kabatya Health Center,hospital,32.4126688,35.2819593,392
Jenin,قباطية,مدرسة خولة بنت الازور,مدرسة خولة بنت الازور,,Khawla Bent Alazwa Girls School,school,32.4135126,35.2837985,565
Jenin,قباطية,مدرسة الشرقية للبنات,مدرسة الشرقية للبنات,Alsharkeya Girls School,مدرسة الشرقية للبنات,school,32.4126526,35.2840538,511
Jenin,قباطية,بنك فلسطين,بنك فلسطين,Bank of Palestine,بنك فلسطين,bank,32.4132731,35.2803276,417
Jenin,قباطية,محطة محروقات الاصهب,محطة محروقات الاصهب,,Alashab Fuel,fuel,32.412973,35.2795168,386
Jenin,قباطية,بلدية قباطية,بلدية قباطية,,Qabatia Municipility,public_building,32.4133592,35.281218,440
Jenin,قباطية,مدرسة عزت ابو الرب الثانوية,مدرسة عزت ابو الرب الثانوية,,Ezat Abu Ruob School,school,32.4128073,35.2785224,392
Jenin,قباطية,مسجد النور,مسجد النور,,Alnoor Mosque,place_of_worship,32.4071475,35.2752472,524
Jenin,قباطية,مدرسة وكالة الغوث للبنين,مدرسة وكالة الغوث للبنين,,UNRWA Boys School,school,32.4082922,35.2766408,349
Jenin,قباطية,مدرسة قباطية الغربية للبنات,مدرسة قباطية الغربية للبنات,,West Qabatia School For Girls,school,32.4075191,35.2746043,559
Jenin,مركة,مجلس قروي مركة,مجلس قروي مركة,,Mirka Council,public_building,32.3986907,35.2415837,347
Jenin,مركة,عيادة صحية,عيادة صحية,,Mirka Healthy Clinic,public_building,32.3987541,35.2413837,337
Jenin,مركة,مدرسة طورة الثانوية للبنين,مدرسة طورة الثانوية للبنين,,Tura High School For Boys,school,32.3962053,35.244281,524
Jenin,مركة,مدرسة مركة للبنين,مدرسة مركة للبنين,,Mirka School For boys,school,32.3986958,35.2410866,313
Jenin,مركة,خطير,خطير,,Grave,grave_yard,32.395968,35.2474837,826
Jenin,مركة,مسجد طورة الثاني,مسجد طورة الثاني,,Tora Mosque,place_of_worship,32.397945,35.236808,227
Jenin,مركة,مني ماركت البهاء,مني ماركت البهاء,,Al Baha' Minimarket,convenience,32.3970109,35.2410289,218
Jenin,مركة,مسجد عباد الرحمن,مسجد عباد الرحمن,,Ebad al Rahman Mosque,place_of_worship,32.3961608,35.2498017,1041
Jenin,مركة,المقبرة,المقبرة,,المقبرة,grave_yard,32.3965163,35.2360198,256
Jenin,مركة,مركز نسوي,مركز نسوي,,Women Center,public_building,32.397342,35.2366944,204
Jenin,الجلمة,ميني ماركت عاصم,ميني ماركت عاصم,Asem Minimarket,ميني ماركت عاصم,supermarket,32.5086795,35.3127192,54
Jenin,الجلمة,بقالة الجلمة,بقالة الجلمة,Aljalameh,بقالة الجلمة,supermarket,32.5075347,35.3147546,178
Jenin,الجلمة,عيادة الجلمة الصحية,عيادة الجلمة الصحية,Aljalameh clinic,عيادة الجلمة الصحية,emergency_access_point,32.5088607,35.3140663,85
Jenin,الجلمة,مسجد الجلمة,مسجد الجلمة,Masjid Aljalama,مسجد الجلمة,place_of_worship,32.5087215,35.3139749,71
Jenin,الجلمة,مدرسة بنات الجلمة,مدرسة بنات الجلمة,Aljalameh School For Girls,مدرسة بنات الجلمة,school,32.5074817,35.312762,124
Jenin,الجلمة,مقبرة الجلمة,مقبرة الجلمة,Al Jalameh Graveyard,مقبرة الجلمة,grave_yard,32.5087858,35.3140024,76
Jenin,الجلمة,بقالة ابومنير,بقالة ابومنير,Abumuneer,بقالة ابومنير,supermarket,32.5080467,35.3128565,64
Jenin,الجلمة,مدرسة الجلمة للذكور,مدرسة الجلمة للذكور,Aljalameh School For Boys,مدرسة الجلمة للذكور,school,32.5062579,35.317888,502
Jenin,عرانة,مقبرة,مقبرة,Cemetery,مقبرة,grave_yard,32.4984334,35.3212538,141
Jenin,عرانة,مدرسة عرانة الثانوية للذكور,مدرسة عرانة الثانوية للذكور,,Araneh High School For Boys,school,32.4975767,35.3193341,237
Jenin,عرانة,مجلس قروي عرانة,مجلس قروي عرانة,Araneh Council,مجلس قروي عرانة,public_building,32.497631,35.3191011,260
Jenin,عرانة,مسجد صحابة الرسول,مسجد صحابة الرسول,Sahabaet Al Rasool Mosque,مسجد صحابة الرسول,place_of_worship,32.4993702,35.3222283,237
Jenin,عرانة,روضة النور,روضة النور,Al Noor kindergarten,روضة النور,kindergarten,32.4978669,35.3224326,87
Jenin,عرانة,روضة براعم الايمان,روضة براعم الايمان,Bara'em Al Eman Kindergarten,روضة براعم الايمان,kindergarten,32.4966977,35.3226051,96
Jenin,عرانة,مدرسة بنات عرانة,مدرسة بنات عرانة,Arraneh School For Girls,مدرسة بنات عرانة,school,32.4973704,35.3198392,188
Jenin,عرانة,سوبرماركت الامير,سوبرماركت الامير,Al Amer Supermarket,سوبرماركت الامير,supermarket,32.4963786,35.3220794,101
Jenin,دير غزالة,مقبرة,مقبرة,,Grave,grave_yard,32.4962463,35.3500843,173
Jenin,دير غزالة,مدرسة دير غزال للبنات,مدرسة دير غزال للبنات,,Deir Ghazala School For Girls,school,32.4957576,35.3535685,163
Jenin,دير غزالة,مجلس قروي دير غزال,مجلس قروي دير غزال,,Deir Ghazala Council,public_building,32.4959176,35.3532664,136
Jenin,دير غزالة,مسجد دير غزال,مسجد دير غزال,,Deir Ghazala Mosque,place_of_worship,32.4961719,35.3503115,150
Jenin,دير غزالة,مدرسة دير غزال الثانوية للبنين,مدرسة دير غزال الثانوية للبنين,,Deir Ghazala High School For Boys,school,32.4966285,35.3550408,317
Jenin,دير غزالة,سوبر ماركت الحرية,سوبر ماركت الحرية,,Al Horya Supermarket,public_building,32.4961675,35.3502857,153
Jenin,دير غزالة,ميني ماركت الورود,ميني ماركت الورود,,Al Worod Minimarket,convenience,32.4956342,35.3499719,175
Jenin,عربونة,مسجد عربونة,مسجد عربونة,,Arabbuna Mosque,place_of_worship,32.5119536,35.3642587,96
Jenin,عربونة,مركز طبي,مركز طبي,,Medical Center,public_building,32.5110153,35.3628809,98
Jenin,عربونة,ممقبرة,ممقبرة,,Grave,grave_yard,32.5115846,35.3649855,112
Jenin,عربونة,مجلس قروي عربونة,مجلس قروي عربونة,Arabbuna Council,Arabbuna Council,public_building,32.5086225,35.3626714,303
Jenin,عربونة,مدرسة عربونة الاساسية المختلطة,مدرسة عربونة الاساسية المختلطة,Arabbuna Elementary School For Boys & Girles,Arabbuna Elementary School For Boys & Girles,school,32.5093831,35.3628219,220
Jenin,عربونة,مركز نسوي,مركز نسوي,Women's Center,Women's Center,public_building,32.5087056,35.3626938,294
Jenin,عربونة,وزارة الحكم المحلي,وزارة الحكم المحلي,Ministry Of Local Goverment,Ministry Of Local Goverment,public_building,32.5096005,35.363157,185
Jenin,اليامون,صيدلية عزت,صيدلية عزت,,Ezat Pharmacy,pharmacy,32.487008,35.2333898,477
Jenin,اليامون,مدرسة اليامون الاساسية للذكور,مدرسة اليامون الاساسية للذكور,,Al-Yamoun Elementary School For Boys,school,32.4868848,35.2336061,481
Jenin,اليامون,مني ماركت باب الحارة,مني ماركت باب الحارة,,Bab Alhara Minimarket,supermarket,32.4873564,35.2331105,490
Jenin,اليامون,مني ماركت القاسم,مني ماركت القاسم,,Al-Qasm Minimarket,supermarket,32.4827267,35.2314072,186
Jenin,اليامون,ديوان ال زايد,ديوان ال زايد,,Dewan Al- Zaid,townhall,32.4843966,35.2329348,287
Jenin,اليامون,سوبرماركت العودة,سوبرماركت العودة,,Al-A'oda Supermarket,supermarket,32.4839111,35.233417,326
Jenin,اليامون,دكان باب الحارة,دكان باب الحارة,,Bab -Al-Hara Shop,supermarket,32.482468,35.2227504,692
Jenin,اليامون,مسجد الشهيد عز الدين القسام,مسجد الشهيد عز الدين القسام,,Ez aldeen Al Qasam Mosque,place_of_worship,32.4850265,35.2261569,379
Jenin,اليامون,عز الدين القسام,عز الدين القسام,,Ez-Al-Din Al Qasam Mosque,place_of_worship,32.4848518,35.2251452,464
Jenin,اليامون,سوبر ماركت انور,سوبر ماركت انور,,Anwar Minimarket,supermarket,32.4851057,35.2262802,371
Jenin,اليامون,مسجد الاقصى,مسجد الاقصى,,Alaqsa Mosque,place_of_worship,32.4915955,35.2303712,862
Jenin,اليامون,مسجد معاذ بن جبل,مسجد معاذ بن جبل,,Moa's Bin Jabal Mosque,place_of_worship,32.4880568,35.2275107,520
Jenin,اليامون,مدرسة اليامون للذكور,مدرسة اليامون للذكور,,Al-Yamon School For Boys,school,32.4908397,35.2309493,783
Jenin,اليامون,مركز شرطة اليامون,مركز شرطة اليامون,,Al-Yamon Police Office,police,32.4902816,35.2325361,755
Jenin,برقين,سوبرماركت الحوف,سوبرماركت الحوف,,Al-Hof Supermarket,supermarket,32.4550389,35.2618232,168
Jenin,برقين,مسجدبرقين الكبير,مسجدبرقين الكبير,,Borken Big Mosque,place_of_worship,32.456077,35.2614426,75
Jenin,برقين,مطعم النور,مطعم النور,,Al-Noor Supermarket,supermarket,32.455559,35.2603566,75
Jenin,برقين,سوبرماركت النسر,سوبرماركت النسر,,Al-Naser Suprmarket,supermarket,32.4586585,35.2608066,275
Jenin,برقين,مسجد عمر بن الخطاب,مسجد عمر بن الخطاب,Omar Bin Al-Khattab Mosque,مسجد عمر بن الخطاب,place_of_worship,32.4554465,35.2619555,147
Jenin,برقين,بلدية برقين,بلدية برقين,,Borken Minicapilty,townhall,32.454139,35.2575138,373
Jenin,برقين,سوبرماركت الشايب,سوبرماركت الشايب,,Al Shayeb Supermarket,supermarket,32.454151,35.2623058,274
Jenin,برقين,كنيسة برقين,كنيسة برقين,Burkin Church,Borken Churche,place_of_worship,32.4575973,35.2600613,166
Jenin,برقين,مني ماركت الهدى,مني ماركت الهدى,,Al-Huda Minimarket,supermarket,32.45522,35.259382,161
Jenin,برقين,مكتب تكسي برقين,مكتب تكسي برقين,,Borken Taxi,taxi,32.4554858,35.2600966,94
Jenin,برقين,مدرسة برقين الاساسية للبنين,مدرسة برقين الاساسية للبنين,Burqin Elementary School Of Boyes,Borken Elementary School Of Boyes,school,32.4530058,35.2585968,403
Jenin,برقين,صيدلية برقين,صيدلية برقين,Burqin Pharmacy,Borken Pharmacy,pharmacy,32.4551114,35.259289,175
Jenin,برقين,محطة وقود,محطة وقود,,Burken Fuel,fuel,32.4583201,35.2598191,250
Jenin,برقين,صالة الورود للافراح,صالة الورود للافراح,,Al-Worod Town Hall,community_centre,32.4559876,35.2574067,306
Jenin,برقين,المسجد الغربي,المسجد الغربي,,Mosque,place_of_worship,32.4566565,35.2605153,54
Jenin,برقين,روضة برقين,روضة برقين,,Borken Kindergarten,kindergarten,32.4562904,35.2615064,81
Jenin,برقين,مخبز المجد,مخبز المجد,,Al-Majed Baker,bakery,32.4553992,35.2604511,90
Jenin,برقين,الكنيسة اللاتنية,الكنيسة اللاتنية,,The Latenet Churche,place_of_worship,32.456315,35.2601121,53
Jenin,برقين,عيادة برقين الطبية,عيادة برقين الطبية,,Borken Medical Clinic,clinic,32.4555758,35.2616502,115
Jenin,برقين,مدرسة برقين الثانوية للبنات,مدرسة برقين الثانوية للبنات,,Borken Secondary School For Girls,school,32.4526886,35.2624183,423
Jenin,برقين,جمعية سيدات جنين الخيرية,جمعية سيدات جنين الخيرية,,Borken Women Chartibal Socaity,social_facility,32.4555732,35.2616064,112
Jenin,Jenin City,خطير,خطير,,Grave,grave_yard,32.4302962,35.2670977,813
Jenin,Jenin City,أرسلت بواسطة سوبر ماركت,أرسلت بواسطة سوبر ماركت,,Yazan Supermarket,supermarket,32.4296207,35.2673599,775
Jenin,Jenin City,مدرسة الشهداء للبنين,مدرسة الشهداء للبنين,,'Shuhada School For Boys,school,32.431714,35.2735727,390
Jenin,Jenin City,مسجد الشهداء الجديد,مسجد الشهداء الجديد,,'Shuhada New Mosque,place_of_worship,32.429804,35.2765917,165
Jenin,Jenin City,مدرسة الشهداء للبنات,مدرسة الشهداء للبنات,,'Shuhada School For Girls,school,32.4268261,35.2749774,206
Jenin,Jenin City,روضة الشهداء,روضة الشهداء,,'Shuhada kindergarten,kindergarten,32.4278367,35.2754063,88
Jenin,قباطية,مفروشات نزال,مفروشات نزال,,Nazzal Furniture,convenience,32.4123015,35.2707947,923
Jenin,Jenin City,اسواق قباطية,اسواق قباطية,,Kabatya Shops,convenience,32.4182389,35.267249,1392
Jenin,قباطية,مسجد عمر بن عبد الخطاب,مسجد عمر بن عبد الخطاب,,Omar Ben Alkhatab Mosque,place_of_worship,32.4135475,35.2703828,1012
Jenin,الزبابدة,مدرسة الزبابدة الثانوية للبنات,مدرسة الزبابدة الثانوية للبنات,,مدرسة الزبابدة للبنات,school,32.3841089,35.3238104,186
Jenin,الزبابدة,ميني ماركت الجامعة,ميني ماركت الجامعة,,بقالة الجامعة,supermarket,32.3860415,35.3248327,71
Jenin,الزبابدة,كنيسة جاورجيوس,كنيسة جاورجيوس,,Jawarjious Church,place_of_worship,32.3871394,35.3245212,158
Jenin,الزبابدة,دير اللاتين,دير اللاتين,,Deir Allateen School,school,32.3878507,35.3246498,237
Jenin,الزبابدة,صيدلية الزبابدة,صيدلية الزبابدة,,صيدلية الزبابدة,pharmacy,32.3852935,35.3248108,80
Jenin,الزبابدة,بلدية الزبابدة,بلدية الزبابدة,,Zababdeh Municipality,townhall,32.3834247,35.3258792,306
Jenin,الزبابدة,سوبر ماركت فلسطين,سوبر ماركت فلسطين,,سوبر ماركت فلسطين,supermarket,32.3854521,35.3260204,178
Jenin,الألمانية,سوبر ماركت عناب,سوبر ماركت عناب,,Annab Supermarket,supermarket,32.464063,35.3134727,562
Jenin,الألمانية,المدارس الاسلامية,المدارس الاسلامية,,Islamic Schools,school,32.4648048,35.3122419,697
Jenin,الألمانية,مركز التدريب المهني,مركز التدريب المهني,,Vocational Training Center,school,32.4638481,35.3105387,828
Jenin,الألمانية,مخابز الاقصى الحديثة,مخابز الاقصى الحديثة,,Alaksa Alhadetha Baker,bakery,32.4640628,35.3135514,555
Jenin,الألمانية,روضة,روضة,,Kindergarten,kindergarten,32.4636832,35.3120924,681
Jenin,الألمانية,مدرسة الابراهيمية للبنات,مدرسة الابراهيمية للبنات,,Alibrahemeya Girls School,school,32.4639456,35.3113315,756
Jenin,الألمانية,المدارس الاسلامية الثانوية,المدارس الاسلامية الثانوية,,Islamic Secondary School,school,32.4639888,35.3119784,697
Jenin,الألمانية,صيدلية سارة,صيدلية سارة,,Sara Pharmacy,pharmacy,32.4640437,35.3126857,634
Jenin,Jenin City,جمعية المتقاعدين الخيرية,جمعية المتقاعدين الخيرية,,Association of Retired Military,public_building,32.4604979,35.3047734,694
Jenin,Jenin City,بنك القدس,بنك القدس,Al-Quds Bank,بنك القدس,bank,32.462492,35.2971287,79
Jenin,Jenin City,بنك فلسطين,بنك فلسطين,Bank of Palestine,بنك فلسطين,bank,32.4621064,35.296583,95
Jenin,Jenin City,مخبز السايح,مخبز السايح,,Alssayeh Baker,bakery,32.4618546,35.2969135,61
Jenin,Jenin City,النمر مول,النمر مول,,Alnemear Mall,supermarket,32.4635658,35.2969482,196
Jenin,Jenin City,البنك العربي,البنك العربي,Arab Bank,البنك العربي,bank,32.4623099,35.2977746,51
Jenin,Jenin City,جوال للاتصالات,جوال للاتصالات,,Jawwal Comminication,public_building,32.4634342,35.2971866,176
Jenin,Jenin City,روضة الايمان,روضة الايمان,,Al-Eman kindergarten,kindergarten,32.4659065,35.2987418,461
Jenin,Jenin City,مسجد النور,مسجد النور,,Al-Noor Mosque,place_of_worship,32.4648467,35.2989211,353
Jenin,Jenin City,مدرسة جنين الشرعية,مدرسة جنين الشرعية,,Al Sharia Jenin School,school,32.4672544,35.2990127,612
Jenin,Jenin City,صيدلية فراس,صيدلية فراس,,Feras Pharmacy,pharmacy,32.4654756,35.297282,400
Jenin,Jenin City,مدرسة الايمان,مدرسة الايمان,,Al-Eman School,school,32.4657144,35.2987941,441
Jenin,Jenin City,سوبر ماركت الهندي,سوبر ماركت الهندي,,Alhendi Supermarket,supermarket,32.4656835,35.2972958,423
Jenin,Jenin City,مطعم علي بابا,مطعم علي بابا,,Alibaba Restaurant,restaurant,32.4663983,35.2969387,505
Jenin,Jenin City,صالات الامير للافراح,صالات الامير للافراح,,Al-Ameer Town Hall,townhall,32.4672234,35.300053,638
Jenin,Jenin City,محطة الخالد للمحروقات,محطة الخالد للمحروقات,,Al Khaled Fuel,fuel,32.4680022,35.2972377,681
Jenin,Jenin City,سوبر ماركت ديلي,سوبر ماركت ديلي,,Daily Minimarket,supermarket,32.4687768,35.2965492,772
Jenin,Jenin City,مسجد ال اسعد,مسجد ال اسعد,Alas`ad Mosque,مسجد ال اسعد,place_of_worship,32.4584507,35.3010592,503
Jenin,Jenin City,بقالة المراح,بقالة المراح,,Almarah Kiosh,supermarket,32.4579764,35.3021691,613
Jenin,الألمانية,سوبر ماركت النسيم,سوبر ماركت النسيم,,Alnaseem Supermarket,supermarket,32.4641288,35.3147671,449
Jenin,الألمانية,مسجد خالد,مسجد خالد,,Khaled Mosque,place_of_worship,32.4581158,35.3127093,803
Jenin,الألمانية,ميني ماركت البيك,ميني ماركت البيك,,Albeak Minimarket,supermarket,32.45908,35.3125102,755
Jenin,الألمانية,مدرسة الامل,مدرسة الامل,,Alamal School,school,32.464133,35.3148422,442
Jenin,الألمانية,مسجد الزبير بن العوام,مسجد الزبير بن العوام,,Alzobair Bin Alawam Mosque,place_of_worship,32.4635799,35.3180126,149
Jenin,Jenin City,مسجد ابو بكر,مسجد ابو بكر,Abu Bakr Mosque,مسجد ابو بكر,place_of_worship,32.4570226,35.2970913,542
Jenin,Jenin City,مدرسة بنات جنين الاساسية,مدرسة بنات جنين الاساسية,,Jenin Elementary School For Girls,school,32.4581604,35.2970219,417
Jenin,Jenin City,ميني ماركت حكيم,ميني ماركت حكيم,,Hakeem Minimarket,supermarket,32.459162,35.2953507,367
Jenin,Jenin City,مدرسة بنات جنين الثانوية,مدرسة بنات جنين الثانوية,,Jenin Secondary Girls School,school,32.4598704,35.2961839,259
Jenin,Jenin City,مركز الامن الوقائي,مركز الامن الوقائي,,Police Security Center,police,32.4642531,35.2940999,419
Jenin,Jenin City,مخابز حسنين,مخابز حسنين,,Hasanien Baker,bakery,32.4658544,35.2926775,637
Jenin,Jenin City,سوبر ماركت المدينة المنورة,سوبر ماركت المدينة المنورة,,Almadina Almonawara Supermarket,supermarket,32.4641645,35.2941939,405
Jenin,مخيم جنين,مدرسة الزهراءللبنات,مدرسة الزهراءللبنات,,Alzahra` Girls School,school,32.4635487,35.2912865,444
Jenin,مخيم جنين,سوبر ماركت السنابل,سوبر ماركت السنابل,,Alsanabel Supermarket,supermarket,32.4632358,35.2911524,409
Jenin,Jenin City,استراحة اللؤلؤة,استراحة اللؤلؤة,,Allo'lo'a Lounge,biergarten,32.467394,35.2935224,721
Jenin,Jenin City,سوبر ماركت حمودة,سوبر ماركت حمودة,,Hamoda Supermarket,supermarket,32.4662624,35.2924521,684
Jenin,مخيم جنين,ميني ماركت ليلي,ميني ماركت ليلي,,Lili Minimarket,supermarket,32.4553239,35.2934531,761
Jenin,مخيم جنين,مدرسة الرياض,مدرسة الرياض,,Alreyad School,school,32.453121,35.286908,833
Jenin,عرانة,سوبر ماركت صناع الخير,سوبر ماركت صناع الخير,,Sonna Alkher Supermarket,supermarket,32.4873458,35.3000793,2320
Jenin,عرانة,سوبر ماركت دبلح,سوبر ماركت دبلح,,Dablah Supermarket,supermarket,32.4830585,35.3050612,2230
Jenin,عرانة,سوبر ماركت الحثناوي,سوبر ماركت الحثناوي,,Alhathnawi Street,supermarket,32.4846625,35.2995864,2514
Jenin,Jenin City,صالة عمرو,صالة عمرو,,Amr Hall,townhall,32.4834761,35.2996122,2409
Jenin,عرانة,مسجد الطاهرة خديجة,مسجد الطاهرة خديجة,,Altahera Khadeja Mosque,place_of_worship,32.4888286,35.2979281,2431
Jenin,Jenin City,بيتزا هت,بيتزا هت,Pizza Hut,Pizza Hut,restaurant,32.4772629,35.3004132,1731
Jenin,Jenin City,روضة الابرار,روضة الابرار,,Alabrar Kindergarten,kindergarten,32.4727309,35.3023797,1288
Jenin,Jenin City,مسجد عباد الرحمن,مسجد عباد الرحمن,,Ibad Alahman Mosque,place_of_worship,32.4726015,35.3024593,1277
Jenin,عرانة,مسجد محمد الفاتح,مسجد محمد الفاتح,,Mohammad Al Fateh Mosque,place_of_worship,32.4836982,35.3024176,2365
Jenin,Jenin City,سينما جنين,سينما جنين,,Cinema Jenin,cinema,32.4611361,35.2974903,83
Jenin,Jenin City,سينما جنين بيت الضيافة,سينما جنين بيت الضيافة,,Cinema Jenin Guesthouse,guest_house,32.4607106,35.2974689,131
Jenin,كفر راعي,مكتب بريد كفر رعى,مكتب بريد كفر رعى,,Kafr Rai Post Office,post_office,32.3752495,35.156163,110
Jenin,عين إبراهيم,القدس/الخندق,القدس/الخندق,A Quds/Al-Handaq,القدس/الخندق,bus_stop,32.530705,35.154796,977
Jenin,عين إبراهيم,القدس/الخندق,القدس/الخندق,A Quds/Al-Handaq,القدس/الخندق,bus_stop,32.530652,35.154558,962
Jenin,عين إبراهيم,المدينة/الشافعي,المدينة/الشافعي,El Medina/A-Shafa'i,المدينة/الشافعي,bus_stop,32.530937,35.153019,827
Jenin,عين إبراهيم,المدينة/الخندق,المدينة/الخندق,El Medina/Al-Handaq,المدينة/الخندق,bus_stop,32.529327,35.154223,1030
Jenin,عين إبراهيم,القدس/المدينة,القدس/المدينة,Al Quds/El Medina,القدس/المدينة,bus_stop,32.532285,35.150837,574
Jenin,عين إبراهيم,شارع 65/أم الفحم ب‘,شارع 65/أم الفحم ب‘,Road 65/Um al Fahm B,شارع 65/أم الفحم ب‘,bus_stop,32.527412,35.141502,1013
Jenin,عين إبراهيم,دوار الشهيد,دوار الشهيد,AlShahid Square,دوار الشهيد,bus_stop,32.53082,35.152875,825
Jenin,عين إبراهيم,شارع 65/مفرق أم الفحم,شارع 65/مفرق أم الفحم,Road 65/Um al Fahm Junction,شارع 65/مفرق أم الفحم,bus_stop,32.532844,35.147242,326
Jenin,عين إبراهيم,مفرق أم الفحم,مفرق أم الفحم,Um al Fahm Junction,مفرق أم الفحم,bus_stop,32.533601,35.148165,293
Jenin,Jenin City,الجامع الصغير,الجامع الصغير,,الجامع الصغير,place_of_worship,32.4593709,35.3026928,556
Jenin,Jenin City,North Gate,north gate,,North Gate,hotel,32.4703716,35.2934045,1021
Jenin,عين إبراهيم,الشواء والطابون,الشواء والطابون,,الشواء والطابون,restaurant,32.5312557,35.1518496,721
Jenin,عين إبراهيم,سن رايز,سن رايز,Sunrise,سن رايز,cafe,32.5314677,35.1508884,640
Jenin,عين إبراهيم,أبو رأس,أبو رأس,Abu Rass,أبو رأس,fast_food,32.5315359,35.1508345,631
Jenin,عين إبراهيم,دور الون,دور الون,Dor Alon,دور الون,fuel,32.5324675,35.1478162,384
Jenin,عين إبراهيم,مطعم عالمي,مطعم عالمي,Chalami,مطعم عالمي,restaurant,32.5325205,35.1482923,399
Jenin,عرابة,مسجد الشرق,مسجد الشرق,,East mosque,place_of_worship,32.4041192,35.2056825,227
Jenin,عرابة,مسقط رأس عرابة,مسقط رأس عرابة,,Arrabah hometown,government,32.4080829,35.2031745,386
Jenin,Jenin City,ابرة وخيط,ابرة وخيط,,ابرة وخيط,sewing,32.4626539,35.2973958,87
Jenin,Jenin City,ابرة وخيط 2,ابرة وخيط 2,,ابرة وخيط 2,sewing,32.4645505,35.3007135,418
Jenin,الزبابدة,صيدلية ميلاد,صيدلية ميلاد,,صيدلية ميلاد,pharmacy,32.385597,35.3230191,108
Jenin,الزبابدة,مشتل البركة,مشتل البركة,,مشتل البركة,garden_centre,32.3899018,35.32168,516
Jenin,مخيم جنين,مسرح الحرية,مسرح الحرية,,The Freedom Theatre,theatre,32.4633666,35.2872324,328
Jenin,Jenin City,مسجد جنين الكبير,مسجد جنين الكبير,Jenin Great Mosque,مسجد جنين الكبير,place_of_worship,32.4623997,35.3015227,376
Jenin,Jenin City,بيت البيت...,بيت البيت...,,Beit al Beit...,restaurant,32.4629543,35.2971547,125
Jenin,الزبابدة,صالون الأمل,صالون الأمل,,صالون الأمل,hairdresser,32.3847725,35.3256208,176
Jenin,الزبابدة,ميني ماركت السعيد للمشروبات الروحية,ميني ماركت السعيد للمشروبات الروحية,,ميني ماركت السعيد للمشروبات الروحية,alcohol,32.3845846,35.3249852,152
Jenin,الزبابدة,أزياء حكم,أزياء حكم,,أزياء حكم,clothes,32.3845347,35.3250817,161
Jenin,الزبابدة,سوبر ماركت راني,سوبر ماركت راني,,سوبر ماركت راني,supermarket,32.3873456,35.3200472,424
Jenin,الزبابدة,شركة الزبابدة لتأجير السيارات,شركة الزبابدة لتأجير السيارات,,شركة الزبابدة لتأجير السيارات,car,32.3883019,35.3161459,804
Jenin,الزبابدة,منتزه بلدية الزبابدة,منتزه بلدية الزبابدة,,منتزه بلدية الزبابدة,theme_park,32.3892578,35.315117,934
Jenin,الزبابدة,مطعم السلطان ابراهيم,مطعم السلطان ابراهيم,,مطعم السلطان ابراهيم,restaurant,32.3853186,35.3243803,53
Jenin,الزبابدة,سوبر ماركت أيمن,سوبر ماركت أيمن,,super market ayman,supermarket,32.3830238,35.3236554,308
Jenin,الزبابدة,صالون رانيا للسيدات,صالون رانيا للسيدات,,صالون رانيا للسيدات,hairdresser,32.3855166,35.3243037,30
Jenin,الزبابدة,سوبر ماركت الرحمة,سوبر ماركت الرحمة,,super market al-rahma,supermarket,32.3824303,35.3240363,370
Jenin,الزبابدة,مخيطة فيكتوريا,مخيطة فيكتوريا,,مخيطة فيكتوريا,clothes,32.3859767,35.3232803,86
Jenin,الزبابدة,سوبر ماركت التقوى,سوبر ماركت التقوى,,super market al-taqwa,supermarket,32.3817508,35.3241758,445
Jenin,الزبابدة,دراي كلين سارة,دراي كلين سارة,,دراي كلين سارة,laundry,32.3843352,35.3254233,198
Jenin,الزبابدة,صيدلية الجامعة,صيدلية الجامعة,,صيدلية الجامعة,pharmacy,32.3842889,35.3255161,207
Jenin,الزبابدة,ناريمان فاشن,ناريمان فاشن,,ناريمان فاشن,clothes,32.3844246,35.3255947,200
Jenin,الزبابدة,صالون ازدهار,صالون ازدهار,,صالون ازدهار,hairdresser,32.3860657,35.3246964,61
Jenin,الزبابدة,مطعم بلدنا,مطعم بلدنا,,baladna resturant,fast_food,32.3861685,35.324643,65
Jenin,الزبابدة,معرض فلسطين للأثاث,معرض فلسطين للأثاث,,معرض فلسطين للأثاث,laundry,32.384577,35.3257836,201
Jenin,الزبابدة,دراي كلين رنا ستيم,دراي كلين رنا ستيم,,دراي كلين رنا ستيم,laundry,32.3845098,35.3257556,204
Jenin,الزبابدة,سوبر ماركت ابو اشرف,سوبر ماركت ابو اشرف,,super market abu-ashraf,supermarket,32.3813251,35.3242201,493
Jenin,الزبابدة,صالون تمارا,صالون تمارا,,Tamara Salon,hairdresser,32.3863414,35.3245672,76
Jenin,الزبابدة,غابي,غابي,,gaby,supermarket,32.3862501,35.3247583,79
Jenin,الزبابدة,عيادة الانجليكانية,عيادة الانجليكانية,,anglican clinic,hospital,32.386482,35.3249351,109
Jenin,الزبابدة,شركة غنام للخراطة و الاستيراد,شركة غنام للخراطة و الاستيراد,,شركة غنام للخراطة و الاستيراد,car_repair,32.3857731,35.31853,528
Jenin,الزبابدة,مرام للاحذية,مرام للاحذية,,مرام للاحذية,clothes,32.3865982,35.3239282,96
Jenin,الزبابدة,صالونن رعد للرجال,صالونن رعد للرجال,,صالونن رعد للرجال,hairdresser,32.3865846,35.324065,92
Jenin,الزبابدة,مكتبة جوني للقرطاسية,مكتبة جوني للقرطاسية,,مكتبة جوني للقرطاسية,books,32.3868836,35.3241132,125
Jenin,الزبابدة,صالون علاء للرجال,صالون علاء للرجال,,صالون علاء للرجال,hairdresser,32.3860477,35.3237244,52
Jenin,الزبابدة,مخبز الزبابدة الحديث,مخبز الزبابدة الحديث,,مخبز الزبابدة الحديث,bakery,32.3860183,35.3228661,125
Jenin,الزبابدة,كنيسة مارجواجيوس الارثودكسية,كنيسة مارجواجيوس الارثودكسية,,كنيسة مارجواجيوس الارثودكسية,place_of_worship,32.3864418,35.3236841,88
Jenin,الزبابدة,مخيطة ابو مايكل,مخيطة ابو مايكل,,مخيطة ابو مايكل,clothes,32.3858484,35.3236789,46
Jenin,الزبابدة,انيسة للملابس,انيسة للملابس,,انيسة للملابس,clothes,32.3858051,35.3235242,60
Jenin,الزبابدة,صالون هيام للسيدات,صالون هيام للسيدات,,صالون هيام للسيدات,hairdresser,32.3857533,35.3232256,87
Jenin,الزبابدة,الطيبة ماركت,الطيبة ماركت,,الطيبة ماركت,supermarket,32.3849175,35.3242717,94
Jenin,الزبابدة,سوبرماركت حمودة,سوبرماركت حمودة,,سوبرماركت حمودة,supermarket,32.3847273,35.3247464,127
Jenin,الزبابدة,مؤسسة النور,مؤسسة النور,,مؤسسة النور,supermarket,32.3846888,35.3245081,123
Jenin,الزبابدة,مقهى مارينا,مقهى مارينا,,Marina cafe,cafe,32.385325,35.3231192,109
Jenin,الزبابدة,مكتب تاكسي السارة,مكتب تاكسي السارة,,مكتب تاكسي السارة,taxi,32.3851282,35.3235018,93
Jenin,الزبابدة,طوني لتصليح السيارات,طوني لتصليح السيارات,,طوني لتصليح السيارات,car_repair,32.385291,35.3233874,89
Jenin,الزبابدة,ابو عنان للاحذية و الملابس الرجالية,ابو عنان للاحذية و الملابس الرجالية,,ابو عنان للاحذية و الملابس الرجالية,clothes,32.3853159,35.3233016,94
Jenin,الزبابدة,بيتر للمشروبات الروحية,بيتر للمشروبات الروحية,,بيتر للمشروبات الروحية,alcohol,32.3852094,35.3232829,102
Jenin,الزبابدة,ميني ماركت جابي,ميني ماركت جابي,,ميني ماركت جابي,supermarket,32.3853592,35.3232202,98
Jenin,الزبابدة,مطعم ابو يوسف الشعبي,مطعم ابو يوسف الشعبي,,مطعم ابو يوسف الشعبي,restaurant,32.3854637,35.3231071,104
Jenin,الزبابدة,عبد الكريم للدواجن,عبد الكريم للدواجن,,عبد الكريم للدواجن,butcher,32.3844699,35.3242599,143
Jenin,الزبابدة,ريان للسيدات,ريان للسيدات,,ريان للسيدات,hairdresser,32.3841757,35.324139,176
Jenin,الزبابدة,الفحل سوبر ماركت,الفحل سوبر ماركت,,الفحل سوبر ماركت,supermarket,32.3840636,35.3243281,189
Jenin,الزبابدة,مكتبة الشروق,مكتبة الشروق,,مكتبة الشروق,books,32.3843364,35.324367,159
Jenin,الزبابدة,فيليمون ماركت,فيليمون ماركت,,فيليمون ماركت,toys,32.3845062,35.324904,156
Jenin,الزبابدة,سليم لتصليح الاجهزة,سليم لتصليح الاجهزة,,سليم لتصليح الاجهزة,hifi,32.385468,35.3233168,85
Jenin,الزبابدة,منذر للتحف,منذر للتحف,,منذر للتحف,gift,32.3855379,35.3234061,75
Jenin,Jenin City,مرحبا مطعم,مرحبا مطعم,,Bonjour Restaurant,restaurant,32.4618336,35.2978567,28
Jenin,Jenin City,مطعم بروست الطازج,مطعم بروست الطازج,,Restaurant Proust fresh,restaurant,32.4617341,35.2984789,87
Jenin,Jenin City,مطعم المجد,مطعم المجد,,Glory Restaurant,restaurant,32.4613991,35.2993051,172
Jenin,Jenin City,مطعم +,مطعم +,,A+ Restaurant,restaurant,32.4618246,35.2972129,34
Jenin,Jenin City,بنك القدس,بنك القدس,Al-Quds Bank,بنك القدس,bank,32.4624307,35.296809,94
Jenin,Jenin City,مطعم اوتار,مطعم اوتار,,Uttar Restaurant,restaurant,32.4615711,35.2973417,41
Jenin,Jenin City,مطعم الأقصى,مطعم الأقصى,,Restaurant Aqsa,restaurant,32.4612719,35.3008752,318
Jenin,Jenin City,مطعم الامباشي,مطعم الامباشي,,Restaurant Alambashi,restaurant,32.4610732,35.3010753,341
Jenin,Jenin City,مطعم زيدان,مطعم زيدان,,Restaurant Zidane,restaurant,32.4613991,35.301365,360
Jenin,الجديدة,مدرسة الجديدة الأساسية للبنات,مدرسة الجديدة الأساسية للبنات,,مدرسة الجديدة الأساسية للبنات,school,32.3355987,35.2994651,102
Jenin,برقين,مسجد الشام,مسجد الشام,,Shaman Mosque,place_of_worship,32.4568127,35.254201,610
Jenin,الزبابدة,Arena Resturant& Cafe,Arena Resturant& Cafe,,Arena Resturant& Cafe,cafe,32.3843048,35.3252468,191
Jenin,الزبابدة,سوبر ماركت كمال,سوبر ماركت كمال,,سوبر ماركت كمال,supermarket,32.384127,35.3255912,226
Jenin,الزبابدة,صالون رمزي للرجال,صالون رمزي للرجال,,صالون رمزي للرجال,hairdresser,32.383741,35.326269,299
Jenin,الزبابدة,قهوة,قهوة,,قهوة,cafe,32.3844543,35.3249947,165
Jenin,الزبابدة,مجمدات و البان الشمال,مجمدات و البان الشمال,,مجمدات و البان الشمال,supermarket,32.3839277,35.3259399,263
Jenin,الزبابدة,محمص,محمص,,محمص,supermarket,32.3843738,35.3251274,179
Jenin,الزبابدة,مطعم صبابا,مطعم صبابا,,مطعم صبابا,restaurant,32.386536,35.3228661,149
Jenin,الزبابدة,معرض فلسطين للكوزمتكس,معرض فلسطين للكوزمتكس,,معرض فلسطين للكوزمتكس,gift,32.3852416,35.3244861,65
Jenin,الزبابدة,مكتبة جليل,مكتبة جليل,,مكتبة جليل,library,32.3869174,35.3228883,176
Jenin,الزبابدة,ميني ماركت رياض العرب,ميني ماركت رياض العرب,,ميني ماركت رياض العرب,supermarket,32.3842131,35.3254197,209
Jenin,الزبابدة,سوبر ماركت ابو ثائر,سوبر ماركت ابو ثائر,,سوبر ماركت ابو ثائر,supermarket,32.3870806,35.3240382,148
Jenin,الزبابدة,سوبر ماركت ابو قيس,سوبر ماركت ابو قيس,,سوبر ماركت ابو قيس,supermarket,32.3838051,35.32637,301
Jenin,الزبابدة,مؤسسة السعدي الاستهلاكية,مؤسسة السعدي الاستهلاكية,,مؤسسة السعدي الاستهلاكية,supermarket,32.3844201,35.32571,208
Jenin,الزبابدة,بقالة ام جبران,بقالة ام جبران,,بقالة ام جبران,supermarket,32.3868563,35.3239927,123
Jenin,الزبابدة,صالون ام نزار للسيدات,صالون ام نزار للسيدات,,صالون ام نزار للسيدات,hairdresser,32.3871621,35.3240732,156
Jenin,الزبابدة,بطرس للمشروبات الروحية,بطرس للمشروبات الروحية,,بطرس للمشروبات الروحية,alcohol,32.3880454,35.3228875,281
Jenin,الزبابدة,يقالة ايمن,يقالة ايمن,,يقالة ايمن,supermarket,32.3881044,35.3227426,293
Jenin,الزبابدة,صالح لاطارات السيارات,صالح لاطارات السيارات,,صالح لاطارات السيارات,car_repair,32.3852638,35.3234626,85
Jenin,الزبابدة,صالون محمد للرجال,صالون محمد للرجال,,صالون محمد للرجال,hairdresser,32.3852321,35.3235457,82
Jenin,الزبابدة,كهربائي سيارات,كهربائي سيارات,,كهربائي سيارات,car_repair,32.3852005,35.3236393,79
Jenin,الزبابدة,كوفي شوب مورو,كوفي شوب مورو,,كوفي شوب مورو,cafe,32.3856942,35.3229742,111
Jenin,الزبابدة,سوبر ماركت البلد,سوبر ماركت البلد,,سوبر ماركت البلد,supermarket,32.3866593,35.3228608,158
Jenin,الزبابدة,سوبر ماركت بسام,سوبر ماركت بسام,,سوبر ماركت بسام,supermarket,32.3855289,35.3230529,107
Jenin,الزبابدة,بقالة بشار,بقالة بشار,,بقالة بشار,supermarket,32.3891099,35.3231252,385
Jenin,الزبابدة,مطعم 3 في 1,مطعم 3 في 1,,3 in 1 Resturant,restaurant,32.3851982,35.3246106,75
Jenin,الزبابدة,صالون تولا لسيدات,صالون تولا لسيدات,,صالون تولا لسيدات,hairdresser,32.3879096,35.3232927,253
Jenin,الزبابدة,سوبر ماركت ابو نضال,سوبر ماركت ابو نضال,,سوبر ماركت ابو نضال,supermarket,32.3877735,35.3234249,235
Jenin,الزبابدة,مشغل الهناء للخياطة,مشغل الهناء للخياطة,,مشغل الهناء للخياطة,clothes,32.3847839,35.3259588,201
Jenin,الزبابدة,ملحمة ابو علاء,ملحمة ابو علاء,,ملحمة ابو علاء,butcher,32.385683,35.3246418,46
Jenin,الزبابدة,مطعم فينوس,مطعم فينوس,,مطعم فينوس,restaurant,32.3849241,35.3260348,199
Jenin,الزبابدة,مشغل هيثم للخياطة,مشغل هيثم للخياطة,,مشغل هيثم للخياطة,clothes,32.3861042,35.3244629,48
Jenin,الزبابدة,ملحمة بسيل,ملحمة بسيل,,ملحمة بسيل,butcher,32.3852573,35.3232042,105
Jenin,الزبابدة,مكتبة رامي,مكتبة رامي,,مكتبة رامي,library,32.385171,35.3233739,98
Jenin,الزبابدة,حلويات سان ريمو,حلويات سان ريمو,,حلويات سان ريمو,confectionery,32.3857556,35.3253097,108
Jenin,الزبابدة,يعقوب للتجارة,يعقوب للتجارة,,يعقوب للتجارة,supermarket,32.3849274,35.3240712,93
Jenin,الزبابدة,حلويات الزبابدة,حلويات الزبابدة,,حلويات الزبابدة,confectionery,32.384024,35.3259682,257
Jenin,الزبابدة,ملحمة ستايتي,ملحمة ستايتي,,ملحمة ستايتي,butcher,32.3848687,35.3241873,99
Jenin,الزبابدة,برادايس اكس بوكس,برادايس اكس بوكس,Paradice xbox,برادايس اكس بوكس,restaurant,32.3840897,35.3258717,246
Jenin,الزبابدة,صالون احمد ارشيد,صالون احمد ارشيد,,صالون احمد ارشيد,hairdresser,32.3849979,35.3239031,88
Jenin,الزبابدة,بقالة محمود ابو زينة,بقالة محمود ابو زينة,,بقالة محمود ابو زينة,supermarket,32.3833092,35.3250389,285
Jenin,الزبابدة,كراج ايلي,كراج ايلي,,كراج ايلي,car_repair,32.3919921,35.3210196,753
Jenin,الزبابدة,الساحلية لتجارة السيارات,الساحلية لتجارة السيارات,,الساحلية لتجارة السيارات,car,32.3921471,35.3210047,770
Jenin,الزبابدة,محلات توفيق لمواد البناء,محلات توفيق لمواد البناء,,محلات توفيق لمواد البناء,doityourself,32.3879018,35.3227792,271
Jenin,الزبابدة,شارلي,شارلي,,شارلي,marketplace,32.387572,35.3227779,240
Jenin,الزبابدة,السوق الشعبي,السوق الشعبي,,السوق الشعبي,marketplace,32.3878166,35.3227806,263
Jenin,الزبابدة,مراد لمواد البناء,مراد لمواد البناء,,مراد لمواد البناء,doityourself,32.3877307,35.3227779,255
Jenin,الزبابدة,مغسلة عواد,مغسلة عواد,,مغسلة عواد,car_wash,32.3887703,35.3223779,374
Jenin,الزبابدة,مكتب تكسي الاجنحة الذهبية,مكتب تكسي الاجنحة الذهبية,,مكتب تكسي الاجنحة الذهبية,taxi,32.3851099,35.3238799,76
Jenin,الزبابدة,مغسلة خرعوبا,مغسلة خرعوبا,,مغسلة خرعوبا,car_wash,32.3932206,35.3208824,885
Jenin,الزبابدة,محلات الفحل لمواد البناء و الادوات الصحية,محلات الفحل لمواد البناء و الادوات الصحية,,محلات الفحل لمواد البناء و الادوات الصحية,doityourself,32.3837794,35.32621,292
Jenin,الزبابدة,كراج الشرق,كراج الشرق,,كراج الشرق,car_repair,32.3837048,35.326328,306
Jenin,Jenin City,وزارة العدل,وزارة العدل,,وزارة العدل,government,32.4665391,35.2925403,700
Jenin,سيريس,صالون ايمن للرجال,صالون ايمن للرجال,Ayman saloon for men,صالون ايمن للرجال,hairdresser,32.3297069,35.2910911,189
Jenin,سيريس,سوبر ماركت سيف الدين,سوبر ماركت سيف الدين,Seif-Eldeen Supermarket,سوبر ماركت سيف الدين,supermarket,32.3305943,35.2902952,295
Jenin,سيريس,سوبر ماركت المختار,سوبر ماركت المختار,Al-Mokhtar Supermarket,سوبر ماركت المختار,supermarket,32.3276188,35.2903429,75
Jenin,سيريس,حلويات النور,حلويات النور,Al-Nour Sweets,حلويات النور,confectionery,32.3286119,35.2937203,265
Jenin,سيريس,شراكة المختار للملابس,شراكة المختار للملابس,Al-Mokhtar for clothes,شراكة المختار للملابس,clothes,32.3290044,35.292606,188
Jenin,سيريس,ميني ماركت مراد,ميني ماركت مراد,Morad Mini-Market,ميني ماركت مراد,supermarket,32.3298958,35.2952439,451
Jenin,سيريس,ميني ماركت بلال,ميني ماركت بلال,Mini Market Bilal,ميني ماركت بلال,supermarket,32.3278586,35.2904149,57
Jenin,سيريس,مطعم الرشيد - ابو الطاهر,مطعم الرشيد - ابو الطاهر,Al-Rasheed Restaurant,مطعم الرشيد - ابو الطاهر,restaurant,32.3273355,35.2900846,114
Jenin,سيريس,عادل ابو الاسد للسيارات,عادل ابو الاسد للسيارات,Adel Abu Elasad for cars,عادل ابو الاسد للسيارات,car,32.3273697,35.2959918,475
Jenin,سيريس,روضة سيريس,روضة سيريس,Siris Nursary,روضة سيريس,childcare,32.325638,35.2882475,369
Jenin,سيريس,ستارفون للاتصالات,ستارفون للاتصالات,Star Phone for telecommunication,ستارفون للاتصالات,mobile_phone,32.3299922,35.2912212,222
Jenin,سيريس,مطعم باسل المعايطة,مطعم باسل المعايطة,Basel Maayta Restaurant,مطعم باسل المعايطة,restaurant,32.3287032,35.2933336,233
Jenin,سيريس,عيادة الدكتور أسامة فقها,عيادة الدكتور أسامة فقها,Dr. Osama Fuqha,عيادة الدكتور أسامة فقها,clinic,32.3298807,35.2918765,224
Jenin,سيريس,معرض جهاد عواد للكهربائيات,معرض جهاد عواد للكهربائيات,Jihad Awwad for electronics,معرض جهاد عواد للكهربائيات,electronics,32.3273665,35.2966511,536
Jenin,سيريس,سوبر ماركت الشعب,سوبر ماركت الشعب,Al-Sha'b supermarket,سوبر ماركت الشعب,supermarket,32.3280972,35.2900506,89
Jenin,سيريس,صالون اسلام للرجال,صالون اسلام للرجال,Islam saloon for men,صالون اسلام للرجال,hairdresser,32.3272419,35.2903191,106
Jenin,سيريس,سوبر ماركت الايمان,سوبر ماركت الايمان,Al-Eman Supermarket,سوبر ماركت الايمان,supermarket,32.3297541,35.2915595,201
Jenin,سيريس,سوبر ماركت التوفير,سوبر ماركت التوفير,Sallet Al-Tawfeer Super Market,سوبر ماركت التوفير,supermarket,32.3285758,35.2936614,258
Jenin,سيريس,المشاريق لمواد البناء والدهانات,المشاريق لمواد البناء والدهانات,Al-Mashareeq for Building Materials and Paints,المشاريق لمواد البناء والدهانات,yes,32.329983,35.2908858,220
Jenin,عرانة,أنظمة القمة,أنظمة القمة,,ALQemma Systems,department_store,32.4870161,35.298603,2459
Jenin,سيريس,حلويات النور,حلويات النور,Al-Nour Sweets,حلويات النور,confectionery,32.328536,35.2937368,264
Jenin,ميثلون,الدوار,الدوار,,Ad Dawwar,mini_roundabout,32.3492063,35.2733652,160
Jenin,ميثلون,بنك فلسطين,بنك فلسطين,Bank of Palestine,بنك فلسطين,bank,32.34851,35.2683657,517
Jenin,ميثلون,الطاسه,الطاسه,,At Tassi,supermarket,32.3495443,35.2715276,288
Jenin,ميثلون,دجاج مقلي,دجاج مقلي,,Fried Chicken,fast_food,32.3494903,35.2722888,234
Jenin,ميثلون,حمص وفلافل,حمص وفلافل,,Humus & Falafel,fast_food,32.3495398,35.272736,216
Jenin,ميثلون,كمبيوتر وجوال,كمبيوتر وجوال,,PC & Mobile,computer,32.3493914,35.2732843,182
Jenin,ميثلون,أثاث,أثاث,,Furniture,furniture,32.349162,35.2735824,151
Jenin,ميثلون,غسيل سيارات,غسيل سيارات,,Car Wash,car_wash,32.3489642,35.273412,133
Jenin,ميثلون,الصادق للكمبيوتر,الصادق للكمبيوتر,,PC,computer,32.3485145,35.2744713,99
Jenin,ميثلون,الصادق للتصالات,الصادق للتصالات,,Mobile Phone Shop,mobile_phone,32.3474082,35.2703885,324
Jenin,ميثلون,بناشر,بناشر,,Tires,car_repair,32.3475026,35.2701277,347
Jenin,ميثلون,بناشر,بناشر,,Tire Repair,car_repair,32.3483301,35.2746097,94
Jenin,ميثلون,عساف ميني ماركت,عساف ميني ماركت,,Assaf Minimarket,supermarket,32.347714,35.2751953,131
Jenin,ميثلون,ميني ماركت الفرسان,ميني ماركت الفرسان,,Al-Fursan Minimarket,supermarket,32.3474532,35.2750249,121
Jenin,ميثلون,حلاق,حلاق,,Barber Shop,hairdresser,32.3478084,35.2748599,99
Jenin,ميثلون,حلاق,حلاق,,Barber,hairdresser,32.3494993,35.272358,231
Jenin,ميثلون,مستشفى ولادة,مستشفى ولادة,,Maternity Hospital,hospital,32.34994,35.2752911,274
Jenin,ميثلون,مجلس سيارات,مجلس سيارات,,Mechanic,car_repair,32.3488517,35.2736675,116
Jenin,ميثلون,ترمبات سيارات,ترمبات سيارات,,Mechanic - Pumps,car_repair,32.3484013,35.269011,455
Jenin,ميثلون,غسيل سيارات,غسيل سيارات,,Car Wash,car_wash,32.3482462,35.2691946,436
Jenin,ميثلون,الداخلية,الداخلية,,Ministry of Interior,government,32.3475553,35.2727532,103
Jenin,ميثلون,كهربائي سيارات,كهربائي سيارات,,Car Electrician,car_repair,32.3495657,35.2707052,350
Jenin,ميثلون,كهربائي سيارات,كهربائي سيارات,,Car Electrician,car_repair,32.3530517,35.2697283,697
Jenin,ميثلون,أثاث,أثاث,,Furniture,furniture,32.3502873,35.2670782,689
Jenin,ميثلون,غسيل وخدمات سيارات,غسيل وخدمات سيارات,,Car Service and Wash,car_wash,32.3501988,35.2664471,740
Jenin,ميثلون,حلاق,حلاق,,Barber,hairdresser,32.3495458,35.273489,194
Jenin,ميثلون,مخبز,مخبز,,Bakery,bakery,32.3496813,35.2736013,208
Jenin,ميثلون,مخبز,مخبز,,Bakery,bakery,32.3490715,35.27135,270
Jenin,ميثلون,مخبز,مخبز,,Bakery,bakery,32.3494656,35.271131,311
Jenin,ميثلون,مخبز,مخبز,,Bakery,bakery,32.3472057,35.271473,230
Jenin,ميثلون,مجمع طبي,مجمع طبي,,Medical Complex,hospital,32.3473006,35.2706442,303
Jenin,ميثلون,ملحمة طيور,ملحمة طيور,,Butcher,butcher,32.3472841,35.270928,277
Jenin,ميثلون,ملحمة,ملحمة,,Butcher,butcher,32.3459427,35.2736853,209
Jenin,ميثلون,معاطة دجاج,معاطة دجاج,,Butrcher,butcher,32.3494504,35.2734493,185
Jenin,ميثلون,ملحمة,ملحمة,,Butcher,butcher,32.347402,35.2746402,91
Jenin,ميثلون,بيع وصيانة دراجات هوائية,بيع وصيانة دراجات هوائية,,Bicycle Shop and Manitenance,bicycle_repair_station,32.348263,35.2744041,75
Jenin,ميثلون,مسجد خالد بن الوليد,مسجد خالد بن الوليد,,Khalid Ibn Al Waleed Mosque,place_of_worship,32.348825,35.2754878,194
Jenin,ميثلون,مسجد ابو بكر الصديق,مسجد ابو بكر الصديق,Abu Bakr Al-Siddiq Mosque,مسجد ابو بكر الصديق,place_of_worship,32.3500395,35.2785455,509
Jenin,ميثلون,مسجد صلاح الدين الأيوبي,مسجد صلاح الدين الأيوبي,Salah Al-Din Al-Ayubi Mosque,مسجد صلاح الدين الايوبي,place_of_worship,32.3505018,35.270692,418
Jenin,ميثلون,مسجد عمر بن الخطاب,مسجد عمر بن الخطاب,,Omar Ibn Al Khattab Mosque,place_of_worship,32.3480818,35.2724193,134
Jenin,ميثلون,مسجد مصعب بن عمير,مسجد مصعب بن عمير,,Mus'ab Ibn Omeir Mosque,place_of_worship,32.3470485,35.2726983,135
Jenin,ميثلون,مدرسة بنات ميثلون الثانوية,مدرسة بنات ميثلون الثانوية,,Meithalun' Secondary School for Girls,school,32.3504001,35.2772082,430
Jenin,ميثلون,عيادة طبيب عام,عيادة طبيب عام,,Clinic,hospital,32.3485222,35.2659556,742
Jenin,ميثلون,طبيب عام,طبيب عام,,Dress Barn,clothes,32.3488077,35.2730474,131
Jenin,ميثلون,عيادة طب أسنان,عيادة طب أسنان,,Dentist,dentist,32.3487759,35.2730259,129
Jenin,ميثلون,عيادة طب أسنان,عيادة طب أسنان,,Dentist,dentist,32.3497412,35.2700647,411
Jenin,ميثلون,عيلدة طب أسنان,عيلدة طب أسنان,,Dentist,dentist,32.3468227,35.2756491,205
Jenin,ميثلون,عيادة خاصة,عيادة خاصة,,Clinic,hospital,32.349356,35.272704,200
Jenin,ميثلون,عيادة خاصة,عيادة خاصة,,Clinic,hospital,32.3467003,35.2716687,236
Jenin,ميثلون,ملحمة أبو عزام,ملحمة أبو عزام,,Abu Azzam Buchery,butcher,32.3494439,35.2722248,234
Jenin,ميثلون,ديوان آل ربايعه,ديوان آل ربايعه,,Diwan Al Rabaiah,community_centre,32.3486048,35.2752463,161
Jenin,ميثلون,مكتب تكسي ميثلون,مكتب تكسي ميثلون,,Taxi Meithalun,taxi,32.3486077,35.2743304,101
Jenin,ميثلون,مكتب تكسي البراق,مكتب تكسي البراق,,Al-Buraq Taxi,taxi,32.3472118,35.2702427,342
Jenin,ميثلون,عيادة طب أسنان,عيادة طب أسنان,Dentist DR Mohammad Rabaya,عيادة طب أسنان الدكتور محمد ربايعه,dentist,32.3497684,35.2725967,245
Jenin,سيريس,ميني ماركت عبد العبر,ميني ماركت عبد العبر,Mini market Abed Al-Obor,ميني ماركت عبد العبر,supermarket,32.3274274,35.2892776,174
Jenin,سيريس,سوبر ماركت فريد الصالح,سوبر ماركت فريد الصالح,Fareed Saleh supermarket,سوبر ماركت فريد الصالح,supermarket,32.3273277,35.2898305,133
Jenin,سيريس,مطعم الاصدقاء - نور,مطعم الاصدقاء - نور,Al-Asdeqaa Restaurant - Nour,مطعم الاصدقاء - نور,restaurant,32.3291497,35.2924392,186
Jenin,عرانة,صيدلية تولين للأدوية البشرية و البيطرية,صيدلية تولين للأدوية البشرية و البيطرية,Tollen Human & Veterinary Pharmacy,صيدلية تولين للأدوية البشرية و البيطرية,pharmacy,32.4978209,35.3225299,89
Jenin,سيريس,الفقهاء للأخشاب وحديد البناء,الفقهاء للأخشاب وحديد البناء,Al-Fuqha for building requirements and woods,الفقهاء للأخشاب وحديد البناء,yes,32.3287457,35.2931763,221
Jenin,Jenin City,دوار الحمامة,دوار الحمامة,,دوار الحمامة,fountain,32.4687477,35.3040365,975
Jenin,Jenin City,دوارالمنطقه الصناعيه,دوارالمنطقه الصناعيه,,دوارالمنطقه الصناعيه,fountain,32.4658258,35.3052762,846
Jenin,Jenin City,مني ماركت الحشاش,مني ماركت الحشاش,Mini Market Hashash,مني ماركت الحشاش,supermarket,32.4657746,35.3050396,824
Jenin,سيلة الظهر,مركز الرعاية الصحي,مركز الرعاية الصحي,,مركز الرعاية الصحي,clinic,32.3176449,35.190054,511
Jenin,سيلة الظهر,مخبز سيلة الظهر,مخبز سيلة الظهر,,مخبز سيلة الظهر,bakery,32.3175444,35.1910344,599
Jenin,سيلة الظهر,مسجد كامل حسن,مسجد كامل حسن,,مسجد كامل حسن,place_of_worship,32.3182182,35.1880773,317
Jenin,سيلة الظهر,طبيب باطني عبد القادر قطمش,طبيب باطني عبد القادر قطمش,,طبيب باطني عبد القادر قطمش,pharmacy,32.3172605,35.1910096,610
Jenin,سيلة الظهر,صيدلية الصديق,صيدلية الصديق,,صيدلية الصديق,pharmacy,32.3174316,35.1909831,600
Jenin,سيلة الظهر,شركة مجمع سيلة الظهر التجارية,شركة مجمع سيلة الظهر التجارية,,شركة مجمع سيلة الظهر التجارية,convenience,32.3192469,35.1922844,670
Jenin,سيلة الظهر,محطة وقود سيلة الظهر,محطة وقود سيلة الظهر,Selet al dahr Fuel station,محطة وقود سيلة الظهر,fuel,32.3221477,35.1935762,838
Jenin,سيلة الظهر,المسجد القديم,المسجد القديم,Old Mosque,المسجد القديم,place_of_worship,32.3170791,35.1851442,286
Jenin,سيلة الظهر,عيادات الصحة الحكومية,عيادات الصحة الحكومية,,عيادات الصحة الحكومية,clinic,32.3182183,35.1879794,309
Jenin,سيلة الظهر,معرض مفروشات الشمال,معرض مفروشات الشمال,,معرض مفروشات الشمال,furniture,32.3221088,35.1936121,839
Jenin,سيلة الظهر,محلات ابو خالد التجارية,محلات ابو خالد التجارية,,محلات ابو خالد التجارية,convenience,32.316193,35.1910121,671
Jenin,سيلة الظهر,سوبر ماركت السلام,سوبر ماركت السلام,,سوبر ماركت السلام,supermarket,32.316454,35.1909486,649
Jenin,سيلة الظهر,محمد حنتولي للتامين,محمد حنتولي للتامين,,محمد حنتولي للتامين,government,32.3174949,35.1909666,596
Jenin,سيلة الظهر,مغسلة للسيارات,مغسلة للسيارات,,مغسلة للسيارات,car_wash,32.3163123,35.190739,642
Jenin,سيلة الظهر,صيدلية النور,صيدلية النور,Al-Noor Pharmacy,صيدلية النور,pharmacy,32.3198195,35.1919081,634
Jenin,Jenin City,صيدلية الغسق,صيدلية الغسق,,صيدلية الغسق,pharmacy,32.4660891,35.2921325,692
Jenin,Jenin City,صيدلية الغسق,صيدلية الغسق,,صيدلية الغسق,pharmacy,32.4660883,35.2921586,690
Jenin,عرابة,كراج العرابي,كراج العرابي,,كراج العرابي,car_repair,32.40052,35.213019,1016
Jenin,السويطات,مدرسة بنات عمر بن الخطاب الثانوية,مدرسة بنات عمر بن الخطاب الثانوية,,مدرسة بنات عمر بن الخطاب الثانوية,school,32.4459426,35.2972638,618
Jenin,Jenin City,بلدية جنين,بلدية جنين,,بلدية جنين,government,32.4562314,35.2991788,646
Jenin,سيلة الظهر,قاعة زينة للافراح,قاعة زينة للافراح,,قاعة زينة للافراح,events_venue,32.3181631,35.1888422,383
Jenin,سيلة الظهر,قطمش لمواد البناء,قطمش لمواد البناء,,قطمش لمواد البناء,convenience,32.3160925,35.1896133,576
Jenin,Jenin City,صيدلية الكرمل,صيدلية الكرمل,,صيدلية الكرمل,pharmacy,32.4621772,35.2933218,400
Jenin,برقين,الشركة المتحدة للغاز,الشركة المتحدة للغاز,,United Company for Gas,fuel,32.4466418,35.2616288,1065
Jenin,برقين,ميني ماركت ناصر العابد,ميني ماركت ناصر العابد,,Naser Abed Mini Market,supermarket,32.4518518,35.2629194,527
Jenin,برقين,مقهى اللوتس,مقهى اللوتس,,Al-Lotes Cafe,cafe,32.4485234,35.261772,859
Jenin,برقين,مقهى وبلياردو الباشا,مقهى وبلياردو الباشا,,Al-Basha Cafe,cafe,32.4472063,35.2617032,1004
Jenin,برقين,محطة الرمز الآمن,محطة الرمز الآمن,,Kofr Kod station,fuel,32.4562648,35.255739,461
Jenin,برقين,قاعة اللؤلؤة,قاعة اللؤلؤة,,Lo'loa,community_centre,32.4485587,35.2610575,849
Jenin,برقين,مدرسة الصداقة الفلسطينية الكورية الابتدائية للبنات,مدرسة الصداقة الفلسطينية الكورية الابتدائية للبنات,,Palestinian Korean Friendship Elementary School for Girls,school,32.4545012,35.2690132,806
Jenin,برقين,Al-Fannan,Al-Fannan,,Al-Fannan,hairdresser,32.4535239,35.2623291,335
Jenin,برقين,دكتور أسيد كلوف,دكتور أسيد كلوف,,Dr. Osaid Klouf,clinic,32.4537041,35.2622983,316
Jenin,برقين,Hamodi Store,Hamodi Store,,Hamodi Store,gift,32.4534144,35.2622929,344
Jenin,برقين,الدكتور محمد ورداني,الدكتور محمد ورداني,,Dr.Moahmmad Wardani,dentist,32.4538207,35.2622902,305
Jenin,برقين,حمد ميني ماركت,حمد ميني ماركت,,Hamad Mini Market,convenience,32.4540472,35.2623678,287
Jenin,Jenin City,محطة النفاع للمحروقات,محطة النفاع للمحروقات,Al-Naffa Fuel Station,محطة محروقات النفاع,fuel,32.4587908,35.2997615,401
Jenin,برقين,مسجد الصالحين,مسجد الصالحين,,Al-Salhen Mosque,place_of_worship,32.4499215,35.2628426,726
Jenin,برقين,جزار ميزيل,جزار ميزيل,,Meziel's Butcher,butcher,32.4541693,35.2622122,268
Jenin,برقين,Houf SuperMarket,Houf SuperMarket,,Houf SuperMarket,supermarket,32.4538853,35.2644036,435
Jenin,برقين,مخبز حمادة,مخبز حمادة,,Hamadeh Bakery,bakery,32.4559362,35.2610676,48
Jenin,برقين,مخبز طابون القرية,مخبز طابون القرية,,The Village Tabon,bakery,32.4548313,35.2605746,151
Jenin,برقين,طابون ادم,طابون ادم,,Adam's Tabon,bakery,32.4563964,35.2563536,404
Jenin,برقين,صيدلية مها,صيدلية مها,,Maha Pharmacay,pharmacy,32.4559316,35.2603718,39
Jenin,برقين,بن ومحمص غصن الزيتون,بن ومحمص غصن الزيتون,,Ghosn Al-Zaiton Coffee and roastery,coffee,32.4558666,35.2603287,47
Jenin,برقين,صالون النديم للرجال,صالون النديم للرجال,,Nadeem's Salon,hairdresser,32.4555813,35.26007,87
Jenin,برقين,صالون ري ري,صالون ري ري,,ReRe Salon,hairdresser,32.4556311,35.260188,76
Jenin,Jenin City,مركز صحة البساتين,مركز صحة البساتين,Al-basateen health center,Basatine PHC,hospital,32.4665427,35.2997115,556
Jenin,الجديدة,محطة الباصات / نابلس ، جنين,محطة الباصات / نابلس ، جنين,,محطة الباصات / نابلس ، جنين,bus_station,32.33406,35.3013429,181
Jenin,Jenin City,سوق قباطية للخضار,سوق قباطية للخضار,,سوق قباطية للخضار,greengrocer,32.4233109,35.2664962,1033
Jenin,الرامة,شركه البريق للمنظفات,شركه البريق للمنظفات,,شركه البريق للمنظفات,convenience,32.3555493,35.1721177,126
Jenin,Jenin City,دراجات والعاب حمزه السعدي,دراجات والعاب حمزه السعدي,,دراجات والعاب حمزه السعدي,sports,32.4656852,35.3051321,826
Jenin,اليامون,Al-Yamoun Post بريد اليامون,Al-Yamoun Post بريد اليامون,,Al-Yamoun Post بريد اليامون,post_office,32.4881093,35.2322505,520
Jenin,قباطية,سوبر ماركت الرشق,سوبر ماركت الرشق,,سوبر ماركت الرشق,supermarket,32.4071833,35.2874656,743
Jenin,الزبابدة,محطة محروقات الزبابدة,محطة محروقات الزبابدة,,محطة محروقات الزبابدة,fuel,32.3933191,35.3211993,886
Jenin,Jenin City,صيدلية فلسطين,صيدلية فلسطين,,Palestine pharmacy,pharmacy,32.461645,35.2980604,53
Jenin,سيلة الظهر,المدرسة الاساسية الاولى للبنين,المدرسة الاساسية الاولى للبنين,,المدرسة الاساسية الاولى للبنين,school,32.3179168,35.187325,280
Jenin,سيلة الظهر,بلدية سيلة الظهر,بلدية سيلة الظهر,,بلدية سيلة الظهر,government,32.3163663,35.1891024,520
Jenin,سيلة الظهر,المدرسة الصناعية,المدرسة الصناعية,,المدرسة الصناعية,school,32.3166422,35.1916857,698
Jenin,سيلة الظهر,سيلة الظهر الثانوية للبنين,سيلة الظهر الثانوية للبنين,,سيلة الظهر الثانوية للبنين,school,32.3166026,35.1912382,664
Jenin,صيدا,صالون عبود للرجال,صالون عبود للرجال,,صالون عبود للرجال,hairdresser,32.3822765,35.1178007,337
Jenin,صيدا,سوبر ماركت,سوبر ماركت,,Supermarket,supermarket,32.3850348,35.1188658,36
Jenin,يعبد,ديوان آل عطاطره,ديوان آل عطاطره,,ديوان آل عطاطره,community_centre,32.4452251,35.174421,492
Jenin,صانور,اجيال ليفي,اجيال ليفي,,اجيال ليفي,hairdresser,32.3563683,35.2447208,117
Jenin,صانور,الزلاقة,الزلاقة,,الزلاقة,fountain,32.3551928,35.2347748,1057
Jenin,صانور,بوتيك مرح,بوتيك مرح,,بوتيك مرح,shoes,32.356251,35.2446834,125
Jenin,Jenin City,3asal عسل,3asal عسل,,3asal عسل,clothes,32.4612566,35.2999083,231
Jenin,Jenin City,البري,البري,,البري,post_office,32.4612715,35.2998666,226
Jenin,صانور,اليمني,اليمني,,اليمني,cafe,32.3527795,35.2484227,505
Jenin,عرابة,الباير,الباير,,albayader,supermarket,32.4064714,35.2028471,212
Jenin,Jenin City,سهيل موبايل,سهيل موبايل,,Suhail Mobile,telecommunication,32.4619155,35.2972752,28
Jenin,عرابة,مركز الجينز,مركز الجينز,,jeans center,clothes,32.4063974,35.202539,212
Jenin,Jenin City,الشافي,الشافي,,الشافي,electronics,32.4623313,35.2981356,73
Jenin,Jenin City,القرعاوي للشالات,القرعاوي للشالات,,القرعاوي للشالات,clothes,32.462332,35.2981672,75
Jenin,Jenin City,مقهى دمشق,مقهى دمشق,Damascus Cafe,مقهى دمشق,cafe,32.4589781,35.299865,388
Jenin,صيدا,د.غسان عودة,د.غسان عودة,,د.غسان عودة,dentist,32.384074,35.1179718,162
Jenin,برقين,قهوة المسافر,قهوة المسافر,,Traveler's Coffee,cafe,32.4507623,35.2629561,641
Jenin,برقين,الأرض الطيبة,الأرض الطيبة,,Al-Ard Al-Taibe,frame,32.4531435,35.2625745,383
Jenin,عرابة,حمد عطاري,حمد عطاري,,hamad atari,place_of_worship,32.4045209,35.2026255,68
Jenin,الزبابدة,شركه محروقات الزبابده جنين الحديثه,شركه محروقات الزبابده جنين الحديثه,,شركه محروقات الزبابده جنين الحديثه,fuel,32.3929872,35.3209039,860
Jenin,قباطية,خذ سيارة أجرة,خذ سيارة أجرة,,Taxi qabatya,car_rental,32.4125863,35.2818683,380
Jenin,سيلة الظهر,مكتب تكسي المعتز,مكتب تكسي المعتز,,مكتب تكسي المعتز,travel_agency,32.3223494,35.1914772,665
Jenin,عرابة,القاعة الملكية/ عرابة,القاعة الملكية/ عرابة,,القاعة الملكية/ عرابة,community_centre,32.4009951,35.212531,952
Jenin,الزبابدة,مطعم طربوش,مطعم طربوش,,مطعم طربوش,restaurant,32.3870116,35.3242992,140
Jenin,مخيم جنين,جمعية أصدقاء المريض,جمعية أصدقاء المريض,Friends of the patient association,جمعية أصدقاء المريض,hospital,32.4619185,35.2926198,443
Jenin,مخيم جنين,مديرية تربية جنين,مديرية تربية جنين,,مديرية تربية جنين,government,32.4629417,35.2910689,380
Jenin,مخيم جنين,مستشفى جنين الحكومي,مستشفى جنين الحكومي,Jenin Governmental Hospital,مستشفى جنين الحكومي,hospital,32.462092,35.2915276,358
Jenin,يعبد,مسجد يعبد الكبير,مسجد يعبد الكبير,,مسجد يعبد الكبير,place_of_worship,32.4454358,35.1694669,101
Jenin,يعبد,مركز شرطة يعبد,مركز شرطة يعبد,Ya'bad Police Office,مركز شرطة يعبد,police,32.4433544,35.1707036,356
Jenin,ميثلون,مركز طيبة للاشعة,مركز طيبة للاشعة,,مركز طيبة للاشعة,hospital,32.3499357,35.269865,439
Jenin,اليامون,مكتب الو عمار للخدمات العامه,مكتب الو عمار للخدمات العامه,,مكتب الو عمار للخدمات العامه,library,32.4869601,35.233526,482
Jenin,Jenin City,مكتب ابو عمار للخدمات العامه,مكتب ابو عمار للخدمات العامه,,مكتب ابو عمار للخدمات العامه,bureau_de_change,32.4659573,35.2923676,666
Jenin,الألمانية,محمد العودة,محمد العودة,,محمد العودة,bookmaker,32.4612757,35.3153631,402
Jenin,صير,المقبرة,المقبرة,,المقبرة,attraction,32.3618313,35.314761,171
Jenin,صير,معصرة صير الحديثة,معصرة صير الحديثة,,معصرة صير الحديثة,department_store,32.3617203,35.3155473,209
Jenin,صير,سوبر ماركت عبد الناصر,سوبر ماركت عبد الناصر,,سوبر ماركت عبد الناصر,supermarket,32.3632388,35.314645,23
Jenin,صير,ديوان ال ارشيد(الزاوية),ديوان ال ارشيد(الزاوية),,ديوان ال ارشيد(الزاوية),attraction,32.3635097,35.3144603,18
Jenin,عرابة,ديوان ال موسى,ديوان ال موسى,,ديوان ال موسى,guest_house,32.4045699,35.2066835,314
Jenin,اليامون,محلات الشيخ رياض,محلات الشيخ رياض,,محلات الشيخ رياض,supermarket,32.4879055,35.2323934,506
Jenin,Jenin City,المسجد الصغير,المسجد الصغير,,المسجد الصغير,place_of_worship,32.4610972,35.3005095,290
Jenin,Jenin City,سوبر ماركت الواحة,سوبر ماركت الواحة,,سوبر ماركت الواحة,supermarket,32.4730068,35.3023663,1316
Jenin,Jenin City,سوبر ماركت الواحة,سوبر ماركت الواحة,,سوبر ماركت الواحة,supermarket,32.473015,35.3024113,1319
Jenin,Jenin City,سوبر ماركت الواحة,سوبر ماركت الواحة,,سوبر ماركت الواحة,supermarket,32.4730056,35.3024234,1318
Jenin,جلقموس,سوبر ماركت الشيخ هاني,سوبر ماركت الشيخ هاني,Al-Shaikh Hani supermarket,سوبر ماركت الشيخ هاني,supermarket,32.4265999,35.3617229,290
Jenin,جلقموس,مدرسة جلقموس الثانوية للبنات,مدرسة جلقموس الثانوية للبنات,Jalqamous elementary school for girls,مدرسة جلقموس الثانوية للبنات,school,32.4206738,35.3608612,627
Jenin,جلقموس,مركز شرطة جلقموس,مركز شرطة جلقموس,Jalqamous police center,مركز شرطة جلقموس,government,32.427443,35.3678806,391
Jenin,جلقموس,مجلس جلقموس المحلي,مجلس جلقموس المحلي,Jalqamous local council,مجلس جلقموس المحلي,government,32.4273477,35.367708,372
Jenin,جلقموس,مسجد الرباط,مسجد الرباط,Al-Rabat Mosque,مسجد الرباط,place_of_worship,32.4227353,35.363825,304
Jenin,جلقموس,ابو عصام ميني ماركت,ابو عصام ميني ماركت,Abu Isam Mini-market,ابو عصام ميني ماركت,supermarket,32.426363,35.3664103,210
Jenin,جلقموس,روضة النور,روضة النور,Al-Noor kindergarten,روضة النور,kindergarten,32.4256864,35.366116,157
Jenin,جلقموس,المتحدة للغاز - غاز ابو أمير,المتحدة للغاز - غاز ابو أمير,Al-Motahidah for gas,المتحدة للغاز - غاز ابو أمير,fuel,32.4267255,35.3659174,199
Jenin,Jenin City,كالزار كافيه,كالزار كافيه,KALAZAR Caffe,كالزار كافيه,cafe,32.4626166,35.2988062,142
Jenin,مسلية,دار السيد محمد عماد ابو الرب,دار السيد محمد عماد ابو الرب,,دار السيد محمد عماد ابو الرب,doctors,32.3928599,35.2932658,891
Jenin,فقوعة,قاعة السوسن,قاعة السوسن,,قاعة السوسن,hotel,32.489978,35.4004601,82
Jenin,Jenin City,الغرفة التجارية والصناعية,الغرفة التجارية والصناعية,,الغرفة التجارية والصناعية,government,32.4630201,35.3017562,413
Jenin,كفر دان,غابة السعادة,غابة السعادة,,غابة السعادة,artwork,32.4735376,35.2708373,1688
Jenin,Jenin City,فندق بوابة الشمال,فندق بوابة الشمال,,فندق بوابة الشمال,hotel,32.4707698,35.2954495,1008
Jenin,Jenin City,محكمة جنين الشرعية,محكمة جنين الشرعية,,محكمة جنين الشرعية,government,32.4642781,35.2962088,295
Jenin,صير,مدرسة صير الثانوية,مدرسة صير الثانوية,Seer high school,مدرسة صير الثانوية,school,32.3611994,35.3138825,244
Jenin,الزبابدة,Global Insurance co. ابو لؤي,Global Insurance co. ابو لؤي,,Global Insurance co. ابو لؤي,community_centre,32.388238,35.3228713,301
Jenin,ميثلون,سوبر ماركت هارون,سوبر ماركت هارون,,سوبر ماركت هارون,supermarket,32.3495255,35.2750784,224
Jenin,ميثلون,شركة المواسم الزراعية,شركة المواسم الزراعية,,شركة المواسم الزراعية,florist,32.3485383,35.2741933,88
Jenin,ميثلون,مشتل المواسم,مشتل المواسم,,مشتل المواسم,convenience,32.3519361,35.2806567,790
Jenin,Jenin City,مؤسسة السيلاوي التجارية,مؤسسة السيلاوي التجارية,alselawi trading establishment,مؤسسة السيلاوي التجارية,gift,32.4633538,35.2970753,170
Jenin,ميثلون,مشتل المواسم,مشتل المواسم,,مشتل المواسم,convenience,32.3522986,35.2809395,835
Jenin,ميثلون,محل البركة للمواد الزراعيه / ميثلون,محل البركة للمواد الزراعيه / ميثلون,,محل البركة للمواد الزراعيه / ميثلون,convenience,32.3468024,35.2764033,269
Jenin,مسلية,سوبر ماركت أبو الأديب,سوبر ماركت أبو الأديب,,سوبر ماركت أبو الأديب,supermarket,32.3874456,35.2871385,158
Jenin,مسلية,مجلس قروي مسلية,مجلس قروي مسلية,,مجلس قروي مسلية,government,32.3877933,35.2889863,200
Jenin,مسلية,مدرسة مسلية الثانوية للبنين,مدرسة مسلية الثانوية للبنين,,مدرسة مسلية الثانوية للبنين,school,32.3897408,35.2912353,498
Jenin,مسلية,مدرسة بنات مسلية الثانوية,مدرسة بنات مسلية الثانوية,,مدرسة بنات مسلية الثانوية,school,32.390725,35.2907926,568
Jenin,مسلية,مدرسة بنات مسلية الأساسية,مدرسة بنات مسلية الأساسية,,مدرسة بنات مسلية الأساسية,school,32.3882557,35.2880806,228
Jenin,Jenin City,الملكة الذهبية - ابو بديع لوازم خياطة وتطريز,الملكة الذهبية - ابو بديع لوازم خياطة وتطريز,,الملكة الذهبية - ابو بديع لوازم خياطة وتطريز,artwork,32.4611765,35.3002332,262
Jenin,ميثلون,شركة المواسم للمواد الزراعية,شركة المواسم للمواد الزراعية,,شركة المواسم للمواد الزراعية,convenience,32.3485059,35.2742006,85
Jenin,قباطية,قاعة أماسي للمناسبات,قاعة أماسي للمناسبات,Amasy Wedding and Celebration Hall,قاعة أماسي للمناسبات,theatre,32.4133515,35.2693304,1093
Jenin,Jenin City,الدفاع المدني جنين,الدفاع المدني جنين,,الدفاع المدني جنين,government,32.4565494,35.3000215,636
Jenin,مخيم جنين,دائرة السير,دائرة السير,,دائرة السير,government,32.4643039,35.2917854,538
Jenin,كفر راعي,ابو ايهم,ابو ايهم,,ابو ايهم,hostel,32.3773537,35.1558171,308
Jenin,Jenin City,وزارة الداخلية,وزارة الداخلية,,وزارة الداخلية,government,32.4648212,35.2924937,577
Jenin,صانور,محلات نافع الصانوري,محلات نافع الصانوري,,محلات نافع الصانوري,hardware,32.356536,35.2510223,485
Jenin,عرابة,جواد العارضة,جواد العارضة,Jawad alardah,جواد العارضة,courthouse,32.4067119,35.1995096,429
Jenin,صانور,شركة الشريف لتأجير السيارات,شركة الشريف لتأجير السيارات,,شركة الشريف لتأجير السيارات,car_rental,32.3527052,35.2487348,526
Jenin,عرابة,موسى ومحمد شلاش,موسى ومحمد شلاش,,موسى ومحمد شلاش,car_repair,32.3985905,35.2017821,685
Jenin,Jenin City,محكمة بداية وصلح جنين,محكمة بداية وصلح جنين,,محكمة بداية وصلح جنين,courthouse,32.4655486,35.2923789,635
Jenin,Jenin City,مستشفى الامل,مستشفى الامل,Al Amal Hospital,مستشفى الامل,hospital,32.4616576,35.2934441,388
Jenin,Jenin City,كراج الناصرة,كراج الناصرة,Nazareth Garage,كراج الناصرة,bus_station,32.4627433,35.3019438,422
Jenin,Jenin City,الكتروني ستور,الكتروني ستور,Electrony Store,الكتروني ستور,electronics,32.4592296,35.2992173,333
Jenin,Jenin City,القلعة,القلعة,,القلعة,cafe,32.4621111,35.3002311,251
Jenin,Jenin City,الطابو,الطابو,,الطابو,government,32.465253,35.2921792,629
Jenin,قباطية,محكمة قباطية الشرعية,محكمة قباطية الشرعية,,محكمة قباطية الشرعية,courthouse,32.4116823,35.2741293,606
Jenin,عرابة,مكتبة بلدية عرابة,مكتبة بلدية عرابة,Arraba Municipality Library,مكتبة بلدية عرابة,library,32.4041728,35.2054479,204
Jenin,كفر دان,اليامون الثانوية للبنين,اليامون الثانوية للبنين,,اليامون الثانوية للبنين,school,32.4955513,35.2518079,2015
Jenin,مسلية,صيدلية مسلية الجديدة,صيدلية مسلية الجديدة,,صيدلية مسلية الجديدة,pharmacy,32.3884858,35.2858222,324
Jenin,Jenin City,دحبور لتدقيق الحسابات,دحبور لتدقيق الحسابات,Dahbour Auditing Establishment,دحبور لتدقيق الحسابات,government,32.4625763,35.2980602,90
Jenin,تلفيت,سكن رضا الوالدين,سكن رضا الوالدين,Rida Al-Walidayn Hotel,سكن رضا الوالدين,hotel,32.4079191,35.3465272,560
Jenin,تلفيت,سكن كشمير,سكن كشمير,Kashmir housing,سكن كشمير,hostel,32.4079644,35.3494058,758
Jenin,تلفيت,سكن حيفا,سكن حيفا,Haifa Hotel,سكن حيفا,hotel,32.4068747,35.3463773,463
Jenin,تلفيت,سكن الدلة شارع,سكن الدلة شارع,Sharia Dallah Hostel,سكن الدلة شارع,hostel,32.4097584,35.3474463,777
Jenin,Jenin City,محمص ابو زهو,محمص ابو زهو,,محمص ابو زهو,department_store,32.4634817,35.300425,322
Jenin,مخيم جنين,مستشفى الشهيد خليل سليمان الحكومي,مستشفى الشهيد خليل سليمان الحكومي,Government Jenin Hospital,مستشفى الشهيد خليل سليمان الحكومي,hospital,32.4619047,35.2924551,428
Jenin,قباطية,مكتبة باسم,مكتبة باسم,,مكتبة باسم,books,32.4126081,35.2818405,381
Jenin,قباطية,الدفاع المدني,الدفاع المدني,,الدفاع المدني,fire_station,32.4147287,35.2827355,630
Jenin,قباطية,صيدلية رانية,صيدلية رانية,,صيدلية رانية,pharmacy,32.4126304,35.2818409,383
Jenin,اليامون,مطعم ابو شاهر,مطعم ابو شاهر,Abu Shahir Restaurant,مطعم ابو شاهر,restaurant,32.4851991,35.2306682,164
Jenin,اليامون,سوبر ماركت ابو النمر,سوبر ماركت ابو النمر,,سوبر ماركت ابو النمر,supermarket,32.4853865,35.2266465,353
Jenin,اليامون,المستقبل,المستقبل,,المستقبل,hardware,32.4874495,35.2328591,484
Jenin,اليامون,لميع لبدي,لميع لبدي,,لميع لبدي,hairdresser,32.4845812,35.2304271,93
Jenin,اليامون,منجرة آل بشير,منجرة آل بشير,,منجرة آل بشير,outdoor,32.4854712,35.2268938,338
Jenin,اليامون,ملحمة سلطان عباهرة,ملحمة سلطان عباهرة,,ملحمة سلطان عباهرة,butcher,32.4843407,35.2299615,54
Jenin,اليامون,شادي للاتصالات,شادي للاتصالات,,شادي للاتصالات,mobile_phone,32.484334,35.2300493,54
Jenin,اليامون,مخبز الايمان,مخبز الايمان,,مخبز الايمان,bakery,32.4849184,35.2305229,130
Jenin,اليامون,مطعم ابو شاهر,مطعم ابو شاهر,Abu Shahir Restaurant,مطعم ابو شاهر,restaurant,32.4855952,35.2271847,323
Jenin,تلفيت,تكسي الجامعة,تكسي الجامعة,,تكسي الجامعة,bus_station,32.4085426,35.346781,630
Jenin,قباطية,مقسم قباطية,مقسم قباطية,Qabatia exchange,مقسم قباطية,electronics,32.4099456,35.273118,653
Jenin,الألمانية,هوم سنتر للأثاث,هوم سنتر للأثاث,,Home Center Furniture,furniture,32.3416139,35.3591234,935
Jenin,عرابة,طارق حمدان,طارق حمدان,,طارق حمدان,attraction,32.4045025,35.2035717,25
Jenin,Jenin City,مزرعة طيور الشمال,مزرعة طيور الشمال,Al Shamal Birds,مزرعة طيور الشمال,pet,32.458969,35.3022868,549
Jenin,Jenin City,بوتيك الاميرة للصبايا,بوتيك الاميرة للصبايا,Al-Amira Boutique,بوتيك الاميرة للصبايا,clothes,32.4622213,35.2992645,164
Jenin,Jenin City,بوتيك رهف للصبابا,بوتيك رهف للصبابا,Rahaf Boutique,بوتيك رهف للصبابا,clothes,32.4625954,35.2996791,213
Jenin,Jenin City,بوتيك السلطانة للصبايا,بوتيك السلطانة للصبايا,Sultana Boutique,بوتيك السلطانة للصبايا,clothes,32.4625981,35.2995005,198
Jenin,Jenin City,مجمع قرى جنين,مجمع قرى جنين,,مجمع قرى جنين,bus_station,32.4625318,35.3021238,434
Jenin,Jenin City,دوار الزايد,دوار الزايد,Al-Zayed Roundabout,دوار الزايد,attraction,32.46361,35.3040303,636
Jenin,Jenin City,مواصلات وسرفيس خروبة,مواصلات وسرفيس خروبة,,مواصلات وسرفيس خروبة,bus_stop,32.4624348,35.3020897,429
Jenin,Jenin City,دوار الشهيد ابو علي مصطفى,دوار الشهيد ابو علي مصطفى,,دوار الشهيد ابو علي مصطفى,attraction,32.4609484,35.3007884,320
Jenin,Jenin City,كازية النمر,كازية النمر,Nimer Gas Station,كازية النمر,fuel,32.4672793,35.2973352,600
Jenin,الزبابدة,د. مالك ارشيد,د. مالك ارشيد,Dr. Malek Ershaid,د. مالك ارشيد,doctors,32.3802401,35.3307386,871
Jenin,الزبابدة,صالون ام نزار,صالون ام نزار,صالون ام نزار,صالون ام نزار,cosmetics,32.3859994,35.3230064,111
Jenin,الزبابدة,مركز التلميع الساطع,مركز التلميع الساطع,مركز التلميع الساطع,مركز التلميع الساطع,car_parts,32.3920559,35.3210028,760
Jenin,الزبابدة,كراج البشير,كراج البشير,Basheer karaj,كراج البشير,car_repair,32.3801376,35.3304257,859
Jenin,مسلية,مؤسسة الإسراء للألبسة الجاهزة,مؤسسة الإسراء للألبسة الجاهزة,,مؤسسة الإسراء للألبسة الجاهزة,clothes,32.388493,35.2858014,326
Jenin,Jenin City,لورينزو للتحف والادوات المنزلية,لورينزو للتحف والادوات المنزلية,Lorenzo Antiques,لورينزو للتحف والادوات المنزلية,gift,32.4691801,35.3040235,1013
Jenin,Jenin City,نهفات الموضة,نهفات الموضة,Revan Cosmatis,ريڤان للكوزمتكس والاكسسوارات,convenience,32.4833795,35.2996554,2398
Jenin,Jenin City,خربة الخروبة,خربة الخروبة,,خربة الخروبة,attraction,32.4836075,35.3010421,2437
Jenin,Jenin City,أسواق العائلة,أسواق العائلة,Family Stores,أسواق العائلة,supermarket,32.482855,35.2996096,2340
Jenin,اليامون,قسام للاتصالات,قسام للاتصالات,,قسام للاتصالات,mobile_phone,32.4843001,35.2302946,60
Jenin,اليامون,مكتب تكسي البدر,مكتب تكسي البدر,,مكتب تكسي البدر,telephone,32.4852812,35.2306919,174
Jenin,اليامون,مركز شحن المياه,مركز شحن المياه,,مركز شحن المياه,charging_station,32.4865132,35.2315645,332
Jenin,اليامون,رامي سنتر,رامي سنتر,,رامي سنتر,clothes,32.4867964,35.2320597,383
Jenin,اليامون,مسجد طارق بن زياد,مسجد طارق بن زياد,,مسجد طارق بن زياد,place_of_worship,32.4775721,35.2327124,745
Jenin,اليامون,مركز شرطة اليامون,مركز شرطة اليامون,Alyamoon Police Department,مركز شرطة اليامون,police,32.4893811,35.2366184,877
Jenin,اليامون,مخبز الأقصى,مخبز الأقصى,Al-Aqsa Bakery,مخبز الأقصى,bakery,32.4876604,35.2327418,498
Jenin,اليامون,موقف سيارات جنين-اليامون,موقف سيارات جنين-اليامون,,موقف سيارات جنين-اليامون,bus_stop,32.4855503,35.2307595,204
Jenin,اليامون,مكتب تكسي اليامون,مكتب تكسي اليامون,,مكتب تكسي اليامون,telephone,32.4872727,35.2331496,485
Jenin,اليامون,موقف سيارات جنين-اليامون,موقف سيارات جنين-اليامون,,موقف سيارات جنين-اليامون,bus_stop,32.4874729,35.232752,481
Jenin,اليامون,مكتب تكسي اليامون,مكتب تكسي اليامون,,مكتب تكسي اليامون,rest_area,32.4874176,35.2330282,491
Jenin,اليامون,مستوصف,مستوصف,,مستوصف,hospital,32.4923539,35.2396946,1315
Jenin,اليامون,الدكتور ابو حسن,الدكتور ابو حسن,,الدكتور ابو حسن,dentist,32.4850618,35.2319267,229
Jenin,Jenin City,ملحمة سلطان عباهرة,ملحمة سلطان عباهرة,,ملحمة سلطان عباهرة,butcher,32.4633846,35.298788,202
Jenin,سيلة الحارثية,اطفائية اليامون,اطفائية اليامون,,اطفائية اليامون,fire_station,32.4977809,35.2407198,1619
Jenin,اليامون,محطة محروقات الثمينات,محطة محروقات الثمينات,Al-Thminat Gas Station,محطة محروقات الثمينات,fuel,32.488687,35.2361337,791
Jenin,اليامون,سائد,سائد,,سائد,clothes,32.4871623,35.2325244,440
Jenin,اليامون,مكتب تكسي الكريم,مكتب تكسي الكريم,,مكتب تكسي الكريم,telephone,32.4876953,35.2326955,499
Jenin,اليامون,بنك فلسطين,بنك فلسطين,Bank of Palestine,بنك فلسطين,bank,32.4878103,35.2356638,694
Jenin,Jenin City,سيتي مول,سيتي مول,City Mall,سيتي مول,supermarket,32.4772428,35.3005489,1731
Jenin,الألمانية,مستشفى طوباس التركي الحكومي,مستشفى طوباس التركي الحكومي,,مستشفى طوباس التركي الحكومي,hospital,32.3374193,35.3566332,1185
Jenin,Jenin City,التصفيه,التصفيه,,التصفيه,clothes,32.4687397,35.298179,765
Jenin,Jenin City,مركز الامل للمواد الغذائية (الإسلامية),مركز الامل للمواد الغذائية (الإسلامية),Al-Amal Center,مركز الامل للمواد الغذائية (الإسلامية),supermarket,32.4619108,35.2952039,222
Jenin,Jenin City,المحكمة الشرعية - جنين,المحكمة الشرعية - جنين,Legitimacy court - Jenien,المحكمة الشرعية - جنين,government,32.4647112,35.2953794,375
Jenin,Jenin City,مكتب راتب الياموني للتأمين,مكتب راتب الياموني للتأمين,,مكتب راتب الياموني للتأمين,car,32.4615853,35.2985979,102
Jenin,مخيم جنين,خالد ابو الحسن,خالد ابو الحسن,Khaled Abou El Hassan,خالد ابوالحسن,fuel,32.4672968,35.2902539,777
Jenin,Jenin City,عماد خضر,عماد خضر,,عماد خضر,electronics,32.4608155,35.2978455,122
Jenin,عرانة,فرج الله للورود الصناعية,فرج الله للورود الصناعية,,فرج الله للورود الصناعية,florist,32.4850925,35.2995947,2487
Jenin,Jenin City,نقابة المحامين جنين,نقابة المحامين جنين,Jenin Lawyers Association,نقابة المحامين جنين,lawyer,32.4659718,35.3006849,541
Jenin,يعبد,ديوان ال ابو بكر الجديد,ديوان ال ابو بكر الجديد,,ديوان ال ابو بكر الجديد,guest_house,32.4452332,35.1668711,263
Jenin,يعبد,مؤسسة فاتن,مؤسسة فاتن,,مؤسسة فاتن,bank,32.4455659,35.1756726,600
Jenin,سيلة الظهر,المسجد القديم,المسجد القديم,Old Mosque,المسجد القديم,place_of_worship,32.3204645,35.1848493,95
Jenin,مخيم جنين,مركز رويال كير للعلاج الطبيعي,مركز رويال كير للعلاج الطبيعي,,مركز رويال كير للعلاج الطبيعي,clinic,32.4660379,35.2918588,702
Jenin,Jenin City,gift center,gift center,gift center,gift center,artwork,32.4687107,35.2991111,773
Jenin,اليامون,عالم التصفية والتنزيلات ٢,عالم التصفية والتنزيلات ٢,,عالم التصفية والتنزيلات ٢,shoes,32.4851172,35.2314609,200
Jenin,اليامون,شركة العمدة للصناعات الغذائية,شركة العمدة للصناعات الغذائية,,شركة العمدة للصناعات الغذائية,department_store,32.4775061,35.233522,781
Jenin,سيلة الظهر,حلويات النابلسي,حلويات النابلسي,,حلويات النابلسي,confectionery,32.3158053,35.187989,503
Jenin,Jenin City,شركة روزان لمستلزمات التصوير الحديثة,شركة روزان لمستلزمات التصوير الحديثة,Rozan studios Co.,شركة روزان لمستلزمات التصوير الحديثة,photo,32.4625686,35.2977434,78
Jenin,Jenin City,الحافي للمفاتيح 🔑🗝🔑,الحافي للمفاتيح 🔑🗝🔑,Hafi keys 🗝🔑🗝,الحافي للمفاتيح 🔑🗝🔑,car_repair,32.468504,35.3069168,1145
Jenin,جبع,مقبرة جبع,مقبرة جبع,,مقبرة جبع,place_of_worship,32.3240541,35.2189086,254
Jenin,جبع,عين الجوزه,عين الجوزه,,عين الجوزه,drinking_water,32.3242814,35.2202851,135
Jenin,مخيم جنين,يوتيوبيا,يوتيوبيا,,Youtobia,company,32.4675363,35.2900276,798
Jenin,Jenin City,شركة المنطار لاستيراد وتجارة السيارات,شركة المنطار لاستيراد وتجارة السيارات,,شركة المنطار لاستيراد وتجارة السيارات,car,32.4561984,35.2960883,647
Jenin,يعبد,الدكتور خالد فرحات,الدكتور خالد فرحات,DR.Khaled farhat,الدكتور خالد فرحات,clinic,32.4470094,35.170959,168
Jenin,يعبد,الدكتور خليل عبادي,الدكتور خليل عبادي,DR.Khalil Abadi,الدكتور خليل عبادي,clinic,32.447009,35.1709396,167
Jenin,الرامة,مصنع زفته,مصنع زفته,,مصنع زفته,artwork,32.3541179,35.1595504,1093
Jenin,قباطية,مصطفى,مصطفى,Most Wanted - Xbox,مصطفى,computer,32.412407,35.2784281,355
Jenin,اليامون,اختي اليامون,اختي اليامون,,اختي اليامون,post_office,32.4821057,35.2306855,206
Jenin,جبع,مديرية الدفاع المدني واسناد الشمال,مديرية الدفاع المدني واسناد الشمال,,مديرية الدفاع المدني واسناد الشمال,fire_station,32.330002,35.2247291,751
Jenin,جبع,مغسلة سيارات,مغسلة سيارات,,مغسلة سيارات,car_wash,32.3362812,35.2300372,1599
Jenin,جبع,مخازن ومستودعات الخطيب,مخازن ومستودعات الخطيب,,مخازن ومستودعات الخطيب,recycling,32.3275639,35.2145987,780
Jenin,جبع,مصلى للعبادة,مصلى للعبادة,,مصلى للعبادة,place_of_worship,32.3363162,35.2301239,1607
Jenin,جبع,قاعة افراح ليلة العمر,قاعة افراح ليلة العمر,,قاعة افراح ليلة العمر,nightclub,32.3362368,35.2299089,1589
Jenin,صيدا,محل سامر رداد,محل سامر رداد,,محل سامر رداد,convenience,32.3858946,35.119924,113
Jenin,Jenin City,صيدلية الرحمة,صيدلية الرحمة,Al-Rahma Pharmacy,صيدلية الرحمة,pharmacy,32.4630963,35.297902,138
Jenin,Jenin City,ديليكيت,ديليكيت,,ديليكيت,cafe,32.4618265,35.297462,12
Jenin,Jenin City,مسجد صلاح الدين,مسجد صلاح الدين,Salah Al-Din Mosque,مسجد صلاح الدين,place_of_worship,32.4592328,35.2939164,452
Jenin,السويطات,جامع راتب الياموني,جامع راتب الياموني,,جامع راتب الياموني,community_centre,32.447088,35.296565,687
Jenin,Jenin City,مستشفى الرازي,مستشفى الرازي,Al-Razi Hospital,مستشفى الرازي,hospital,32.4581139,35.3008139,518
Jenin,عجة,محلات المعتز لتوزيع المواد الغذائيه,محلات المعتز لتوزيع المواد الغذائيه,Al-motaz for general trade and marketing stores,محلات المعتز لتوزيع المواد الغذائيه,supermarket,32.3566578,35.195372,542
Jenin,مخيم جنين,ايمن ابو الهيجاء لكماليات السيارات,ايمن ابو الهيجاء لكماليات السيارات,Auto Royal,ايمن ابو الهيجاء لكماليات السيارات,car,32.466971,35.2837288,829
Jenin,Jenin City,قاعة القصور,قاعة القصور,Palace Hall,قاعة القصور,community_centre,32.4808217,35.299453,2113
Jenin,يعبد,آل في ب,آل في ب,LTP,ال تي بي,clothes,32.446799,35.1698463,69
Jenin,صانور,محطة محروقات جبع,محطة محروقات جبع,,محطة محروقات جبع,fuel,32.3382887,35.2042098,264
Jenin,مخيم جنين,ابو الهيجاء لتجارة السيارات,ابو الهيجاء لتجارة السيارات,Abu AL Hayja for car trading,ابو الهيجاء لتجارة السيارات,car,32.4672007,35.2838143,848
Jenin,سيلة الحارثية,مدرسة بنات سيلة الحارثية الثانوية,مدرسة بنات سيلة الحارثية الثانوية,,مدرسة بنات سيلة الحارثية الثانوية,school,32.507733,35.229946,167
Jenin,سيلة الحارثية,مكتبة المجد,مكتبة المجد,,مكتبة المجد,convenience,32.5084837,35.2288757,102
Jenin,تعنك,الفار لمواد البناء,الفار لمواد البناء,,الفار لمواد البناء,convenience,32.5226988,35.2273114,803
Jenin,Jenin City,Sweet flower,Sweet flower,Sweet flower,Sweet flower,florist,32.468716,35.2944738,813
Jenin,جبع,حلويات البوابة الذهبية,حلويات البوابة الذهبية,,حلويات البوابة الذهبية,confectionery,32.3363233,35.2302389,1613
Jenin,Jenin City,مكتب راتب الياموني للتأمين,مكتب راتب الياموني للتأمين,,مكتب راتب الياموني للتأمين,community_centre,32.4618175,35.298709,107
Jenin,Jenin City,مكتب تكسي الأهرام,مكتب تكسي الأهرام,Alahrame taxi office,مكتب تكسي الأهرام,car_rental,32.4628682,35.303272,546
Jenin,مخيم جنين,مؤسسة محاميد للتبريد,مؤسسة محاميد للتبريد,Mameed Refrigeration Est,مؤسسة محاميد للتبريد,attraction,32.4712807,35.2874678,1197
Jenin,Jenin City,موضا اند مور للازياء,موضا اند مور للازياء,Moda and more fashion,موضا اند مور للازياء,clothes,32.4633658,35.2991989,225
Jenin,Jenin City,سوبر ماركت المدينة,سوبر ماركت المدينة,Super market Al-Madineh,سوبر ماركت المدينة,supermarket,32.4602836,35.3033621,572
Jenin,سيلة الحارثية,مركز الارادة إرادة لذوي الاحتياجات الخاصة,مركز الارادة إرادة لذوي الاحتياجات الخاصة,,مركز الارادة إرادة لذوي الاحتياجات الخاصة,community_centre,32.5072563,35.2350852,651
Jenin,فحمة,ستوديو يارا للانتاج الفني محمد ابو صلاح,ستوديو يارا للانتاج الفني محمد ابو صلاح,Yara Studios For Art Production Mohammed Abu Salah,ستوديو يارا للانتاج الفني محمد ابو صلاح,attraction,32.3908348,35.1959146,1237
Jenin,Jenin City,بوتيك ابو زينه,بوتيك ابو زينه,Abu Zaina Boutique,بوتيك ابو زينه,clothes,32.4620206,35.3001186,240
Jenin,فحمة,منزل محمد ابو صلاح,منزل محمد ابو صلاح,Mohammed abu salah home,منزل محمد ابو صلاح,attraction,32.3899781,35.1957075,1246
Jenin,Jenin City,شمس,شمس,,شمس,baby_goods,32.4687989,35.2982281,771
Jenin,Jenin City,محلات الحاج عمران,محلات الحاج عمران,al-haj Omran,سلام العيسة للكماليات السيارات,car_repair,32.4655839,35.3052287,828
Jenin,عرابة,ديوان ال عساف,ديوان ال عساف,,ديوان ال عساف,guest_house,32.4047836,35.2061177,262
Jenin,عرابة,كراج أبناء المرحوم محمود الحمدان,كراج أبناء المرحوم محمود الحمدان,,كراج أبناء المرحوم محمود الحمدان,car_repair,32.4046934,35.2064153,289
Jenin,السويطات,قاعة الروزانا,قاعة الروزانا,Al Ruzna Hall,قاعة الروزانا,community_centre,32.4478947,35.3032142,177
Jenin,Jenin City,بنك القدس,بنك القدس,Al-Quds Bank,بنك القدس,bank,32.4623972,35.2970713,74
Jenin,Jenin City,شاورما الواكد,شاورما الواكد,Shawrma alwaked,شاورما الواكد,restaurant,32.462823,35.2969776,118
Jenin,ميثلون,عماد حامد ربايعه,عماد حامد ربايعه,Emad hamed rabai'a home,عماد حامد ربايعه,doctors,32.3526224,35.2691896,688
Jenin,يعبد,د. علاء حمارشة,د. علاء حمارشة,Dr. Ala Hamarsheh,د. علاء حمارشة,guest_house,32.4468408,35.1758499,613
Jenin,Jenin City,عيادة اياد جلامنه لطب الاسنان,عيادة اياد جلامنه لطب الاسنان,dr Eyad jalamneh dental clinic,عيادة اياد جلامنه لطب الاسنان,dentist,32.4620135,35.2985071,89
Jenin,ميثلون,صالون ابو الحسن للشباب,صالون ابو الحسن للشباب,,صالون ابو الحسن للشباب,hairdresser,32.3496006,35.2706685,355
Jenin,Jenin City,مكتب ابوالرب للتامين,مكتب ابوالرب للتامين,Abu al rub .ins . office,1,car,32.461692,35.2978718,36
Jenin,Jenin City,مكتب ابوالرب للتامين,مكتب ابوالرب للتامين,Abualrub insurance office,مكتب ابوالرب للتامين,convenience,32.4617955,35.2977625,21
Jenin,Jenin City,مكتب ابوالرب للتامين,مكتب ابوالرب للتامين,Abu alrub insurance office,مكتب ابوالرب للتامين,convenience,32.4617918,35.2978191,26
Jenin,كفر دان,حرش السعادة قوات الأمن الوطني,حرش السعادة قوات الأمن الوطني,,حرش السعادة قوات الأمن الوطني,police,32.4742947,35.2729938,1866
Jenin,الألمانية,مطعم الانيس,مطعم الانيس,Alaines Restaurant,مطعم الانيس,fast_food,32.3306623,35.3635455,1149
Jenin,عرانة,najeh,najeh,,najeh,bookmaker,32.4875773,35.3064148,1804
Jenin,Jenin City,سينما جنين,سينما جنين,,سينما جنين,sports,32.4610482,35.2978403,96
Jenin,سيلة الظهر,مخازن شركة شرباتي اخوان,مخازن شركة شرباتي اخوان,sharabati brothers company,مخازن شركة شرباتي اخوان,telecommunication,32.3220792,35.193474,826
Jenin,Jenin City,مصنع مصانع الطوب,مصنع مصانع الطوب,,مصنع مصانع الطوب,company,32.4674432,35.3071245,1089
Jenin,الألمانية,شرطة طوباس,شرطة طوباس,Tubass Police station,شرطة طوباس,police,32.3313443,35.3633025,1092
Jenin,الرامة,مسجد الأمين,مسجد الأمين,,مسجد الأمين,place_of_worship,32.3560487,35.1716067,62
Jenin,الرامة,دكانة بلال,دكانة بلال,دكانة بلال,دكانة بلال,supermarket,32.3550172,35.1697601,164
Jenin,كفر راعي,الجمعية الثقافية,الجمعية الثقافية,aljame'ea althaqafeah,الجمعية الثقافية,government,32.3744765,35.1558292,56
Jenin,الرامة,دكانة ابو الناجي,دكانة ابو الناجي,دكانة ابو الناجي,دكانة ابو الناجي,supermarket,32.3544572,35.1694576,230
Jenin,الرامة,سوبرماركت رائد,سوبرماركت رائد,سوبر ماركت رائد,سوبرماركت رائد,supermarket,32.3558585,35.1706559,39
Jenin,الرامة,مركز المجد لتحفيظ القران الكريم,مركز المجد لتحفيظ القران الكريم,,مركز المجد لتحفيظ القران الكريم,school,32.3561105,35.1716301,64
Jenin,الألمانية,سوبر ماركت الاسراء ابو الفلايح,سوبر ماركت الاسراء ابو الفلايح,supermarket Alesraa',سوبر ماركت الاسراء ابو الفلايح,supermarket,32.337836,35.3570731,1134
Jenin,قباطية,تنويرات الشمال للانار و للادوات الصحية والدهانات يسار ابو الرب,تنويرات الشمال للانار و للادوات الصحية والدهانات يسار ابو الرب,Al shamal light yassar abu alrob,تنويرات الشمال للاناره و للادوات الصحية والدهانات يسار ابو الرب,supermarket,32.4134444,35.2812921,451
Jenin,قباطية,طريق فرعي للصحة,طريق فرعي للصحة,,طريق فرعي للصحة,attraction,32.4124713,35.2809694,338
Jenin,Jenin City,محل احمد الصافي,محل احمد الصافي,Abo safe,محل احمد الصافي,car_repair,32.4667336,35.3066145,1006
Jenin,Jenin City,دكتورة عبير,دكتورة عبير,d.Abeer Naffa',دكتورة عبير النفاع,doctors,32.4621871,35.2996491,198
Jenin,Jenin City,منتصر الياسين,منتصر الياسين,منتصر الياسين,منتصر الياسين,clothes,32.4625277,35.299595,203
Jenin,Jenin City,مجمع النفاع,مجمع النفاع,مجمع النفاع,مجمع النفاع,supermarket,32.4627184,35.2995268,206
Jenin,Jenin City,بدر,بدر,,بدر,telecommunication,32.4630918,35.2988578,181
Jenin,Jenin City,المناصره للسجاد,المناصره للسجاد,Al manasrah for carpet,المناصره للسجاد,convenience,32.4648956,35.3044807,730
Jenin,ميثلون,مشتل المجد (لؤي نعيرات),مشتل المجد (لؤي نعيرات),almajd nursury,مشتل المجد (لؤي نعيرات),supermarket,32.3532196,35.2847115,1187
Jenin,Jenin City,صالة الامير للأفراح,صالة الامير للأفراح,Al Ameer Wedding Hall,صالة الامير للأفراح,events_venue,32.4676812,35.3005757,704
Jenin,قباطية,قهوة عياد الديحان,قهوة عياد الديحان,,قهوة عياد الديحان,cafe,32.4109304,35.2827846,300
Jenin,قباطية,قهوة السكس,قهوة السكس,,قهوة قباطية,cafe,32.4115429,35.2824821,319
Jenin,قباطية,قهوة السيكو,قهوة السيكو,,قهوة السيكو,cafe,32.4108444,35.2829927,312
Jenin,قباطية,سوبر ماركة ابناء صالح البريد,سوبر ماركة ابناء صالح البريد,,سوبر ماركة ابناء صالح البريد,supermarket,32.4102887,35.2815195,161
Jenin,قباطية,مخبز علي الكزحا,مخبز علي الكزحا,,مخبز علي الكزحا,bakery,32.4136388,35.2810304,466
Jenin,قباطية,مديرية التربية والتعليم,مديرية التربية والتعليم,,مديرية التربية والتعليم,ticket,32.4132463,35.2795616,416
Jenin,قباطية,قاعة الدبعي للأفراح,قاعة الدبعي للأفراح,,قاعة الدبعي للأفراح,events_venue,32.4181739,35.288859,1268
Jenin,قباطية,مدرسة قباطية الثانوية للبنين عزات ابو الرب,مدرسة قباطية الثانوية للبنين عزات ابو الرب,,مدرسة قباطية الثانوية للبنين عزات ابو الرب,school,32.413769,35.2787815,486
Jenin,كفر راعي,الجمعية الثقافية,الجمعية الثقافية,,الجمعية الثقافية,company,32.3720901,35.1552192,282
Jenin,الألمانية,مطعم النخيل,مطعم النخيل,Alnakhel restaurant,مطعم النخيل,restaurant,32.3397364,35.3603835,799
Jenin,الألمانية,معسكر الامن الوطني (الحرش),معسكر الامن الوطني (الحرش),,معسكر الامن الوطني (الحرش),attraction,32.341354,35.379606,1019
Jenin,الألمانية,صالة فلسطين للمناسبات والافراح,صالة فلسطين للمناسبات والافراح,palestine Town hall,صالة فلسطين للمناسبات والافراح,guest_house,32.3397411,35.3601893,817
Jenin,Jenin City,الشرطة الخاصة,الشرطة الخاصة,,الشرطة الخاصة,police,32.4682372,35.2945331,762
Jenin,السويطات,المنيوم أكتال AKTAL,المنيوم أكتال AKTAL,,المنيوم أكتال AKTAL,window_blind,32.4468688,35.2932371,996
Jenin,صانور,اوتو زون مركز خدمات ما بعد البيع,اوتو زون مركز خدمات ما بعد البيع,Al Shenawy Automotive Trading Company,اوتو زون مركز خدمات ما بعد البيع,car_repair,32.3464857,35.1997058,1088
Jenin,قباطية,مغسلة سيارات,مغسلة سيارات,,مغسلة سيارات,car_wash,32.4143112,35.2861731,783
Jenin,قباطية,مكانيكي,مكانيكي,,مكانيكي,car_repair,32.4123031,35.272488,775
Jenin,قباطية,ركن الهدايا,ركن الهدايا,,ركن الهدايا,gift,32.4118274,35.2767883,399
Jenin,قباطية,المحكمة الشرعية,المحكمة الشرعية,,المحكمة الشرعية,courthouse,32.4117666,35.2741301,610
Jenin,فحمة,مصنع و معصرة النزازة,مصنع و معصرة النزازة,Al nazzazea,مصنع و معصرة النزازة,recycling,32.393644,35.1983792,1107
Jenin,عرابة,مدرسة الشهيد ابو علي مصطفى الاساسية,مدرسة الشهيد ابو علي مصطفى الاساسية,,مدرسة الشهيد ابو علي مصطفى الاساسية,school,32.4083993,35.2025006,429
Jenin,Jenin City,احمد الصافي,احمد الصافي,,احمد الصافي,car_repair,32.4667889,35.3066689,1013
Jenin,يعبد,بنك فلسطين,بنك فلسطين,Bank of Palestine,بنك فلسطين,bank,32.4455442,35.1758695,618
Jenin,الألمانية,مفرق المستشفى التركي,مفرق المستشفى التركي,,مفرق المستشفى التركي,attraction,32.3324348,35.362239,1044
Jenin,السويطات,ضاحية الزيتونة,ضاحية الزيتونة,zaitone,ضاحية الزيتونة,community_centre,32.4348007,35.3081216,1350
Jenin,صيدا,صالون صلاح,صالون صلاح,Salon Salah,صالون صلاح,hairdresser,32.3858937,35.119984,116
Jenin,صيدا,مجلس قروي صيدا,مجلس قروي صيدا,Village council,مجلس قروي صيدا,government,32.3875255,35.1225606,415
Jenin,صيدا,كوفي شوب ليالينا,كوفي شوب ليالينا,Layalina Cafe,كوفي شوب ليالينا,cafe,32.3882395,35.1232738,518
Jenin,فقوعة,عيادة د.محمد ابو سلامة,عيادة د.محمد ابو سلامة,Dr.mohammed abusalamehشارع الش,عيادة د.محمد ابو سلامة,dentist,32.4890736,35.4007689,159
Jenin,اليامون,مدرسة الميار لتعليم السياقة,مدرسة الميار لتعليم السياقة,Al-Mayar Driving school,مدرسة الميار لتعليم السياقة,driving_school,32.4813485,35.2374517,757
Jenin,اليامون,مدرسة الميار لتعليم السياقة,مدرسة الميار لتعليم السياقة,almayar driving school,مدرسة الميار لتعليم السياقة,driving_school,32.4814179,35.2370023,715
Jenin,يعبد,هيئة كهرباء يعبد,هيئة كهرباء يعبد,Yaba'd Electricity Appeal,هيئة كهرباء يعبد,government,32.4460673,35.1715501,209
Jenin,سيلة الحارثية,منزل أبو قدري,منزل أبو قدري,Abu Qadre,منزل أبو قدري,bookmaker,32.5099465,35.2239926,459
Jenin,سيلة الحارثية,منزل أبو قدري,منزل أبو قدري,bait Abu Qadre,منزل أبو قدري,bank,32.5098665,35.2239067,462
Jenin,رابا,صيدلية رابا,صيدلية رابا,Raba Pharmacy,صيدلية رابا,pharmacy,32.3867471,35.3814117,399
Jenin,Jenin City,منزل أيمن ستيتي,منزل أيمن ستيتي,جنين,منزل أيمن ستيتي,caravan_site,32.4580625,35.3013233,552
Jenin,الألمانية,الخضيرات,الخضيرات,,الخضيرات,grave_yard,32.3338917,35.3777435,1072
Jenin,Jenin City,فريحات لتدقيق الحسابات,فريحات لتدقيق الحسابات,Frehat for auditing,فريحات لتدقيق الحسابات,company,32.4627082,35.2972443,97
Jenin,قباطية,مخبز البركة,مخبز البركة,,مخبز البركة,bakery,32.4093159,35.2853101,494
Jenin,ميثلون,منزل الأستاذ ياسر الصادق,منزل الأستاذ ياسر الصادق,Yaser AsSadeq,منزل الأستاذ ياسر الصادق,pub,32.3468902,35.2774275,355
Jenin,الجلمة,حاجز جلمة,حاجز جلمة,Jalamah Checkpoint,حاجز جلمة,bus_stop,32.514195,35.311357,656
Jenin,عين إبراهيم,القدس/المدينة,القدس/المدينة,A Quds/El Medina,القدس/المدينة,bus_stop,32.532472,35.150669,549
Jenin,عين إبراهيم,المدينة/الخندق,المدينة/الخندق,El Medina/Al-Handaq,المدينة/الخندق,bus_stop,32.528547,35.154177,1088
Jenin,برطعة,برطعة,برطعة,Barta'a,برطعة,bus_stop,32.4760057,35.0893029,209
Jenin,برطعة,برطعة/صناديق بريد,برطعة/صناديق بريد,Barta'a/Postal Boxes,برطعة/صناديق بريد,bus_stop,32.479486,35.084867,769
Jenin,برطعة,برطعة/ مدخل,برطعة/ مدخل,Barta'a/Entry,برطعة/ مدخل,bus_stop,32.478182,35.086115,583
Jenin,عين إبراهيم,مدرسة ثانوية/الشافي,مدرسة ثانوية/الشافي,High School/Ashafi,مدرسة ثانوية/الشافي,bus_stop,32.531013,35.151336,706
Jenin,عين إبراهيم,مدرسة ابتدائية,مدرسة ابتدائية,Primary School,مدرسة ابتدائية,bus_stop,32.529667,35.151176,812
Jenin,عين إبراهيم,مركز طبي/مدرسة,مركز طبي/مدرسة,Medical Center/School,مركز طبي/مدرسة,bus_stop,32.528864,35.150903,874
Jenin,عين إبراهيم,جندن/الشافي,جندن/الشافي,Jendn/Ashafi,جندن/الشافي,bus_stop,32.526888,35.150988,1072
Jenin,عين إبراهيم,محطة أم الفحم,محطة أم الفحم,Um al Fahm Terminal,محطة أم الفحم,bus_stop,32.531744,35.149737,546
Jenin,Jenin City,سكر,سكر,Sukar,سكر,clothes,32.4630658,35.2971058,138
Jenin,قباطية,عمر السارا زكارنة,عمر السارا زكارنة,Omar sara zakarneh,عمر السارا زكارنة,fuel,32.4116998,35.2764881,413
Jenin,ميثلون,السلام,السلام,Al-Salam,السلام,supermarket,32.3464637,35.2768985,327
Jenin,صانور,صيدلية صانور,صيدلية صانور,,صيدلية صانور,pharmacy,32.3563561,35.2451648,80
Jenin,سيلة الظهر,مقهى اكس بوكس,مقهى اكس بوكس,MSL - XBOX,XBOX CAFE,toys,32.3197026,35.1871526,187
Jenin,عرابة,منزل هاني الكعوش,منزل هاني الكعوش,,منزل هاني الكعوش,hostel,32.4090336,35.2019622,509
Jenin,عرابة,معرض الجود للاجهزة الكهربائية,معرض الجود للاجهزة الكهربائية,,معرض الجود للاجهزة الكهربائية,department_store,32.4056526,35.2102591,660
Jenin,الزبابدة,ستوديو الشموع,ستوديو الشموع,Studio slshomo3,ستوديو الشموع,photo,32.3845789,35.3260628,222
Jenin,ميثلون,الأستاذ ياسر الصادق,الأستاذ ياسر الصادق,,الأستاذ ياسر الصادق,mobile_phone,32.3472008,35.2776236,365
Jenin,Jenin City,عيادة الدكتور احمد حمارشة,عيادة الدكتور احمد حمارشة,ahmad hamarsha,عيادة الدكتور احمد حمارشة,doctors,32.4617723,35.2990107,136
Jenin,Jenin City,سهيل موبايل,سهيل موبايل,سهيل موبايل,Suhail Mobile,doctors,32.4620616,35.2973227,30
Jenin,Jenin City,مغسلة الجنان جنين,مغسلة الجنان جنين,,مغسلة الجنان جنين,car_wash,32.4644184,35.2976505,282
Jenin,Jenin City,عياده الدكتور رائد نزال,عياده الدكتور رائد نزال,,عياده الدكتور رائد نزال,clinic,32.4620989,35.297931,42
Jenin,Jenin City,عياده الدكتور رائد نزال,عياده الدكتور رائد نزال,Dr raed nazzal,عياده الدكتور رائد نزال,hospital,32.4622584,35.2981027,65
Jenin,الزبابدة,مطعم اسكادنيا,مطعم اسكادنيا,askadenia,مطعم اسكادنيا,restaurant,32.3886767,35.3253786,344
Jenin,Jenin City,ابوجمال الصانوري,ابوجمال الصانوري,,ابوجمال الصانوري,supermarket,32.4621043,35.2997038,202
Jenin,سيلة الظهر,مكتبة بلال,مكتبة بلال,,مكتبة بلال,library,32.3175318,35.1909697,594
Jenin,سيلة الظهر,مسجد ابن تيمية,مسجد ابن تيمية,,مسجد ابن تيمية,place_of_worship,32.3216023,35.1914938,633
Jenin,صانور,جبع للمحروقات,جبع للمحروقات,,جبع للمحروقات,fuel,32.3385792,35.2048611,333
Jenin,Jenin City,مقهى الجزائر,مقهى الجزائر,Algeria caffe,مقهى الجزائر,cafe,32.4590442,35.2994392,361
Jenin,Jenin City,بناية آل ناطور,بناية آل ناطور,,بناية آل ناطور,apartment,32.4561985,35.3019014,752
Jenin,Jenin City,سبارك جرافيكس,سبارك جرافيكس,Spark Graphix,سبارك جرافيكس,gift,32.4630511,35.2989628,184
Jenin,Jenin City,محل عمرو النصرة,محل عمرو النصرة,,محل عمرو النصرة,clothes,32.4619441,35.2989973,134
Jenin,Jenin City,معرض ومحلات ابو مويس,معرض ومحلات ابو مويس,Abu mwis stores,معرض ومحلات ابو مويس,company,32.4631319,35.2978819,142
Jenin,جبع,معرض نثريات الساهر للاتصالات وكيل معتمد لدى الوطنية موبايل,معرض نثريات الساهر للاتصالات وكيل معتمد لدى الوطنية موبايل,ALSAHER FOR SERFISE,معرض نثريات الساهر للاتصالات وكيل معتمد لدى الوطنية موبايل,telecommunication,32.323163,35.2220951,84
Jenin,يعبد,ابو شمله للاتصالات,ابو شمله للاتصالات,Abu Shamleh Comm.,ابو شمله للاتصالات,mobile_phone,32.4462418,35.1698254,46
Jenin,يعبد,ابو شمله للاتصالات,ابو شمله للاتصالات,Abu Shamleh Comm.,ابو شمله للاتصالات,mobile_phone,32.446391,35.1676116,163
Jenin,Jenin City,محلات ابو مويس للمواد الزراعية,محلات ابو مويس للمواد الزراعية,Abu mwis stores,محلات ابو مويس للمواد الزراعية,veterinary,32.4623681,35.2987415,123
Jenin,Jenin City,مسجد القاضي,مسجد القاضي,Al-Qadhi Mosque (Masjid),مسجد القاضي,place_of_worship,32.4617295,35.2950089,241
Jenin,Jenin City,مدرسة أبو فراس لتعليم السياقة,مدرسة أبو فراس لتعليم السياقة,Abu Feras Driving School,مدرسة أبو فراس لتعليم السياقة,driving_school,32.461721,35.2950224,239
Jenin,Jenin City,التأمين الصحي الحكومي,التأمين الصحي الحكومي,Governmental Health Insurance,التأمين الصحي الحكومي,government,32.4619147,35.2942622,310
Jenin,Jenin City,الصحة النفسية والمجتمعية,الصحة النفسية والمجتمعية,,الصحة النفسية والمجتمعية,clinic,32.4620371,35.2942785,309
Jenin,Jenin City,مركز إسعاف الحياة,مركز إسعاف الحياة,,مركز إسعاف الحياة,hospital,32.4618797,35.2944475,293
Jenin,عرابة,شركة السهل الأخضر لتأجير السيارات السياحة,شركة السهل الأخضر لتأجير السيارات السياحة,Alsahl alakhdar Rental Cars,شركة السهل الأخضر لتأجير السيارات السياحة,car_rental,32.4013862,35.2121204,899
Jenin,اليامون,الصالة الملكية للافراح,الصالة الملكية للافراح,,الصالة الملكية للافراح,attraction,32.4902109,35.237913,1029
Jenin,اليامون,ديوان عائلة الجرادات,ديوان عائلة الجرادات,,ديوان عائلة الجرادات,attraction,32.4903023,35.2312566,728
Jenin,Jenin City,بدر,بدر,bdr,بدر,telecommunication,32.4634871,35.2988177,213
Jenin,قباطية,صيدلية رابح,صيدلية رابح,Rabeh Pharmacy,صيدلية رابح,pharmacy,32.4118163,35.2823571,334
Jenin,قباطية,صيدلية رابح,صيدلية رابح,RABEH PHARMACY,صيدلية رابح,pharmacy,32.4118467,35.2823448,335
Jenin,قباطية,صيدلية رابح,صيدلية رابح,RABEH PHARMACY,صيدلية رابح,pharmacy,32.4119607,35.2821426,334
Jenin,الألمانية,دينموميتر جنين,دينموميتر جنين,,دينموميتر جنين,car_repair,32.4696721,35.3089907,1233
Jenin,أم التوت,بلعا دار الشيخ حسام,بلعا دار الشيخ حسام,,بلعا دار الشيخ حسام,information,32.3396066,35.1163076,528
Jenin,Jenin City,مركز الأشراء للأشعة,مركز الأشراء للأشعة,Isra center X-ray,مركز الأشراء للأشعة,photo,32.4629145,35.2981396,127
Jenin,سيلة الظهر,ملحمة ومحمص,ملحمة ومحمص,,ملحمة ومحمص,butcher,32.3160739,35.1909927,677
Jenin,Jenin City,شركة اتقان,شركة اتقان,,شركة اتقان,company,32.4644331,35.3015047,466
Jenin,عرابة,الدكتور هيثم عرابه,الدكتور هيثم عرابه,haythem,الدكتور هيثم عرابه,doctors,32.4106657,35.1987898,797
Jenin,ميثلون,صالون اشرف لشباب,صالون اشرف لشباب,,صالون اشرف لشباب,beauty,32.347854,35.2694989,405
Jenin,ميثلون,عصفوركو للتريس والألمنيوم,عصفوركو للتريس والألمنيوم,,عصفوركو للتريس والألمنيوم,hardware,32.3477876,35.2695728,398
Jenin,ميثلون,سوبر ماركت عصفور,سوبر ماركت عصفور,,سوبر ماركت عصفور,supermarket,32.3477604,35.2696549,390
Jenin,ميثلون,مدرسة ميثلون الاساسية للبنين,مدرسة ميثلون الاساسية للبنين,,مدرسة ميثلون الاساسية للبنين,school,32.3477083,35.2694895,406
Jenin,Jenin City,زايد كوزمتكس,زايد كوزمتكس,Zayed Cosmetics,زايد كوزمتكس,beauty,32.4688406,35.2968183,777
Jenin,Jenin City,صالون مختار,صالون مختار,Salon mukhtar,صالون مختار,beauty,32.478287,35.3001318,1840
Jenin,Jenin City,مطعم هني هني,مطعم هني هني,Huny Huny Resturant,مطعم هني هني,restaurant,32.4620611,35.2988849,125
Jenin,Jenin City,قاعة الامير,قاعة الامير,صالة الامير,قاعة الامير,theatre,32.4671417,35.3001955,635
Jenin,Jenin City,الحنتولي لمواد البناء,الحنتولي لمواد البناء,,الحنتولي لمواد البناء,hardware,32.4623085,35.2980241,64
Jenin,الجديدة,رامي ابو سامح,رامي ابو سامح,,رامي ابو سامح,guest_house,32.3424564,35.307953,1036
Jenin,عرابة,د. نضال عارضة,د. نضال عارضة,Dr. Nidal Ardah,د. نضال عارضة,clinic,32.4077606,35.2009373,417
Jenin,عرابة,نضال عارضة,نضال عارضة,Nidal Ardah,نضال عارضة,doctors,32.4077106,35.2009107,413
Jenin,Jenin City,بقالة العائلة,بقالة العائلة,,بقالة العائلة,bar,32.4682435,35.2939943,783
Jenin,سيلة الظهر,منزل الحاج فايز غانم,منزل الحاج فايز غانم,,منزل الحاج فايز غانم,apartment,32.3159303,35.1867372,439
Jenin,جبع,شرطه جبع,شرطه جبع,Police station,شرطه جبع,police,32.3274016,35.215575,694
Jenin,جبع,رجل الاطفاء,رجل الاطفاء,,اطفائيه,fire_station,32.3271239,35.2156397,671
Jenin,مخيم جنين,مدرسة الجابريات الاساسيه للبنات جنين ج,مدرسة الجابريات الاساسيه للبنات جنين ج,Al jabriyat basic co-ed school,مدرسة الجابريات الاساسيه للبنات جنين ج,school,32.4531698,35.2865131,834
Jenin,مخيم جنين,منزل المرحوم انور الطاهر,منزل المرحوم انور الطاهر,,منزل المرحوم انور الطاهر,attraction,32.4635197,35.2908498,415
Jenin,يعبد,منزل السيد عماد الطاهر,منزل السيد عماد الطاهر,,منزل السيد عماد الطاهر,attraction,32.4471454,35.1731776,370
Jenin,يعبد,قصر ال الطاهر,قصر ال الطاهر,,قصر ال الطاهر,attraction,32.4455029,35.1695281,95
Jenin,Jenin City,منزل الحاج محمود الغول ابو وسيم,منزل الحاج محمود الغول ابو وسيم,Haj Mahmoud Alghoul home,منزل الحاج محمود الغول ابو وسيم,chalet,32.4604312,35.2966647,182
Jenin,Jenin City,مجموعة رامي سنتر,مجموعة رامي سنتر,rami center group,مجموعة رامي سنتر,clothes,32.4624269,35.2975865,60
Jenin,صيدا,اسكانات الصيداوي,اسكانات الصيداوي,Alsedawi,اسكانات الصيداوي,hotel,32.3850524,35.1208246,148
Jenin,Jenin City,منزل ابراهيم ابوالرب ابونفيسه,منزل ابراهيم ابوالرب ابونفيسه,,منزل ابراهيم ابوالرب ابونفيسه,alpine_hut,32.4234265,35.2959097,1998
Jenin,سيلة الحارثية,ديوان الشهيد صالح جرادات ال,ديوان الشهيد صالح جرادات ال,,ديوان الشهيد صالح جرادات ال,hostel,32.5059135,35.2272576,225
Jenin,سيلة الحارثية,مواد بناء ابو النعمان,مواد بناء ابو النعمان,,مواد بناء ابو النعمان,hardware,32.4995458,35.2220304,1082
Jenin,Jenin City,مجمع رياض الطاهر,مجمع رياض الطاهر,,مجمع رياض الطاهر,department_store,32.4645446,35.2992837,337
Jenin,سيلة الحارثية,مدرسة ذ السيلة الحارثية الاولى,مدرسة ذ السيلة الحارثية الاولى,,مدرسة ذ السيلة الحارثية الاولى,school,32.503973,35.2210429,791
Jenin,سيلة الحارثية,مقبرة الجرادات,مقبرة الجرادات,The Graveyard,مقبرة الجرادات,grave_yard,32.5045121,35.2265047,396
Jenin,سيلة الحارثية,ديوان الجرادات,ديوان الجرادات,,ديوان الجرادات,guest_house,32.505304,35.2286104,279
Jenin,Jenin City,محلات الامانه وصفي ابو الرب,محلات الامانه وصفي ابو الرب,Mahalat Alamana wassfe Abu al rob,محلات الامانه وصفي ابو الرب,department_store,32.4609491,35.2990727,175
Jenin,برقين,عيادة أطفال,عيادة أطفال,,عيادة أطفال,clinic,32.4562008,35.2614743,77
Jenin,Jenin City,تنويرات الشرق,تنويرات الشرق,,تنويرات الشرق,hardware,32.462434,35.297766,64
Jenin,Jenin City,بوتيك سوار للازياء,بوتيك سوار للازياء,siwar fashion,بوتيك سوار للازياء,clothes,32.4623669,35.2988824,135
Jenin,مخيم جنين,مكتب المحامي محمد ابوالرب,مكتب المحامي محمد ابوالرب,lawyeraboalrob,مكتب المحامي محمد ابوالرب,lawyer,32.4655612,35.2917676,652
Jenin,قباطية,صيدلية قباطية,صيدلية قباطية,,صيدلية قباطية,pharmacy,32.4108372,35.2817564,216
Jenin,قباطية,سوبر ماركت البرنس,سوبر ماركت البرنس,Super market al prenis,سوبر ماركت البرنس,supermarket,32.4118274,35.2768274,397
Jenin,Jenin City,مخبز وحلويات المجد,مخبز وحلويات المجد,almajd,مخبز وحلويات المجد,bakery,32.4637769,35.2975991,211
Jenin,عرابة,بلياردو الحوت,بلياردو الحوت,,بلياردو الحوت,cafe,32.4039741,35.2082543,467
Jenin,عرابة,منزل حكم قرقوشية,منزل حكم قرقوشية,Hakam Karkoshe home,منزل حكم قرقوشية,apartment,32.4041634,35.2003837,282
Jenin,Jenin City,مطبعة العودة - كرتات أعراس,مطبعة العودة - كرتات أعراس,جنين,مطبعة العودة - كرتات أعراس,library,32.4632927,35.3001305,287
Jenin,Jenin City,عياده الدكتور محمد ربايعه,عياده الدكتور محمد ربايعه,Dentist DR Mohammad Rabaya,عياده الدكتور محمد ربايعه,dentist,32.4618061,35.2968957,63
Jenin,بزارية,منزل عصام,منزل عصام,,منزل عصام,hostel,32.3073574,35.1646428,95
Jenin,Jenin City,مطبخ الشيف مجد,مطبخ الشيف مجد,,مطبخ الشيف مجد,restaurant,32.4699066,35.3038027,1067
Jenin,عجة,صيدلية المستقبل,صيدلية المستقبل,,صيدلية المستقبل,pharmacy,32.357367,35.1956366,462
Jenin,Jenin City,الشافي,الشافي,,الشافي,electronics,32.4622965,35.2982416,78
Jenin,Jenin City,بيف برجر,بيف برجر,Beef Burger,بيف برجر,fast_food,32.4657327,35.296841,433
Jenin,فحمة,كفتيريا تل الفرح,كفتيريا تل الفرح,Tal alfarah,كفتيريا تل الفرح,viewpoint,32.3914925,35.1964303,1202
Jenin,فحمة,منتزه تل الفرح,منتزه تل الفرح,,منتزه تل الفرح,attraction,32.3913627,35.1964686,1196
Jenin,مخيم جنين,عمارة الدكتور عبد الرازق جرار,عمارة الدكتور عبد الرازق جرار,abd alraziq jarrar building,عمارة الدكتور عبد الرازق جرار,doctors,32.4662853,35.2880671,640
Jenin,قباطية,ركن الهدايا,ركن الهدايا,Rokn Alhadaya,ركن الهدايا,gift,32.4117612,35.2766397,406
Jenin,يعبد,سمارت تيك,سمارت تيك,Smart Tech,سمارت تيك,mobile_phone,32.4467576,35.1705445,121
Jenin,Jenin City,بيت الاحلام,بيت الاحلام,dream house,بيت الاحلام,clothes,32.463247,35.2995561,241
Jenin,جبع,سوبر ماركت ابو علاء,سوبر ماركت ابو علاء,,سوبر ماركت ابو علاء,supermarket,32.3234965,35.2217901,37
Jenin,ميثلون,غصوب ربايعه,غصوب ربايعه,,غصوب ربايعه,convenience,32.3466441,35.2730744,148
Jenin,ميثلون,مراد ربايعه,مراد ربايعه,,مراد ربايعه,convenience,32.3520244,35.2698565,597
Jenin,تلفيت,سوبر ماركت الدله,سوبر ماركت الدله,,سوبر ماركت الدله,convenience,32.4096379,35.3473184,759
Jenin,قباطية,سوبر ماركت عز الحسني,سوبر ماركت عز الحسني,,سوبر ماركت عز الحسني,convenience,32.4107256,35.2906884,1007
Jenin,السويطات,مستودع الشمال للادويه,مستودع الشمال للادويه,,مستودع الشمال للادويه,pharmacy,32.4495336,35.2975421,686
Jenin,Jenin City,مدرسة الأسمر لتعليم السياقة,مدرسة الأسمر لتعليم السياقة,Al asmar driving school,مدرسة الأسمر لتعليم السياقة,driving_school,32.4650906,35.2933425,533
Jenin,Jenin City,مدرسة الأسمر لتعليم السياقة,مدرسة الأسمر لتعليم السياقة,Al Asmar Driving school,مدرسة الأسمر لتعليم السياقة,driving_school,32.4650745,35.2933404,532
Jenin,السويطات,منزل الدكتور,منزل الدكتور,,منزل الدكتور,apartment,32.4347171,35.3079353,1354
Jenin,الألمانية,العمران للهيدروليك,العمران للهيدروليك,omran mechanical equipment,العمران للعيدروليك,hardware,32.4658103,35.3139245,605
Jenin,Jenin City,سوبر ماركت ستي سكاي مول,سوبر ماركت ستي سكاي مول,,سوبر ماركت ستي سكاي مول,supermarket,32.4771861,35.3005417,1724
Jenin,مخيم جنين,سوبر ماركت ايمن ابو عبيد,سوبر ماركت ايمن ابو عبيد,سوبر ماركت ايمن ابو عبيد جنين,سوبر ماركت ايمن ابو عبيد,supermarket,32.4589861,35.2919139,389
Jenin,Jenin City,سوبر ماركت المجد جنين,سوبر ماركت المجد جنين,,سوبر ماركت المجد جنين,supermarket,32.4630528,35.3033778,561
Jenin,مركة,سوبر ماركت صلاح ابو جلبوش,سوبر ماركت صلاح ابو جلبوش,,سوبر ملركت,supermarket,32.3930501,35.2409037,454
Jenin,قباطية,مركز الغيث,مركز الغيث,,مركز الغيث,supermarket,32.4134331,35.280353,435
Jenin,Jenin City,سوبر ماركت ديانا جنين,سوبر ماركت ديانا جنين,,سوبر ماركت ديانا,supermarket,32.4624203,35.3018996,411
Jenin,مسلية,سوبر ماركت فريز ابو الرب,سوبر ماركت فريز ابو الرب,,سوبر,supermarket,32.3883139,35.286225,286
Jenin,عجة,City market 2,City market 2,,City market 2,supermarket,32.3549766,35.1949685,730
Jenin,عرابة,سوبر ماركت الايهاب,سوبر ماركت الايهاب,,سوبر ماركت الايهاب,supermarket,32.4063685,35.2020483,230
Jenin,يعبد,سوبر ماركت بيروت,سوبر ماركت بيروت,,سوبر ماركت بيروت,supermarket,32.445826,35.1750594,539
Jenin,يعبد,سوبر ماركت الايهاب,سوبر ماركت الايهاب,,سوبر ماركت الايهاب,supermarket,32.4464582,35.1737915,417
Jenin,الزبابدة,سوبر ماركت المنار,سوبر ماركت المنار,,سوبر ماركت المنار,supermarket,32.3828747,35.3235032,326
Jenin,كفر راعي,محلات الحاج فاروق,محلات الحاج فاروق,,محلات الحاج فاروق,supermarket,32.3741774,35.155885,77
Jenin,عرابة,سوبر ماركت الرايه,سوبر ماركت الرايه,,سوبر ماركت الرايه,supermarket,32.4050845,35.2044048,113
Jenin,يعبد,سوبر ماركت يافا,سوبر ماركت يافا,,سوبر ماركت يافا,supermarket,32.4463644,35.1675559,168
Jenin,يعبد,سوبر ماركت خليل الرحمن,سوبر ماركت خليل الرحمن,,سوبر ماركت خليل الرحمن,supermarket,32.4461993,35.1675942,165
Jenin,ميثلون,غصوب ربايعه,غصوب ربايعه,,غصوب ربايعه,supermarket,32.3476269,35.2717605,193
Jenin,يعبد,سوبر ماركت الخطيب,سوبر ماركت الخطيب,,سوبر ماركت الخطيب,supermarket,32.4447986,35.1642686,507
Jenin,Jenin City,قاعة القصور للأفراح,قاعة القصور للأفراح,Alqsoor wedding hall,قاعة القصور للأفراح,attraction,32.4808549,35.2989489,2113
Jenin,Jenin City,مجوهرات إشبيلية-الياموني,مجوهرات إشبيلية-الياموني,Ashbailya Jewelry-alyamoni,مجوهرات إشبيلية-الياموني,jewelry,32.4613476,35.2997464,213
Jenin,سيلة الظهر,عماد الاخرس ،سيلة الظهر للانارة الحديثة,عماد الاخرس ،سيلة الظهر للانارة الحديثة,,عماد الاخرس ،سيلة الظهر للانارة الحديثة,electronics,32.3226884,35.1929458,805
Jenin,صانور,شفيق العيسة الصانوري ،السطوع المتجدد,شفيق العيسة الصانوري ،السطوع المتجدد,,شفيق العيسة الصانوري ،السطوع المتجدد,electronics,32.3568875,35.2511648,498
Jenin,جبع,عماد غنام,عماد غنام,,عماد غنام,electronics,32.3259945,35.2196644,305
Jenin,ميثلون,معصرة بلال نعيرات,معصرة بلال نعيرات,,معصرة بلال نعيرات,guest_house,32.3389934,35.2823512,1268
Jenin,Jenin City,بلال سباعنة ،قباطية سنتر للاجهزة الكهربائية ،دايو,بلال سباعنة ،قباطية سنتر للاجهزة الكهربائية ،دايو,,بلال سباعنة ،قباطية سنتر للاجهزة الكهربائية ،دايو,electronics,32.4250032,35.2669495,900
Jenin,ميثلون,بلال نعيرات,بلال نعيرات,,بلال نعيرات,electronics,32.346711,35.2730941,140
Jenin,Jenin City,مكتبة إبن خلدون,مكتبة إبن خلدون,Ibn Khaldun Library,مكتبة إبن خلدون,library,32.4610533,35.2974975,93
Jenin,Jenin City,٧ نيرو,٧ نيرو,7Nero,نيرو,cafe,32.4684083,35.2947765,771
Jenin,السويطات,مكتبة عصفور,مكتبة عصفور,asfor bookshop,مكتبة عصفور,books,32.4444308,35.293707,975
Jenin,دير أبو ضعيف,مجلس قروي دير ابو ضعيف,مجلس قروي دير ابو ضعيف,,مجلس قروي دير ابو ضعيف,government,32.4572559,35.3657031,239
Jenin,Jenin City,الصليب الاحمر,الصليب الاحمر,ICRC,الصليب الاحمر,ngo,32.4661006,35.2973418,469
Jenin,سيلة الظهر,بن ومحامص السيلاوي,بن ومحامص السيلاوي,العربيه,بن ومحمص السيلاوي,supermarket,32.3200672,35.1921732,660
Jenin,سيريس,يافا هوم - yaffa home,يافا هوم - yaffa home,,يافا هوم - yaffa home,houseware,32.3286457,35.293481,244
Jenin,Jenin City,محلات الجليل للازياء,محلات الجليل للازياء,AL-jaLiL,محلات الجليل للازياء,clothes,32.4629461,35.2985074,148
Jenin,برقين,قصر جرار التاريخي (الخوخة),قصر جرار التاريخي (الخوخة),Jamar palace (el khukha),قصر جرار التاريخي (الخوخة),viewpoint,32.4562898,35.2618705,114
Jenin,Jenin City,ميدي تك للكمبيوتر,ميدي تك للكمبيوتر,miditech,ميدي تك للكمبيوتر,computer,32.4625047,35.2978078,73
Jenin,Jenin City,مخبز وحلويات المجد,مخبز وحلويات المجد,,مخبز وحلويات المجد,bakery,32.4637548,35.2976421,208
Jenin,قباطية,مسجد صلاح الدين,مسجد صلاح الدين,Salah Al-Din Mosque,مسجد صلاح الدين,community_centre,32.4097324,35.2851198,476
Jenin,قباطية,مكتب تكسي الجليل,مكتب تكسي الجليل,Aljaleel Taxi Office,مكتب تكسي الجليل,company,32.4098385,35.284223,393
Jenin,قباطية,بلدية قباطية,بلدية قباطية,Qabatiya municipality,بلدية قباطية,government,32.4134915,35.280665,444
Jenin,سيلة الظهر,ابو بشار للخضار والفواكه,ابو بشار للخضار والفواكه,,ابو بشار,greengrocer,32.3171193,35.1910058,617
Jenin,Jenin City,مشغل السيريسي للألمنيوم,مشغل السيريسي للألمنيوم,,مشغل السيريسي للألمنيوم,company,32.4688156,35.3059166,1099
Jenin,مخيم جنين,المحامي هيثم الغول,المحامي هيثم الغول,,المحامي هيثم الغول,lawyer,32.4664689,35.2918076,742
Jenin,جبع,صيدلية بلسم,صيدلية بلسم,Balsam Pharmacy,صيدلية بلسم,pharmacy,32.3259394,35.2184646,379
Jenin,Jenin City,مجوهرات الفاروق,مجوهرات الفاروق,Al Farouq jewelry,مجوهرات الفاروق,jewelry,32.461986,35.2972879,28
Jenin,تلفيت,سكن التايتانيك,سكن التايتانيك,,سكن التايتانيك,hotel,32.4074622,35.3467212,532
Jenin,جلقموس,ديوان ال القرم,ديوان ال القرم,Al Qarem hall,ديوان ال القرم,ngo,32.4245658,35.3637241,118
Jenin,أم التوت,ارض محمد,ارض محمد,,ارض محمد,apartment,32.3425242,35.1113841,1040
Jenin,برقين,حسام عتيق,حسام عتيق,Hussam Ateeq,حسام عتيق,artwork,32.4506735,35.2674341,883
Jenin,اليامون,صيدلية معاذ,صيدلية معاذ,,صيدلية معاذ,pharmacy,32.4864661,35.2317996,339
Jenin,فقوعة,ستوديو الاصدقاء للتصوير,ستوديو الاصدقاء للتصوير,friends studio,ستوديو الاصدقاء للتصوير,photo,32.4909447,35.400804,60
Jenin,Jenin City,ازياء المجد,ازياء المجد,,ازياء المجد,attraction,32.4623585,35.2993103,172
Jenin,Jenin City,مجوهرات سامر الصانوي,مجوهرات سامر الصانوي,العربيه,مجوهرات سامر الصانوي,jewelry,32.4628174,35.2970108,116
Jenin,كفر راعي,قاعه مسايا,قاعه مسايا,Masaya center,قاعه مسايا,community_centre,32.3753871,35.1643375,857
Jenin,الجلمة,ميني ماركت الصفوري,ميني ماركت الصفوري,Al saffori mini store,ميني ماركت الصفوري,supermarket,32.5075352,35.3149194,190
Jenin,الجلمة,مجلس قروي الجلمة,مجلس قروي الجلمة,Al Jalamah Vc,مجلس قروي الجلمة,government,32.5097522,35.314194,163
Jenin,مخيم جنين,مدرسة الرياض,مدرسة الرياض,,مدرسة الرياض,school,32.4528558,35.2874013,857
Jenin,Jenin City,معرض البلعاوي للساعات,معرض البلعاوي للساعات,al balawe,معرض البلعاوي للساعات,variety_store,32.4615028,35.2998413,218
Jenin,يعبد,منزل السيد طارق ابو شمله,منزل السيد طارق ابو شمله,,منزل السيد طارق ابو شمله,guest_house,32.4435645,35.1756161,664
Jenin,يعبد,شركة يعبد للباطون والتعهدات العامه,شركة يعبد للباطون والتعهدات العامه,,شركة يعبد للباطون والتعهدات العامه,company,32.4384538,35.180404,1358
Jenin,مسلية,ملحمة مسلية,ملحمة مسلية,milhamit misilya,ملحمة مسلية,department_store,32.3868084,35.2879328,67
Jenin,عجة,ايهاب سليمان,ايهاب سليمان,,ايهاب سليمان,hospital,32.3624212,35.1955265,100
Jenin,سيلة الظهر,قهوة البلد. سيلة الظهر,قهوة البلد. سيلة الظهر,,قهوة البلد. سيلة الظهر,cafe,32.3222033,35.1917683,682
Jenin,عقابة,منزل يحيى مثقال ابو عره,منزل يحيى مثقال ابو عره,yahia abu arra home,منزل يحيى مثقال ابو عره,caravan_site,32.3521414,35.34873,189
Jenin,ميثلون,بيت,بيت,home,بيت,apartment,32.3473999,35.2762547,235
Jenin,تلفيت,سكن الفنون للطالبات,سكن الفنون للطالبات,,سكن الفنون للطالبات,apartment,32.4095677,35.3491111,856
Jenin,كفر راعي,فنجاني كافيه,فنجاني كافيه,Fenjani cafe,فنجاني كافيه,cafe,32.3758862,35.1572743,236
Jenin,Jenin City,مطبعة ابو السعيد للدعاية والاعلان,مطبعة ابو السعيد للدعاية والاعلان,Abu alsaeed advertising printing,مطبعة ابو السعيد للدعاية والاعلان,artwork,32.4638695,35.3063789,856
Jenin,مخيم جنين,مكتب المحامي صالح أبو عزة,مكتب المحامي صالح أبو عزة,Saleh Abu Izah Law Firm,مكتب المحامي صالح أبو عزة,lawyer,32.4654788,35.291693,641
Jenin,قباطية,لايف لاين,لايف لاين,life line,لايف لاين,telecommunication,32.4125759,35.2819834,384
Jenin,Jenin City,محل ظافر النصرة,محل ظافر النصرة,Zafer nasrah,ظافر النصرة,variety_store,32.4616118,35.3002325,252
Jenin,بزارية,Abo Mahmoud al qadi,Abo Mahmoud al qadi,,Abo Mahmoud al qadi,marketplace,32.3072933,35.1645033,110
Jenin,بزارية,ضعي الفلافل,ضعي الفلافل,,فلافل بزاريا,restaurant,32.3072315,35.1640717,147
Jenin,المغير,صيدلية المغير,صيدلية المغير,,صيدلية المغير,pharmacy,32.4212941,35.3865525,36
Jenin,اليامون,سوبر ماركت ابو وائل سمودي للعروض,سوبر ماركت ابو وائل سمودي للعروض,Abu ghalwa shoping,سوبر ماركت ابو وائل سمودي للعروض,supermarket,32.4845185,35.2310279,126
Jenin,ميثلون,ديوان النعيرات,ديوان النعيرات,Deewan Nairat,ديوان النعيرات,community_centre,32.3466975,35.2754949,202
Jenin,فحمة,الخال,الخال,,الخال,viewpoint,32.3846285,35.1874999,749
Jenin,سيريس,مركز سيريس الطبي للطواريء,مركز سيريس الطبي للطواريء,Siri’s emergency clinic center,مركز سيريس الطبي للطواريء,clinic,32.3288018,35.2912423,91
Jenin,جبع,مخبز طابون جهاد اشتيوي,مخبز طابون جهاد اشتيوي,,مخبز طابون على الحطب,bakery,32.3260126,35.2271494,577
Jenin,صانور,الفاخوري لتجليس السيارات,الفاخوري لتجليس السيارات,,الفاخوري لتجليس السيارات,car_repair,32.3349406,35.2051177,369
Jenin,كفر دان,ديوان ال مرعي,ديوان ال مرعي,,ديوان ال مرعي,apartment,32.4804767,35.2568022,457
Jenin,Jenin City,داريا لمستحضرات التجميل,داريا لمستحضرات التجميل,Daria Cosmetics Store,داريا لمستحضرات التجميل,gift,32.4628217,35.3035514,571
Jenin,عرابة,دار صبحي حمام عرابه,دار صبحي حمام عرابه,,دار صبحي حمام عرابه,hotel,32.4095708,35.2079175,699
Jenin,اليامون,عيادة د. طارق العتر اسنان,عيادة د. طارق العتر اسنان,Dr. Tareq eter Clinic Dentist,عيادة د. طارق العتر اسنان,clinic,32.4871886,35.2326386,449
Jenin,Jenin City,عمارة العتر,عمارة العتر,Eter building,عمارة العتر,apartment,32.4633746,35.2982534,178
Jenin,اليامون,د. طارق العتر,د. طارق العتر,,د. طارق العتر,dentist,32.4873645,35.2327314,470
Jenin,سيلة الظهر,البنك الإسلامي الفلسطيني,البنك الإسلامي الفلسطيني,Palestine Islamic Bank,البنك الإسلامي الفلسطيني,bank,32.3159185,35.1903089,637
Jenin,Jenin City,دار أبو سمير المفتش,دار أبو سمير المفتش,,دار أبو سمير المفتش,apartment,32.4601861,35.3057065,787
Jenin,الألمانية,تكسي الحنان,تكسي الحنان,Taxi Al Hanan,تكسي الحنان,car_rental,32.4639421,35.3147674,442
Jenin,جلقموس,مركز ومكتبة الرسالة للخدمات الطلابية والهندسية,مركز ومكتبة الرسالة للخدمات الطلابية والهندسية,,Al Resala Book Shop,library,32.423213,35.362727,295
Jenin,عجة,عيادة الأمل الطبية,عيادة الأمل الطبية,AL-AMAL MEDICAL CLINIC,عيادة الأمل الطبية,hospital,32.3514601,35.1991901,1169
Jenin,Jenin City,ابو السعيد للدعاية والاعلان جنين,ابو السعيد للدعاية والاعلان جنين,Aboalsaeed ADV,ابو السعيد للدعاية والاعلان جنين,convenience,32.4638324,35.306377,855
Jenin,صير,منزل د.سعيد ارشيد,منزل د.سعيد ارشيد,,منزل د.سعيد,apartment,32.3604834,35.3176619,440
Jenin,سيلة الظهر,منزل محمد حنتولي,منزل محمد حنتولي,,منزل محمد حنتولي,hostel,32.3176304,35.1904775,547
Jenin,سيلة الظهر,محمد حنتولي للتامين,محمد حنتولي للتامين,Mohamadhantoli,محمد حنتولي للتامين,insurance,32.3221623,35.1856813,283
Jenin,سيلة الظهر,بيت محمد حنتولي,بيت محمد حنتولي,,بيت محمد حنتولي,hostel,32.3175593,35.1904197,546
Jenin,سيلة الظهر,مسجد عمر ابن الخطاب سيلة الظهر,مسجد عمر ابن الخطاب سيلة الظهر,,مسجد عمر ابن الخطاب سيلة الظهر,hostel,32.3193283,35.1844156,79
Jenin,سيلة الظهر,ابو عاشور,ابو عاشور,,ابو عاشور,restaurant,32.3186516,35.1849902,113
Jenin,المغير,ديوان عشيرة ابومويس,ديوان عشيرة ابومويس,,ديوان عشيرة ابومويس,community_centre,32.4245539,35.387616,374
Jenin,ميثلون,بلدية ميثلون ١٩٩٦,بلدية ميثلون ١٩٩٦,Maithaloun municipality,بلدية ميثلون ١٩٩٦,apartment,32.3476304,35.2717983,190
Jenin,Jenin City,ابرة وخيط 3,ابرة وخيط 3,,ابرة وخيط 3,sewing,32.4619019,35.2991569,149
Jenin,Jenin City,Cafeteria Jerusalem,Cafeteria Jerusalem,,Cafeteria Jerusalem,restaurant,32.4620313,35.2991836,153
Jenin,دير غزالة,صيدلية مسك,صيدلية مسك,Misk pharmacy,صيدلية مسك,pharmacy,32.4960969,35.3491227,257
Jenin,دير غزالة,سوبر ماركت ابوفارس,سوبر ماركت ابوفارس,,سوبر ماركت ابوفارس,supermarket,32.496206,35.3502488,157
Jenin,قباطية,منزل الدكتور علي دغلس,منزل الدكتور علي دغلس,Dr. ali daghlas house,منزل الدكتور علي دغلس,doctors,32.4172093,35.3005818,2107
Jenin,صير,بيت عزالدين ارشيد,بيت عزالدين ارشيد,,بيت عزالدين ارشيد,caravan_site,32.3639637,35.3148908,81
Jenin,Jenin City,كراج تيربو عزالدين ارشيد,كراج تيربو عزالدين ارشيد,Turbo,كراج تيربو عزالدين ارشيد,car_repair,32.4669497,35.3063817,1001
Jenin,ميثلون,منزل جميل ابو زينة,منزل جميل ابو زينة,,منزل جميل ابو زينة,guest_house,32.3525956,35.2698865,646
Jenin,بزارية,منزل عز الدين . جبنه بقر,منزل عز الدين . جبنه بقر,Ez al deen . Cow chees,منزل عز الدين . جبنه بقر,apartment,32.3082745,35.1631157,221
Jenin,صانور,عيادة الاخلاص ( د ايهاب سليمان),عيادة الاخلاص ( د ايهاب سليمان),,عيادة الاخلاص ( د ايهاب سليمان),clinic,32.3529492,35.247796,462
Jenin,Jenin City,مدارس الجنان الدولية-جنين,مدارس الجنان الدولية-جنين,Al-Jinan International Schools,مدارس الجنان الدولية-جنين,school,32.4748149,35.2949806,1458
Jenin,Jenin City,روضة مدارس الجنان الدولية,روضة مدارس الجنان الدولية,Al-Jinan Kindergarten,روضة مدارس الجنان الدولية,kindergarten,32.4749217,35.2950897,1468
Jenin,ميثلون,صالون ميثلون للرجال,صالون ميثلون للرجال,,صالون ميثلون للرجال,beauty,32.3492301,35.2752238,206
Jenin,Jenin City,منزل عصام صباغ,منزل عصام صباغ,Esam Sabbagh Home,منزل عصام صباغ,motel,32.4603642,35.293569,411
Jenin,عرانة,منزل السيد ابو ايهاب,منزل السيد ابو ايهاب,,منزل السيد ابو ايهاب,nursing_home,32.4855079,35.302276,2253
Jenin,عرانة,منزل السيد ابو ايهاب,منزل السيد ابو ايهاب,,منزل السيد ابو ايهاب,hospital,32.4854792,35.302288,2254
Jenin,عرانة,منزل السيد ابو ايهاب,منزل السيد ابو ايهاب,,منزل السيد ابو ايهاب,nursing_home,32.4855968,35.3022993,2246
Jenin,السويطات,بت زمان,بت زمان,bait zaman,بيت زمان,restaurant,32.4497297,35.2975958,693
Jenin,عرانة,مكتب الرؤية العالمية جنين,مكتب الرؤية العالمية جنين,World Vision Office Jenin,مكتب الرؤية العالمية جنين,ngo,32.4858475,35.299332,2464
Jenin,يعبد,يوسف الناجي,يوسف الناجي,B.M. Yousef Naji,يوسف الناجي,car_rental,32.4470002,35.1757206,602
Jenin,عانين,مدرسة الأقواس,مدرسة الأقواس,Al-Aqwas School,مدرسة الأقواس,bus_stop,32.50787,35.159978,1030
Jenin,عين إبراهيم,مسجد عراق الشباب,مسجد عراق الشباب,Arak A Shabab Mosque,مسجد عراق الشباب,bus_stop,32.525864,35.144769,1094
Jenin,مخيم جنين,قاعة ادم للافراح,قاعة ادم للافراح,Adam hall for weddings,قاعة ادم للافراح,community_centre,32.465293,35.2777868,1110
Jenin,سيلة الظهر,مطعم ومعجنات الاقصى ٢,مطعم ومعجنات الاقصى ٢,restaurant,مطعم ومعجنات الاقصى ٢,restaurant,32.3160632,35.1900312,607
Jenin,قباطية,دكان ابو ناجح/ مكتبة رزق,دكان ابو ناجح/ مكتبة رزق,,دكان ابو ناجح/ مكتبة رزق,supermarket,32.4124408,35.2800469,324
Jenin,تلفيت,اسكان الجوهرة,اسكان الجوهرة,iskan al jawhara,اسكان الجوهرة,hotel,32.4077013,35.3492885,732
Jenin,عين إبراهيم,جندن/الشافي,جندن/الشافي,Jendn/Ashafi,جندن/الشافي,bus_stop,32.527211,35.15119,1048
Jenin,عين إبراهيم,المنطقة الصناعية,المنطقة الصناعية,Industrial Zone,المنطقة الصناعية,bus_stop,32.533661,35.141353,502
Jenin,عين إبراهيم,المنطقة الصناعية,المنطقة الصناعية,Industrial Zone,المنطقة الصناعية,bus_stop,32.533724,35.141599,478
Jenin,Jenin City,موقف باصات جنين,موقف باصات جنين,,موقف باصات جنين,bus_stop,32.4608894,35.2975114,111
Jenin,الزبابدة,شركة الزغلول للماكينات,شركة الزغلول للماكينات,,شركة الزغلول للماكينات,apartment,32.3915843,35.3211486,707
Jenin,برقين,دار عبد اللطيف حمدان,دار عبد اللطيف حمدان,,دار عبد اللطيف حمدان,guest_house,32.4544777,35.2620003,228
Jenin,Jenin City,شركة لوجكس للصناعات البلاستيكية,شركة لوجكس للصناعات البلاستيكية,Logix plast,شركة لوجكس للصناعات البلاستيكية,company,32.4414433,35.2660925,1678
Jenin,قباطية,مركز الدفاع المدني,مركز الدفاع المدني,,مركز الدفاع المدني,government,32.4102,35.288121,761
Jenin,قباطية,وزارة الزراعة,وزارة الزراعة,,وزارة الزراعة,government,32.4103676,35.2880444,756
Jenin,قباطية,مركز قباطية الصحي,مركز قباطية الصحي,,مركز قباطية الصحي,clinic,32.4106029,35.2879993,755
Jenin,مخيم جنين,مخراز حيفا,مخراز حيفا,,مخراز حيفا,electronics,32.4647672,35.2834913,645
Jenin,Jenin City,معرض صوفيا لبدل العرائس,معرض صوفيا لبدل العرائس,sofia,معرض صوفيا للعرائس,gift,32.4685425,35.2975754,740
Jenin,صانور,فاست فود,فاست فود,fast food,فاست فود,fast_food,32.3486614,35.1999598,1322
Jenin,عرابة,بيت يزن اسامة,بيت يزن اسامة,Yazan osama’s home,بيت يزن اسامة,apartment,32.4061054,35.2109423,733
Jenin,اليامون,عيادة اسنان الدكتور انس,عيادة اسنان الدكتور انس,,عيادة اسنان الدكتور انس,clinic,32.486844,35.2335234,472
Jenin,Jenin City,كرشات,كرشات,,كرشات,restaurant,32.4696641,35.3040259,1056
Jenin,قباطية,ريتا ستور,ريتا ستور,Rita store,ريتا ستور,cosmetics,32.41021,35.288629,808
Jenin,قباطية,باب ناصر إسحاق,باب ناصر إسحاق,,ببت ناصر اسحاق,alpine_hut,32.4127933,35.2860169,667
Jenin,Jenin City,آل حمدان,آل حمدان,,آل حمدان,alpine_hut,32.4418822,35.2692996,1586
Jenin,قباطية,روضة الوان,روضة الوان,,روضة الوان,educational_institution,32.4183849,35.2869486,1178
Jenin,برطعة,د. أحمد الغول,د. أحمد الغول,Dr. Ahmad Ghoul,د. أحمد الغول,dentist,32.4725894,35.0906665,197
Jenin,قباطية,ريتا ستور,ريتا ستور,Rita store,ريتا ستور,gift,32.4102237,35.2886139,807
Jenin,عجة,مطعم قرنفل,مطعم قرنفل,Koronfol restaurant,مطعم قرنفل,restaurant,32.3538092,35.1968684,866
Jenin,الألمانية,منزل محمد ابو عره,منزل محمد ابو عره,,منزل محمد ابو عره,alpine_hut,32.3441643,35.3596665,984
Jenin,ميثلون,الصادق للإتصالات,الصادق للإتصالات,Assadiq Com,الصادق للإتصالات,telecommunication,32.3471905,35.2708055,290
Jenin,مخيم جنين,قاعة نيسان للأفراح,قاعة نيسان للأفراح,,قاعة نيسان للأفراح,hostel,32.4551697,35.2877199,598
Jenin,ميثلون,الهيثم للتجاره العامه,الهيثم للتجاره العامه,,الهيثم للتجاره العامه,supermarket,32.3495728,35.2803566,645
Jenin,مخيم جنين,قاعة نيسان,قاعة نيسان,,قاعة نيسان,community_centre,32.4555046,35.2871969,567
Jenin,Jenin City,اكاديمية حساب الذكاء العقلي - اقرأ,اكاديمية حساب الذكاء العقلي - اقرأ,IMA- IQRA,اكاديمية حساب الذكاء العقلي - اقرأ,school,32.4645886,35.3008803,433
Jenin,السويطات,المدرسة الماليزية للبنات,المدرسة الماليزية للبنات,,The Malaysian school for girls,school,32.4517378,35.3030744,599
Jenin,Jenin City,قصر علي بابا,قصر علي بابا,,قصر علي بابا,restaurant,32.4719283,35.2994785,1131
Jenin,Jenin City,فوانيس,فوانيس,,فوانيس,restaurant,32.4623276,35.2984661,98
Jenin,سيلة الظهر,شركة سيلة الظهر لتجارة السيارات,شركة سيلة الظهر لتجارة السيارات,,شركة سيلة الظهر لتجارة السيارات,car,32.3231409,35.1919197,744
Jenin,سيريس,عيادة الدكتور حسن فريد برهم,عيادة الدكتور حسن فريد برهم,Dr. Hasan Fareed Barham clinic,عيادة الدكتور حسن فريد برهم,doctors,32.3298397,35.2914543,208
Jenin,مخيم جنين,الهدف,الهدف,Al HadaF,الهدف,supermarket,32.4639457,35.2827234,638
Jenin,مسلية,جاد سوبر ماركت,جاد سوبر ماركت,,جاد سوبر ماركت,supermarket,32.3888755,35.2846202,432
Jenin,مسلية,مخبز مسلية,مخبز مسلية,,مخبز مسلية,bakery,32.3873618,35.2872115,147
Jenin,مسلية,سوبرماركت امين,سوبرماركت امين,,سوبرماركت امين,supermarket,32.3869562,35.2865724,155
Jenin,مسلية,صالون توب مان للرجال,صالون توب مان للرجال,,صالون توب مان للرجال,beauty,32.3875989,35.2869688,181
Jenin,مسلية,مركز شحن كهرباء طوباس,مركز شحن كهرباء طوباس,,مركز شحن كهرباء طوباس,telecommunication,32.3866976,35.2886722,85
Jenin,مسلية,منجرة ابراهيم ابو الرب,منجرة ابراهيم ابو الرب,,منجرة ابراهيم ابو الرب,furniture,32.3915549,35.2832224,743
Jenin,مسلية,قاعة ايلول للافراح والمناسبات,قاعة ايلول للافراح والمناسبات,,قاعة ايلول للافراح والمناسبات,community_centre,32.3892235,35.2840459,498
Jenin,مسلية,الحاج رشيد لمواد البناء,الحاج رشيد لمواد البناء,,الحاج رشيد لمواد البناء,department_store,32.3867728,35.289664,171
Jenin,مسلية,دكان ابو مالك قصراوي,دكان ابو مالك قصراوي,,دكان ابو مالك قصراوي,supermarket,32.3872014,35.2870746,139
Jenin,مسلية,سوبرماركت ابو تامر قصراوي,سوبرماركت ابو تامر قصراوي,,سوبرماركت ابو تامر قصراوي,supermarket,32.3854567,35.2877705,86
Jenin,Jenin City,اوتو بلس,اوتو بلس,auto +,اوتو بلس,car_repair,32.4820174,35.2995296,2246
Jenin,مخيم جنين,منزل أبو عصام الصباغ,منزل أبو عصام الصباغ,Abu Esam Sabbagh,منزل أبو عصام الصباغ,motel,32.4602001,35.2909374,260
Jenin,Jenin City,منزل عدنان السوقي,منزل عدنان السوقي,Adnan Alsuqi Home,منزل عدنان السوقي,motel,32.4596996,35.2966833,257
Jenin,الجديدة,ديوان آل جرار,ديوان آل جرار,,ديوان آل جرار,conference_centre,32.3364431,35.2989102,184
Jenin,الجديدة,مدرسة الجديدة الثانوية للبنات,مدرسة الجديدة الثانوية للبنات,,مدرسة الجديدة الثانوية للبنات,school,32.3354834,35.299042,142
Jenin,الجديدة,مسجد صلاح الدين الايوبي,مسجد صلاح الدين الايوبي,Salah Al-Din Al-Ayubi Mosque,مسجد صلاح الدين الأيوبي,place_of_worship,32.3430405,35.3051442,938
Jenin,الجديدة,دواجن الأدهم (الفرع الثاني),دواجن الأدهم (الفرع الثاني),,دواجن الأدهم (الفرع الثاني),butcher,32.3411039,35.3043657,714
Jenin,الجديدة,عيادة الدكتور حذيفة قلالوة,عيادة الدكتور حذيفة قلالوة,,عيادة الدكتور حذيفة قلالوة,clinic,32.3415787,35.3062246,857
Jenin,الجديدة,سوبرماركت الكينا,سوبرماركت الكينا,Supermarket Alkeenah,سوبرماركت الكينا,supermarket,32.3426812,35.3052778,909
Jenin,الجديدة,سوبرماركت الكينا,سوبرماركت الكينا,Supermarket Slkeenah,سوبرماركت الكينا,supermarket,32.34277,35.3049047,901
Jenin,برطعة,مشتل البراعم,مشتل البراعم,mushtal albaraeim,مشتل البراعم,garden_centre,32.4807257,35.083328,968
Jenin,برطعة,مشتل الغدير,مشتل الغدير,mushtal alghader,مشتل الغدير,garden_centre,32.4802773,35.0839466,892
Jenin,برطعة,مشتل الامل,مشتل الامل,mushtal alamal,مشتل الامل,garden_centre,32.4796836,35.0844967,808
Jenin,برطعة,مشتل عمران,مشتل عمران,mushtal emran,مشتل عمران,garden_centre,32.4769829,35.0881773,357
Jenin,برطعة,مشتل كبها,مشتل كبها,mushtal kabaha,مشتل كبها,garden_centre,32.4777631,35.0868516,502
Jenin,برطعة,موبايل هوم,موبايل هوم,Mobile Home,موبايل هوم,mobile_phone,32.4745249,35.088276,194
Jenin,برطعة,بيتسا السهل,بيتسا السهل,Pizza Alsaheel,بيتسا السهل,fast_food,32.4745138,35.0882129,200
Jenin,برطعة,مطبخ ومطعم العريشة,مطبخ ومطعم العريشة,,مطبخ ومطعم العريشة,restaurant,32.4734408,35.084903,519
Jenin,برطعة,منير صبري كبها - مكتب محاماة,منير صبري كبها - مكتب محاماة,,منير صبري كبها - مكتب محاماة,lawyer,32.4733786,35.0846024,548
Jenin,برطعة,عيادة د.لؤي مدلج,عيادة د.لؤي مدلج,dr. Loai Midlij clinic,د.لؤي مدلج,doctors,32.4729616,35.083501,659
Jenin,برطعة,ماركت الدوار,ماركت الدوار,Aldawar Market,ماركت الدوار,convenience,32.4761394,35.0892401,225
Jenin,برطعة,كراميكا برطعة,كراميكا برطعة,Bartaa Ceramics,كراميكا برطعة,tiles,32.4723078,35.0900006,228
Jenin,برطعة,امور,امور,Amor,امور,fashion_accessories,32.4747763,35.0930017,255
Jenin,برطعة,صيدلية كلاليت,صيدلية كلاليت,Clalit Pharmacy,صيدلية كلاليت,pharmacy,32.4777348,35.0855042,590
Jenin,برطعة,كيوسك الدوار,كيوسك الدوار,kiosk aldawar,كيوسك الدوار,kiosk,32.4753033,35.0898463,117
Jenin,برطعة,كيوسك الدوار,كيوسك الدوار,kiosk aldawar,كيوسك الدوار - الفرع الثاني,fast_food,32.4784928,35.0858455,625
Jenin,برطعة,كلاليت,كلاليت,Clalit Healthcare,صندوق مرضى كلاليت,clinic,32.4779765,35.0856265,599
Jenin,برطعة,نظارات عمر باشا,نظارات عمر باشا,omar basha optics,نظارات عمر باشا,optician,32.4765612,35.0855747,511
Jenin,برطعة,فيرس كار 4x4,فيرس كار 4x4,first car 4x4,فيرس كار 4x4,car_parts,32.4788509,35.0854092,682
Jenin,برطعة,محلات العبيدي للادوات المنزلية,محلات العبيدي للادوات المنزلية,alobaidi houseware,محلات العبيدي للادوات المنزلية,houseware,32.4752464,35.089889,110
Jenin,برطعة,العاب غنى,العاب غنى,ghana toys,العاب غنى,toys,32.4753287,35.0897903,122
Jenin,برطعة,صندوق المرضى مئوحيدت,صندوق المرضى مئوحيدت,Kupat Holim Meuhedet,صندوق المرضى مئوحيدت,clinic,32.4756663,35.0890618,190
Jenin,برطعة,مشتل يعقوب كبها,مشتل يعقوب كبها,mashtal yaaqob,مشتل يعقوب كبها,garden_centre,32.4668161,35.0914602,843
Jenin,برطعة,مشتل الغدير,مشتل الغدير,mushtal alghader,مشتل الغدير,garden_centre,32.4668241,35.0909887,838
Jenin,برطعة,مغسلة وكماليات الملك للسيارات,مغسلة وكماليات الملك للسيارات,Almalek car wash,مغسلة وكماليات الملك للسيارات,car_wash,32.48068,35.0833294,964
Jenin,برطعة,بستان النجوم,بستان النجوم,bostan alnojom,بستان النجوم,kindergarten,32.4765547,35.0815197,863
Jenin,برطعة,روضة الحياة,روضة الحياة,Alhayat kindergarten,روضة الحياة,kindergarten,32.4766669,35.081539,865
Jenin,برطعة,ماركات الاخوة,ماركات الاخوة,the brothers brands,ماركات الاخوة,clothes,32.4795903,35.08453,799
Jenin,برطعة,كامبوس - اثاث مكتبي,كامبوس - اثاث مكتبي,,campus,stationery,32.4795246,35.0845402,793
Jenin,برطعة,قهوة +,قهوة +,coffe +,coffe +,cafe,32.4788095,35.085462,676
Jenin,برطعة,ابو مهدي للمفروشات,ابو مهدي للمفروشات,abo mahde furniture store,ابو مهدي للمفروشات,furniture,32.4772968,35.0880622,392
Jenin,برطعة,فيردي,فيردي,verde,VERDE,household_linen,32.4784112,35.0859543,612
Jenin,برطعة,خضار وفواكة الجلماوي,خضار وفواكة الجلماوي,,خضار وفواكة الجلماوي,greengrocer,32.4756695,35.0896295,162
Jenin,برطعة,فرشات المركز,فرشات المركز,,فرشات المركز,bed,32.4762213,35.0891946,235
Jenin,برطعة,بينجو ستوك,بينجو ستوك,Bingo stock,Bingo stock,interior_decoration,32.4783579,35.0860423,602
Jenin,برطعة,سوبر ماركت هيثم,سوبر ماركت هيثم,haytham supermarket,سوبر ماركت هيثم,supermarket,32.4782227,35.0862685,576
Jenin,برطعة,منير فون,منير فون,moneer phone,moneer phone,mobile_phone,32.4773608,35.0879819,402
Jenin,برطعة,فرشات عماد,فرشات عماد,,فرشات عماد,bed,32.4755257,35.0898117,141
Jenin,برطعة,اسواق العائلة,اسواق العائلة,,اسواق العائلة,wholesale,32.4723534,35.0896204,230
Jenin,برطعة,مركز الخضار والفواكة,مركز الخضار والفواكة,,مركز الخضار والفواكة,greengrocer,32.4754069,35.0898893,126
Jenin,برطعة,مغسلة وكماليات المثلث,مغسلة وكماليات المثلث,,مغسلة وكماليات المثلث,car_wash,32.474489,35.0905463,26
Jenin,برطعة,مؤسسة مناصرة للسجاد والموكيت,مؤسسة مناصرة للسجاد والموكيت,,مؤسسة مناصرة للسجاد والموكيت,carpet,32.4722357,35.0896098,243
Jenin,برطعة,خضار وفواكه بلال,خضار وفواكه بلال,,خضار وفواكه بلال,greengrocer,32.475295,35.0897684,119
Jenin,برطعة,كهرباء كبها,كهرباء كبها,,كهرباء كبها,electronics,32.4754792,35.0898451,135
Jenin,برطعة,رويال تك,رويال تك,Royal Tech,Royal Tech,computer,32.4758826,35.0895122,189
Jenin,برقين,قاعة النخيل للافراح - برقين,قاعة النخيل للافراح - برقين,,قاعة النخيل للافراح - برقين,artwork,32.4474259,35.2616281,979
Jenin,برطعة,مفروشات وستائر الدوار,مفروشات وستائر الدوار,,مفروشات وستائر الدوار,furniture,32.4759762,35.0889863,222
Jenin,برطعة,محلات الربيع,محلات الربيع,,محلات الربيع,hardware,32.4677561,35.0902175,732
Jenin,برطعة,الجميلة ستايل,الجميلة ستايل,,الجميلة ستايل,clothes,32.4715419,35.0897691,315
Jenin,برطعة,مطعم الايهم الشعبي,مطعم الايهم الشعبي,,مطعم الايهم الشعبي,fast_food,32.467839,35.090215,723
Jenin,برطعة,كرز,كرز,,كرز,interior_decoration,32.4715175,35.0896918,319
Jenin,برطعة,معرض الباسل,معرض الباسل,,معرض الباسل,appliance,32.47149,35.0896156,324
Jenin,برطعة,عيادة الدكتور غسان كبها,عيادة الدكتور غسان كبها,,عيادة الدكتور غسان كبها,doctors,32.4758404,35.0881087,268
Jenin,برطعة,مفروشات البتول,مفروشات البتول,,مفروشات البتول,furniture,32.466873,35.09172,840
Jenin,برطعة,بيتسا نابولي,بيتسا نابولي,Pizza Napoli,بيتسا نابولي,restaurant,32.4758522,35.0882632,257
Jenin,برطعة,كراج حيفا,كراج حيفا,,كراج حيفا,car_repair,32.4676474,35.0902061,744
Jenin,برطعة,جوري دنت,جوري دنت,Joory Dent,جوري دنت - د.محمود كبها,dentist,32.4757273,35.0876602,295
Jenin,برطعة,مكتبة نديم,مكتبة نديم,,مكتبة نديم,books,32.475727,35.0868005,366
Jenin,برطعة,كبها صبحي كبها مكتب محاماه,كبها صبحي كبها مكتب محاماه,,كبها صبحي كبها مكتب محاماه,lawyer,32.4757531,35.0877649,288
Jenin,برطعة,ازمير للسجاد,ازمير للسجاد,,ازمير للسجاد,carpet,32.4757425,35.0896007,171
Jenin,برطعة,معرض ابو شنب للسجاد,معرض ابو شنب للسجاد,,معرض ابو شنب للسجاد,carpet,32.4761321,35.0889602,238
Jenin,برطعة,فواكة باب الحارة,فواكة باب الحارة,,فواكة باب الحارة,greengrocer,32.4762042,35.088927,246
Jenin,برطعة,انت كتور,انت كتور,,انت كتور,clothes,32.4762591,35.0888862,253
Jenin,برطعة,كرسبي بورجر,كرسبي بورجر,,كرسبي,restaurant,32.4767116,35.0937984,419
Jenin,برطعة,فور مدام,فور مدام,For Madam,For Madam,clothes,32.4781885,35.0863744,567
Jenin,برطعة,متحف السلطان للتحف والهدايا,متحف السلطان للتحف والهدايا,,متحف السلطان للتحف والهدايا,interior_decoration,32.4784547,35.0858995,619
Jenin,برطعة,مذاق فاخر,مذاق فاخر,,مذاق فاخر,fast_food,32.4767233,35.088662,308
Jenin,برطعة,رياض فارم,رياض فارم,Riad pharm,رياض فارم,chemist,32.4766376,35.0887588,296
Jenin,برطعة,سيف سنتر لمواد البناء,سيف سنتر لمواد البناء,,سيف سنتر لمواد البناء,trade,32.4770829,35.0882911,361
Jenin,برطعة,روميو وجولييت,روميو وجولييت,Romeo juliet,روميو وجولييت للادوات المنزلية,interior_decoration,32.4770359,35.0883276,354
Jenin,برطعة,حرباوي,حرباوي,Herbawi,الحرباوي لصناعة الاسفنج والفرشات,bed,32.4752298,35.0896423,119
Jenin,برطعة,اثاث الضفاوي,اثاث الضفاوي,Aldafawe furniture,اثاث الضفاوي,furniture,32.4769526,35.0884424,341
Jenin,برطعة,لبيستو,لبيستو,L Besto,L Besto,restaurant,32.4766808,35.0887146,302
Jenin,برطعة,سوبر ماركت ومحلات الأمير التجارية,سوبر ماركت ومحلات الأمير التجارية,,سوبر ماركت ومحلات الأمير التجارية,supermarket,32.4761653,35.0937216,377
Jenin,برطعة,السلام لمواد البناء,السلام لمواد البناء,,السلام لمواد البناء,hardware,32.4764354,35.0942997,439
Jenin,برطعة,عيادة د. وليد حبايب,عيادة د. وليد حبايب,,عيادة د. وليد حبايب,doctors,32.4762967,35.093836,394
Jenin,برطعة,عيادة د. سليمة حبايب,عيادة د. سليمة حبايب,,عيادة د. سليمة حبايب,doctors,32.4763509,35.0939043,403
Jenin,برطعة,غاز السلطان,غاز السلطان,,غاز السلطان,gas,32.474383,35.0903855,7
Jenin,برطعة,امان سيستيم,امان سيستيم,Aman System,Aman System,security,32.4765519,35.0856723,502
Jenin,برطعة,سوبر ماركت هيثم,سوبر ماركت هيثم,,سوبر ماركت هيثم,convenience,32.4679699,35.0900642,708
Jenin,برطعة,حلويات حسيبا,حلويات حسيبا,haseba sweets,حلويات حسيبا,confectionery,32.4736585,35.0934556,302
Jenin,برطعة,سليط وشركائه لقطع الغيار,سليط وشركائه لقطع الغيار,,معزوز سليط,car_parts,32.4681039,35.0900792,693
Jenin,برطعة,كراج حموده,كراج حموده,,كراج حموده,car_repair,32.4681546,35.0900857,688
Jenin,برطعة,ديكورات الانسام,ديكورات الانسام,,ديكورات الانسام,craft,32.4736795,35.0924976,216
Jenin,برطعة,كمبيوتر برطعة,كمبيوتر برطعة,,كمبيوتر برطعة,computer,32.4737563,35.0925263,215
Jenin,برطعة,صالون لبنان,صالون لبنان,,صالون لبنان,hairdresser,32.4731548,35.0931188,292
Jenin,برطعة,مركز نادي الأحبة,مركز نادي الأحبة,,مركز نادي الأحبة,nutrition_counselling,32.4757606,35.0878046,285
Jenin,برطعة,دكان عطارة,دكان عطارة,,دكان عطارة,spices,32.4738104,35.0922439,188
Jenin,برطعة,زمزم,زمزم,,زمزم,water_utility,32.4757766,35.0878786,281
Jenin,برطعة,معرض رونيت للاحذية,معرض رونيت للاحذية,,معرض رونيت للاحذية,shoes,32.4765181,35.088881,278
Jenin,برطعة,مكتب تصميم معماري - عمر كبها,مكتب تصميم معماري - عمر كبها,,مكتب تصميم معماري - عمر كبها,architect,32.475726,35.0867329,372
Jenin,برطعة,شالات واكسسوارات الخليج,شالات واكسسوارات الخليج,,شالات واكسسوارات الخليج,fashion_accessories,32.4764912,35.0889113,274
Jenin,برطعة,سوبرماركت القدس,سوبرماركت القدس,,سوبرماركت القدس,convenience,32.477178,35.0879207,389
Jenin,برطعة,ادوات ومواد زراعية,ادوات ومواد زراعية,,ادوات ومواد زراعية,agrarian,32.4764189,35.0889963,263
Jenin,برطعة,زهور الاقصى,زهور الاقصى,,زهور الاقصى,interior_decoration,32.4771044,35.0879799,379
Jenin,برطعة,ماركو بولو - سجاد تركي,ماركو بولو - سجاد تركي,,ماركو بولو - سجاد تركي,carpet,32.4764608,35.0889533,269
Jenin,برطعة,الجمال النقي,الجمال النقي,,pure beauty,beauty,32.4775447,35.0872758,458
Jenin,برطعة,اديب للعدة,اديب للعدة,,اديب للعدة,hardware,32.4767966,35.0885608,320
Jenin,برطعة,مركز الحمص والفول,مركز الحمص والفول,,مركز الحمص والفول,fast_food,32.4763316,35.0890664,252
Jenin,برطعة,الجينز الذهبي,الجينز الذهبي,,gold jeans,clothes,32.4767179,35.0883932,321
Jenin,برطعة,ابو محمود السلاوي للمفروشات,ابو محمود السلاوي للمفروشات,,ابو محمود السلاوي للمفروشات,furniture,32.475182,35.0895688,118
Jenin,برطعة,مشاوي الدوار,مشاوي الدوار,,مشاوي الدوار,fast_food,32.4754316,35.0892133,161
Jenin,برطعة,سند كار,سند كار,sanad car,سند كار,car_parts,32.4793769,35.0847825,765
Jenin,برطعة,مغسلة السلام,مغسلة السلام,,مغسلة السلام,car_wash,32.4787626,35.0855016,669
Jenin,برطعة,لؤلؤة,لؤلؤة,,لؤلؤة,convenience,32.4777971,35.0867493,511
Jenin,برطعة,كبها كار,كبها كار,kabaha car,كبها كار,car_parts,32.4800647,35.0841216,863
Jenin,برطعة,5 star للفرش المنزلي,5 star للفرش المنزلي,,5 star للفرش المنزلي,household_linen,32.4794257,35.0847342,772
Jenin,برطعة,ع الماشي,ع الماشي,,ع الماشي,kiosk,32.4793316,35.0848125,760
Jenin,برطعة,محل اراجيل,محل اراجيل,,محل اراجيل,tobacco,32.4778559,35.0866484,522
Jenin,برطعة,ملحمة رسمي واولادة,ملحمة رسمي واولادة,,ملحمة رسمي واولادة,butcher,32.4778975,35.0865626,531
Jenin,برطعة,بلاستيك,بلاستيك,plastic,plastic,interior_decoration,32.4779682,35.0864296,545
Jenin,برطعة,عالم الطباعة والحفر,عالم الطباعة والحفر,,عالم الطباعة والحفر,art,32.4794708,35.0846713,780
Jenin,برطعة,شركة ابو صلاح للمفروشات,شركة ابو صلاح للمفروشات,,شركة ابو صلاح للمفروشات,furniture,32.4801178,35.0840628,872
Jenin,برطعة,عدن سنتر,عدن سنتر,,عدن سنتر,interior_decoration,32.4781559,35.0865664,553
Jenin,برطعة,محامص وسوبر ماركت الاماني,محامص وسوبر ماركت الاماني,,محامص وسوبر ماركت الاماني,supermarket,32.4787221,35.0855524,663
Jenin,برطعة,إلين كوتور,إلين كوتور,,Eleen couture,clothes,32.4785818,35.0857431,639
Jenin,برطعة,امين لصناعة الفخار,امين لصناعة الفخار,,امين لصناعة الفخار,garden_centre,32.4799347,35.0842741,843
Jenin,برطعة,الاقصى للافران,الاقصى للافران,,الاقصى للافران,appliance,32.4800093,35.0841875,855
Jenin,برطعة,ركوة عرب للاقمشة,ركوة عرب للاقمشة,,ركوة عرب للاقمشة,fabric,32.4752042,35.0896168,118
Jenin,برطعة,الورد الجوري,الورد الجوري,,الورد الجوري,interior_decoration,32.4785509,35.0857977,633
Jenin,برطعة,بيتا للصناعات الحديدية,بيتا للصناعات الحديدية,,بيتا للصناعات الحديدية,recycling,32.4805461,35.0836273,934
Jenin,برطعة,بيت العز للمفروشات,بيت العز للمفروشات,,بيت العز للمفروشات,furniture,32.4751696,35.0903565,93
Jenin,برطعة,محلات رفيف للعرائس,محلات رفيف للعرائس,,محلات رفيف للعرائس,clothes,32.4765757,35.0888954,283
Jenin,برطعة,عالم نوريستا,عالم نوريستا,,عالم نوريستا,yes,32.4801584,35.0840161,878
Jenin,برطعة,المثلث للادوية الزراعية والبيطرية,المثلث للادوية الزراعية والبيطرية,,المثلث للادوية الزراعية والبيطرية,pet,32.4771991,35.0878621,394
Jenin,برطعة,محل تحف,محل تحف,,محل تحف,interior_decoration,32.4752049,35.0900243,101
Jenin,برطعة,بوتيك حنان,بوتيك حنان,,بوتيك حنان,clothes,32.4775116,35.0873781,449
Jenin,برطعة,لاڤيتا,لاڤيتا,Laveta,Laveta,gift,32.4780097,35.0863508,554
Jenin,برطعة,الوسيم للاتصالات,الوسيم للاتصالات,,الوسيم للاتصالات,mobile_phone,32.4751773,35.0909991,112
Jenin,برطعة,مفروشات السمور,مفروشات السمور,,مفروشات السمور,furniture,32.4753111,35.0900136,113
Jenin,برطعة,شركة سحر الشرق للاقمشة والمفروشات,شركة سحر الشرق للاقمشة والمفروشات,,شركة سحر الشرق للاقمشة والمفروشات,furniture,32.475176,35.0902769,94
Jenin,برطعة,الدفع للكوكتيل والبوظه,الدفع للكوكتيل والبوظه,,البيان للكوكتيل والبوظه,ice_cream,32.4751876,35.0901092,97
Jenin,برطعة,النجوم للتحف والهدايا,النجوم للتحف والهدايا,,النجوم للتحف والهدايا,interior_decoration,32.475169,35.0909551,109
Jenin,برطعة,شركة العفوري للصناعة التجارية,شركة العفوري للصناعة التجارية,,شركة العفوري للصناعة التجارية,bed,32.4752925,35.0911675,132
Jenin,برطعة,ايوب للطيور واسماك الزينة,ايوب للطيور واسماك الزينة,,ايوب للطيور واسماك الزينة,pet,32.4752586,35.0902678,103
Jenin,برطعة,معرض الامل للفرش المنزلي,معرض الامل للفرش المنزلي,,معرض الامل للفرش المنزلي,furniture,32.4752272,35.0910363,119
Jenin,برطعة,ملحمة ودواجن ابو السعيد,ملحمة ودواجن ابو السعيد,,ملحمة ودواجن ابو السعيد,butcher,32.4753738,35.0913063,147
Jenin,برطعة,المطبخ الشامي,المطبخ الشامي,,المطبخ الشامي,restaurant,32.4752735,35.0930401,274
Jenin,برطعة,ملحمة السهل الاخضر,ملحمة السهل الاخضر,,ملحمة السهل الاخضر,butcher,32.4750587,35.0929214,256
Jenin,برطعة,فنانة مكياج وئام,فنانة مكياج وئام,,Weam makeup artist,cosmetics,32.4762817,35.0912441,233
Jenin,برطعة,صالون كفاح للرجال,صالون كفاح للرجال,,صالون كفاح للرجال,hairdresser,32.4751066,35.0929502,260
Jenin,برطعة,أزياء العلامات التجارية,أزياء العلامات التجارية,,brands fashion,clothes,32.4757305,35.0935141,336
Jenin,برطعة,بناشر واطارات العين,بناشر واطارات العين,,بناشر واطارات العين,tyres,32.4761277,35.0936022,366
Jenin,برطعة,د. مقص للرجال,د. مقص للرجال,,د. مقص للرجال,hairdresser,32.4760566,35.0937081,370
Jenin,برطعة,ملحمة العين,ملحمة العين,,ملحمة العين,butcher,32.4761955,35.0941368,412
Jenin,برطعة,طابون جفرا,طابون جفرا,,طابون جفرا,bakery,32.4761158,35.0937986,380
Jenin,برطعة,ماركت يافا,ماركت يافا,,ماركت يافا,supermarket,32.47549,35.0932316,301
Jenin,برطعة,اعلاف الابراهيمي واخوانة,اعلاف الابراهيمي واخوانة,,اعلاف الابراهيمي واخوانة,agrarian,32.4753307,35.0930889,281
Jenin,برطعة,هدايا مريم,هدايا مريم,,هدايا مريم,gift,32.4767767,35.0941444,449
Jenin,برطعة,مركز بيطرية للادوية البيطرية,مركز بيطرية للادوية البيطرية,,مركز بيطرية للادوية البيطرية,veterinary,32.4753868,35.0931264,287
Jenin,برطعة,السللطان لتوزيع الغاز,السللطان لتوزيع الغاز,,السللطان لتوزيع الغاز,gas,32.476161,35.0939084,392
Jenin,برطعة,البقان,البقان,,pecan,pastry,32.4780547,35.086162,569
Jenin,برطعة,البيت الشامي,البيت الشامي,,البيت الشامي,furniture,32.4781031,35.0860127,583
Jenin,برطعة,المصري لوازم خياطين,المصري لوازم خياطين,,المصري لوازم خياطين,sewing,32.47557,35.0915082,176
Jenin,برطعة,بيسان القهوة والشوكولاتة,بيسان القهوة والشوكولاتة,,Besan coffee & chocolate,coffee,32.4780063,35.086273,558
Jenin,برطعة,أزبيرجا على عجل,أزبيرجا على عجل,,azberga shesha,tobacco,32.4754985,35.0914513,166
Jenin,برطعة,مكاني,مكاني,,my place,cosmetics,32.4793011,35.0865075,659
Jenin,برطعة,السعدي لمواد التنظيف ولوازم الاعراس,السعدي لمواد التنظيف ولوازم الاعراس,,السعدي لمواد التنظيف ولوازم الاعراس,convenience,32.4732786,35.0931533,289
Jenin,برطعة,أثاث أورنيلا,أثاث أورنيلا,,ornella furniture,interior_decoration,32.4767603,35.0883521,328
Jenin,برطعة,ملحمة بدر,ملحمة بدر,,ملحمة بدر,butcher,32.4775801,35.0880697,419
Jenin,برطعة,مغسلة البلد,مغسلة البلد,,مغسلة البلد,car_wash,32.479313,35.0853764,723
Jenin,برطعة,اكسسوارات ياسمين,اكسسوارات ياسمين,,Yasmen Accessories,fashion_accessories,32.475968,35.0899663,185
Jenin,برطعة,قطع غيار الحرفيون,قطع غيار الحرفيون,قطع غيار الحرفيون,قطع غيار الحرفيون,car_parts,32.4794441,35.0862732,684
Jenin,برطعة,رفوف الأحذية,رفوف الأحذية,kabaha shelves,kabaha shelves,stationery,32.4792044,35.0855352,704
Jenin,برطعة,سوبر ماركت الشام,سوبر ماركت الشام,,سوبر ماركت الشام,convenience,32.4733249,35.0931929,291
Jenin,برطعة,صالون جانجا,صالون جانجا,,صالون جانجا,hairdresser,32.4774713,35.0880074,411
Jenin,برطعة,عيادة د.فائد كبها,عيادة د.فائد كبها,,عيادة د.فائد كبها,dentist,32.4793675,35.0880228,600
Jenin,برطعة,شركة ومحلات سنابل النصر,شركة ومحلات سنابل النصر,,شركة ومحلات سنابل النصر,spices,32.4735035,35.0932209,286
Jenin,برطعة,شركة ومحلات سنابل النصر,شركة ومحلات سنابل النصر,,شركة ومحلات سنابل النصر,spices,32.4735575,35.093431,303
Jenin,برطعة,صيدلية الحكمة,صيدلية الحكمة,,صيدلية الحكمة,chemist,32.4734497,35.0931635,283
Jenin,برطعة,سوق المزيج,سوق المزيج,,mix market,convenience,32.4725405,35.0928537,309
Jenin,برطعة,مخيطة الازهار,مخيطة الازهار,,مخيطة الازهار,tailor,32.4723677,35.0928022,319
Jenin,برطعة,هاتف مونر,هاتف مونر,,Monner Phone,mobile_phone,32.4734756,35.0933,294
Jenin,برطعة,مطعم ابو محمود,مطعم ابو محمود,,مطعم ابو محمود,fast_food,32.4743562,35.093214,270
Jenin,برطعة,خضار وفواكة ابو السراج,خضار وفواكة ابو السراج,,خضار وفواكة ابو السراج,greengrocer,32.4727512,35.0929271,300
Jenin,برطعة,ملحمة الكرم,ملحمة الكرم,,ملحمة الكرم,butcher,32.4731602,35.0930512,286
Jenin,برطعة,ابو صلاح للاتصالات,ابو صلاح للاتصالات,,ابو صلاح للاتصالات,mobile_phone,32.4732151,35.0931393,291
Jenin,برطعة,صالح للاتصالات,صالح للاتصالات,,صالح للاتصالات,mobile_phone,32.4731021,35.093027,287
Jenin,برطعة,كيوسك الكرم,كيوسك الكرم,,كيوسك الكرم,kiosk,32.4732678,35.0930844,284
Jenin,برطعة,مخيطة الشهد,مخيطة الشهد,,مخيطة الشهد,tailor,32.4746755,35.0926668,222
Jenin,برطعة,سوبرمارت النور,سوبرمارت النور,,سوبرمارت النور,supermarket,32.4730482,35.0930028,288
Jenin,برطعة,البيت للفرش المنزلي,البيت للفرش المنزلي,,البيت للفرش المنزلي,household_linen,32.4729916,35.0929833,290
Jenin,برطعة,ملحمة التلاوي للدواجن,ملحمة التلاوي للدواجن,,ملحمة التلاوي للدواجن,butcher,32.4722655,35.0927612,324
Jenin,برطعة,محلات الاخوة للادوات المنزلية,محلات الاخوة للادوات المنزلية,,محلات الاخوة للادوات المنزلية,houseware,32.4720243,35.0926949,339
Jenin,برطعة,عيادة الدكتورة بيان تيسير الكيلاني,عيادة الدكتورة بيان تيسير الكيلاني,,عيادة الدكتورة بيان تيسير الكيلاني,doctors,32.4690095,35.0942772,698
Jenin,برطعة,محل السلام للدواجن,محل السلام للدواجن,,محل السلام للدواجن,butcher,32.474325,35.0923254,187
Jenin,برطعة,عيادة اسنان د.بشير كبها,عيادة اسنان د.بشير كبها,,عيادة اسنان د.بشير كبها,dentist,32.4696195,35.0938851,621
Jenin,برطعة,معرض حدوثاوي للحجر وبعدش,معرض حدوثاوي للحجر وبعدش,,معرض الفحماوي للحجر والشايش,trade,32.4669078,35.0913706,832
Jenin,برطعة,شايش ساهر,شايش ساهر,,شايش ساهر,trade,32.4669295,35.091501,831
Jenin,برطعة,شايش الهندي,شايش الهندي,,شايش الهندي,trade,32.4669782,35.091721,828
Jenin,برطعة,شايش اليمامة,شايش اليمامة,,شايش اليمامة,trade,32.4667247,35.0911141,849
Jenin,برطعة,مفروشات نابلس,مفروشات نابلس,,مفروشات نابلس,furniture,32.4682096,35.0943638,779
Jenin,برطعة,مجمع قصر العروس,مجمع قصر العروس,,مجمع قصر العروس,clothes,32.4748341,35.0911489,94
Jenin,برطعة,مفروشات الين,مفروشات الين,,مفروشات الين,furniture,32.4690396,35.0940642,685
Jenin,برطعة,محمد كبها مكتب مدقق حسابات,محمد كبها مكتب مدقق حسابات,,محمد كبها مكتب مدقق حسابات,accountant,32.4732889,35.0840129,604
Jenin,برطعة,مركز الرواد الثقافي للكمبيوتر,مركز الرواد الثقافي للكمبيوتر,,مركز الرواد الثقافي للكمبيوتر,computer,32.4746012,35.090862,58
Jenin,برطعة,بيت العسل الطّبيعي,بيت العسل الطّبيعي,,بيت العسل الطّبيعي,confectionery,32.4678602,35.0930721,764
Jenin,برطعة,ميني ماركت ابو بكر,ميني ماركت ابو بكر,,ميني ماركت ابو بكر,convenience,32.474617,35.0933652,286
Jenin,برطعة,محمص وبن الخط الاخضر,محمص وبن الخط الاخضر,,محمص وبن الخط الاخضر,spices,32.4751584,35.0908738,104
Jenin,برطعة,5 ستار للشباب,5 ستار للشباب,,5 ستار للشباب,clothes,32.4751864,35.0905259,96
Jenin,برطعة,محمص ومطاحن الزعبوب,محمص ومطاحن الزعبوب,,محمص ومطاحن الزعبوب,spices,32.4774159,35.0879925,407
Jenin,برطعة,صالون سنتر للرجال,صالون سنتر للرجال,,صالون سنتر للرجال,hairdresser,32.4745439,35.0933778,286
Jenin,برطعة,مكتبة الزهراء,مكتبة الزهراء,,مكتبة الزهراء,books,32.4748377,35.0933417,288
Jenin,برطعة,المطعم الشعبي,المطعم الشعبي,,المطعم الشعبي,fast_food,32.4751553,35.0907962,101
Jenin,برطعة,مصنع الاديب للشايش والحجر,مصنع الاديب للشايش والحجر,,مصنع الاديب للشايش والحجر,trade,32.4643846,35.0905564,1107
Jenin,برطعة,019 جوال,019 جوال,,019 mobile,mobile_phone,32.4744922,35.0933715,285
Jenin,برطعة,باريس للسجاد,باريس للسجاد,,باريس للسجاد,carpet,32.4751584,35.0906861,97
Jenin,برطعة,رامي كيدز,رامي كيدز,,رامي كيدز,clothes,32.4751728,35.0906191,97
Jenin,برطعة,ستوديو سميح,ستوديو سميح,,ستوديو سميح,studio,32.4765897,35.0930382,357
Jenin,برطعة,5 ستار,5 ستار,,5 ستار,clothes,32.4751561,35.090734,99
Jenin,برطعة,عيادة د. حازم مدلج,عيادة د. حازم مدلج,,عيادة د. حازم مدلج,dentist,32.474498,35.0880009,220
Jenin,برطعة,هيثم للعدة,هيثم للعدة,,هيثم للعدة,electrical,32.4725479,35.0929693,317
Jenin,برطعة,امبيريا,امبيريا,,امبيريا,furniture,32.479385,35.0867264,656
Jenin,برطعة,بيتسا كريمو,بيتسا كريمو,,بيتسا كريمو,fast_food,32.476298,35.0917407,255
Jenin,برطعة,مجد للحلويات ومستلزمات الكعك,مجد للحلويات ومستلزمات الكعك,,مجد للحلويات ومستلزمات الكعك,houseware,32.4744917,35.0932695,276
Jenin,برطعة,مغسلة النمر,مغسلة النمر,,مغسلة النمر,car_wash,32.4765897,35.0882384,319
Jenin,برطعة,النور للاجهزه الكهربائيه البيتيه,النور للاجهزه الكهربائيه البيتيه,,النور للاجهزة الكهربائية البيتيه,appliance,32.4726354,35.092963,311
Jenin,برطعة,كاسبر للاتصالات,كاسبر للاتصالات,,كاسبر للاتصالات,mobile_phone,32.4730702,35.0931051,296
Jenin,برطعة,هدايا ونثريات والعاب الظاهر,هدايا ونثريات والعاب الظاهر,,هدايا ونثريات والعاب الظاهر,wholesale,32.4727924,35.0930286,305
Jenin,برطعة,مخبز وطابون الاقصى,مخبز وطابون الاقصى,,مخبز وطابون الاقصى,bakery,32.472503,35.0929585,320
Jenin,برطعة,كراج حيفا لتجليس ودهان السيارات,كراج حيفا لتجليس ودهان السيارات,,كراج حيفا لتجليس ودهان السيارات,car_repair,32.4681365,35.0902479,689
Jenin,برطعة,قيس كبها مكتب محاماة,قيس كبها مكتب محاماة,,قيس كبها مكتب محاماة,lawyer,32.4737747,35.0866033,356
Jenin,برطعة,لليان موضه,لليان موضه,,لليان موضه,clothes,32.4746297,35.0933006,280
Jenin,برطعة,حلويات وسكاكر الاسل,حلويات وسكاكر الاسل,,حلويات وسكاكر الاسل,confectionery,32.472187,35.0928195,334
Jenin,برطعة,مغسلة العامر,مغسلة العامر,,مغسلة العامر,car_wash,32.4694761,35.0903552,540
Jenin,برطعة,شايش وكواوير الوليد,شايش وكواوير الوليد,,شايش وكواوير الوليد,trade,32.4670121,35.0918917,827
Jenin,برطعة,صالون اديب للرجال,صالون اديب للرجال,,صالون اديب للرجال,hairdresser,32.472121,35.0928163,339
Jenin,برطعة,سيارة الملك,سيارة الملك,,king car,car_parts,32.4692172,35.0902565,569
Jenin,برطعة,فواكة وخضار البلد,فواكة وخضار البلد,,فواكة وخضار البلد,greengrocer,32.4745757,35.0932934,279
Jenin,برطعة,مغسلة شهاب الدين كبها,مغسلة شهاب الدين كبها,,مغسلة شهاب الدين كبها,car_wash,32.475503,35.0920619,208
Jenin,برطعة,كراج حيفا,كراج حيفا,,كراج حيفا,car_repair,32.4679409,35.09022,711
Jenin,برطعة,ملحمة ومشاوي ابو السعيد,ملحمة ومشاوي ابو السعيد,,ملحمة ومشاوي ابو السعيد,butcher,32.4661414,35.0898746,912
Jenin,برطعة,محلات الفتيان التجارية,محلات الفتيان التجارية,,محلات الفتيان التجارية,houseware,32.4720793,35.0928109,342
Jenin,برطعة,كراج الرائد,كراج الرائد,,كراج الرائد,car_repair,32.4682487,35.0902715,677
Jenin,برطعة,إكسسوارات مفاجئة,إكسسوارات مفاجئة,,surprise accessories,fashion_accessories,32.4754423,35.0913656,156
Jenin,برطعة,الانوار لقطع السيارات,الانوار لقطع السيارات,,الانوار لقطع السيارات,car_parts,32.4660726,35.0898703,920
Jenin,برطعة,ابو عمار للمواد الزراعية,ابو عمار للمواد الزراعية,,ابو عمار للمواد الزراعية,agrarian,32.474708,35.0914073,109
Jenin,برطعة,صيدلية الفضيلة,صيدلية الفضيلة,,صيدلية الفضيلة,chemist,32.4742058,35.0923053,185
Jenin,برطعة,بالنسبة لي الهاتف,بالنسبة لي الهاتف,,for me phone,mobile_phone,32.475195,35.0904962,97
Jenin,برطعة,السعدي للاحذية والالبسه البيتيه,السعدي للاحذية والالبسه البيتيه,,السعدي للاحذية والالبسه البيتيه,shoes,32.4749667,35.0911259,102
Jenin,برطعة,عايد قطع غيار سيارات,عايد قطع غيار سيارات,,عايد قطع غيار سيارات,car_parts,32.4740901,35.0922481,182
Jenin,برطعة,محلات ابو عمار للتجارة العامة,محلات ابو عمار للتجارة العامة,,محلات ابو عمار للتجارة العامة,trade,32.4747166,35.0914353,112
Jenin,برطعة,اوسكار كوسمتيكس,اوسكار كوسمتيكس,,اوسكار كوسمتيكس,cosmetics,32.474527,35.0917899,138
Jenin,برطعة,ابو يوسف للادوات المنزلية,ابو يوسف للادوات المنزلية,,ابو يوسف للادوات المنزلية,houseware,32.4742762,35.0923245,187
Jenin,برطعة,صالون الشرق للحلاقة,صالون الشرق للحلاقة,,صالون الشرق للحلاقة,hairdresser,32.4741601,35.0922825,184
Jenin,برطعة,يحيى ديكور - ستائر,يحيى ديكور - ستائر,,يحيى ديكور - ستائر,curtain,32.4752422,35.0904903,102
Jenin,برطعة,نايس بيبي,نايس بيبي,,نايس بيبي,baby_goods,32.4719941,35.0913336,277
Jenin,برطعة,السلطان للاتصال,السلطان للاتصال,,السلطان للاتصال,mobile_phone,32.4744198,35.0922213,177
Jenin,برطعة,سبورت محمود,سبورت محمود,,سبورت محمود,clothes,32.4744392,35.0921747,173
Jenin,برطعة,ابو عيسى للزي الشرعي,ابو عيسى للزي الشرعي,,ابو عيسى للزي الشرعي,clothes,32.4742342,35.0923117,186
Jenin,برطعة,نبيل عجاوي ابو راسم,نبيل عجاوي ابو راسم,,نبيل عجاوي ابو راسم,deli,32.4750376,35.0907948,89
Jenin,برطعة,مفروشات طولكرم,مفروشات طولكرم,,مفروشات طولكرم,furniture,32.4720906,35.092281,309
Jenin,برطعة,طولكرم للابواب,طولكرم للابواب,,طولكرم للابواب,doors,32.4720845,35.0922115,306
Jenin,برطعة,ابو عمار للصرافة,ابو عمار للصرافة,,ابو عمار للصرافة,money_transfer,32.4747295,35.0913511,105
Jenin,برطعة,النور لكماليات السيارات,النور لكماليات السيارات,,النور لكماليات السيارات,car_parts,32.4739915,35.0921957,179
Jenin,برطعة,البيت السوري للمفروشات,البيت السوري للمفروشات,,البيت السوري للمفروشات,furniture,32.4751531,35.090429,91
Jenin,برطعة,ابو عمار - غاز,ابو عمار - غاز,,ابو عمار - غاز,energy_supplier,32.4746832,35.0914596,112
Jenin,برطعة,السلطان للالكترونيات,السلطان للالكترونيات,,السلطان للالكترونيات,electronics,32.4743956,35.0922583,181
Jenin,برطعة,سوبرماركت الامانة,سوبرماركت الامانة,,سوبرماركت الامانة,supermarket,32.4748077,35.0909784,80
Jenin,برطعة,محلات ابو اسلام للغاز,محلات ابو اسلام للغاز,,محلات ابو اسلام للغاز,gas,32.4746715,35.0907245,52
Jenin,برطعة,عالم الاراجيل والمعسل,عالم الاراجيل والمعسل,,عالم الاراجيل والمعسل,tobacco,32.4747048,35.0907867,59
Jenin,برطعة,عالم الفرش المنزلي,عالم الفرش المنزلي,,عالم الفرش المنزلي,household_linen,32.4747264,35.0908326,64
Jenin,برطعة,روضة الواحة,روضة الواحة,,روضة الواحة,kindergarten,32.4778068,35.0873348,478
Jenin,برطعة,بستان الالحان,بستان الالحان,,بستان الالحان,kindergarten,32.4777738,35.0874446,469
Jenin,برطعة,تنويرات الهلال,تنويرات الهلال,,تنويرات الهلال,lighting,32.4742825,35.0903766,7
Jenin,برطعة,تنويرات الهلال,تنويرات الهلال,,تنويرات الهلال,lighting,32.4742697,35.090454,13
Jenin,برطعة,ابو البهاء للالبسة الستاتية,ابو البهاء للالبسة الستاتية,,ابو البهاء للالبسة الستاتية,clothes,32.4741366,35.0903788,23
Jenin,برطعة,ميرينوس للسجاد والفرش المنزلي,ميرينوس للسجاد والفرش المنزلي,,ميرينوس للسجاد والفرش المنزلي,carpet,32.4752454,35.0904666,102
Jenin,برطعة,محمص وبن الرنيم,محمص وبن الرنيم,,محمص وبن الرنيم,spices,32.4745924,35.0906152,39
Jenin,برطعة,بيتنا للستائر والمفروشات,بيتنا للستائر والمفروشات,,بيتنا للستائر والمفروشات,curtain,32.4747568,35.090903,71
Jenin,برطعة,ريحانة,ريحانة,,ريحانة,confectionery,32.4752467,35.0904461,102
Jenin,برطعة,الباشا للدخان وللمعسل,الباشا للدخان وللمعسل,,الباشا للدخان وللمعسل,tobacco,32.4716087,35.0900493,304
Jenin,برطعة,كراج نصار لتجليس السيارات,كراج نصار لتجليس السيارات,,كراج نصار لتجليس السيارات,car_repair,32.4682314,35.0901153,679
Jenin,برطعة,مركز القرش,مركز القرش,,shark center,clothes,32.4732216,35.0902393,124
Jenin,برطعة,مستودع السلام للادوية البيطرية,مستودع السلام للادوية البيطرية,,مستودع السلام للادوية البيطرية,veterinary,32.4746471,35.0906817,47
Jenin,برطعة,مكان النشر,مكان النشر,,محل بناشر,tyres,32.4746195,35.0906453,43
Jenin,برطعة,متجر المزيج,متجر المزيج,,mix store,mobile_phone,32.4716194,35.0901016,303
Jenin,برطعة,مركز فرهود للأثاث,مركز فرهود للأثاث,,مفروشات فرهود سنتر,household_linen,32.4731742,35.090215,130
Jenin,برطعة,مطعم الاقصى,مطعم الاقصى,,مطعم الاقصى,restaurant,32.469058,35.0902452,587
Jenin,برطعة,الشمالي للاكزوزات,الشمالي للاكزوزات,,الشمالي للاكزوزات,car_repair,32.4698557,35.0904671,498
Jenin,برطعة,كيوسك الكرمل,كيوسك الكرمل,,كيوسك الكرمل,kiosk,32.4673509,35.0901303,777
Jenin,برطعة,الوحش لقطع الغيار,الوحش لقطع الغيار,,الوحش لقطع الغيار,car_parts,32.4681949,35.0901044,683
Jenin,برطعة,الديراوي لمواد البناء,الديراوي لمواد البناء,,الديراوي لمواد البناء,hardware,32.4699973,35.0905213,483
Jenin,برطعة,الديراوي للاضاءة,الديراوي للاضاءة,,الديراوي للاضاءة,lighting,32.4699486,35.0905104,488
Jenin,برطعة,كراج ابو أويس,كراج ابو أويس,,كراج ابو اويس,car_repair,32.4697202,35.0904563,513
Jenin,برطعة,عموري سبورت,عموري سبورت,,عموري سبورت,clothes,32.4720959,35.0911247,260
Jenin,برطعة,شركة الحاج فايز واولادة للرخام,شركة الحاج فايز واولادة للرخام,,شركة الحاج فايز واولادة للرخام,trade,32.4689682,35.0902308,597
Jenin,برطعة,كراج الفيصل,كراج الفيصل,,كراج الفيصل,car_repair,32.4696563,35.0904256,520
Jenin,برطعة,حمودة للاتصال,حمودة للاتصال,,حمودة للاتصال,mobile_phone,32.469807,35.0904743,504
Jenin,برطعة,بناشر ابو حامد,بناشر ابو حامد,,بناشر ابو حامد,tyres,32.4697568,35.0904671,509
Jenin,برطعة,لاكاسا,لاكاسا,,لاكاسا,bathroom_furnishing,32.4724318,35.0896855,220
Jenin,برطعة,كراج نائل كبها,كراج نائل كبها,,كراج نائل كبها,car_repair,32.4668794,35.091291,834
Jenin,برطعة,كراج فارس الصيداوي,كراج فارس الصيداوي,,كراج فارس الصيداوي,car_repair,32.4668679,35.0912091,834
Jenin,برطعة,شركة برطعة للمحروقات,شركة برطعة للمحروقات,,شركة برطعة للمحروقات,fuel,32.4673752,35.0900043,775
Jenin,برطعة,شركة الاماني للحجارة والرخام,شركة الاماني للحجارة والرخام,,شركة الاماني للحجارة والرخام,trade,32.4670573,35.0921513,827
Jenin,برطعة,شايش فادي,شايش فادي,,شايش فادي,trade,32.466841,35.091118,837
Jenin,برطعة,مفروشات قيس,مفروشات قيس,,مفروشات قيس,household_linen,32.4676727,35.0927478,775
Jenin,برطعة,مفروشات زينة,مفروشات زينة,,مفروشات زينة,household_linen,32.4677162,35.09281,772
Jenin,برطعة,مسمكة الشهد,مسمكة الشهد,,مسمكة الشهد,fishing,32.4736053,35.093305,290
Jenin,برطعة,مكتب المتميز للخدمات الطلابية,مكتب المتميز للخدمات الطلابية,,مكتب المتميز للخدمات الطلابية,association,32.4736929,35.0935846,313
Jenin,برطعة,صالون احسان للرجال,صالون احسان للرجال,,صالون احسان للرجال,hairdresser,32.4741396,35.094079,352
Jenin,برطعة,ستائر ومفروشات الين,ستائر ومفروشات الين,,ستائر ومفروشات الين,curtain,32.4751199,35.0905567,90
Jenin,برطعة,محلات الصدق والامانة,محلات الصدق والامانة,,محلات الصدق والامانة,supermarket,32.4745823,35.0917015,131
Jenin,برطعة,ابتسامة مثالية,ابتسامة مثالية,,perfect smile,dentist,32.4736738,35.0936243,317
Jenin,برطعة,ديكور الولاء,ديكور الولاء,,ديكور الولاء,household_linen,32.4745836,35.0924055,196
Jenin,برطعة,معرض كميل للنثريات,معرض كميل للنثريات,,معرض كميل للنثريات,interior_decoration,32.4746258,35.0916363,126
Jenin,برطعة,محلات العرابة للخضار والفواكة,محلات العرابة للخضار والفواكة,,محلات العرابة للخضار والفواكة,greengrocer,32.4746617,35.0915437,119
Jenin,برطعة,باريس,باريس,,باريس,carpet,32.4751379,35.0904877,90
Jenin,برطعة,كمبيوتر الهدى,كمبيوتر الهدى,,كمبيوتر الهدى,computer,32.4742649,35.0921931,174
Jenin,برطعة,بوتيك عمري للشابات,بوتيك عمري للشابات,,بوتيك عمري للشابات,clothes,32.4746821,35.0906332,48
Jenin,برطعة,طيور المحبة,طيور المحبة,,طيور المحبة,pet,32.4749207,35.0912076,105
Jenin,برطعة,الشرق للتنجيد,الشرق للتنجيد,,الشرق للتنجيد,car_parts,32.4747201,35.0906839,54
Jenin,برطعة,طيور الفرحة,طيور الفرحة,,طيور الفرحة,pet,32.4747559,35.0907247,59
Jenin,برطعة,معرض منير للتحف والهدايا,معرض منير للتحف والهدايا,,معرض منير للتحف والهدايا,interior_decoration,32.4746445,35.0905868,42
Jenin,برطعة,مركز اليعبداوي للتدخين,مركز اليعبداوي للتدخين,,مركز اليعبداوي للتدخين,tobacco,32.4741142,35.0904344,26
Jenin,برطعة,السلطان للاتصالات والصيانة,السلطان للاتصالات والصيانة,,السلطان للاتصالات والصيانة,mobile_phone,32.4743724,35.0904765,14
Jenin,برطعة,تحفة هوم,تحفة هوم,,تحفة هوم,interior_decoration,32.4742055,35.0903772,15
Jenin,برطعة,شركة ومحلات السيلاوي للادوات المنزلية,شركة ومحلات السيلاوي للادوات المنزلية,,شركة ومحلات السيلاوي للادوات المنزلية,houseware,32.4746057,35.0905362,35
Jenin,برطعة,شايش النور,شايش النور,,شايش النور,trade,32.4678523,35.08722,778
Jenin,برطعة,عماد ستون - حجر طبيعي,عماد ستون - حجر طبيعي,,عماد ستون - حجر طبيعي,trade,32.4680821,35.0875827,742
Jenin,برطعة,العامر للشايش,العامر للشايش,,العامر للشايش,trade,32.467117,35.0901061,803
Jenin,برطعة,محلات حسان نزال للوازم الافراح,محلات حسان نزال للوازم الافراح,,محلات حسان نزال للوازم الافراح,houseware,32.4739841,35.090483,42
Jenin,برطعة,العمري للورود الصناعية,العمري للورود الصناعية,,العمري للورود الصناعية,interior_decoration,32.473296,35.0903821,116
Jenin,برطعة,قطع غيار لكل انواع السيارات,قطع غيار لكل انواع السيارات,,قطع غيار لكل انواع السيارات,car_parts,32.4672899,35.0901132,784
Jenin,برطعة,معرض زياد للزجاج تحف منزلية,معرض زياد للزجاج تحف منزلية,,معرض زياد للزجاج تحف منزلية,interior_decoration,32.4724952,35.0897233,213
Jenin,برطعة,كراج الاسراء واليقين,كراج الاسراء واليقين,,كراج الاسراء واليقين,car_repair,32.466706,35.0909015,850
Jenin,برطعة,أزياء ركوب الخيل,أزياء ركوب الخيل,,سوار فيشن,clothes,32.4719473,35.0913093,281
Jenin,برطعة,مدرسة برطعة الابتدائية الرسمية,مدرسة برطعة الابتدائية الرسمية,,مدرسة برطعة الابتدائية الرسمية,school,32.4755362,35.0872701,317
Jenin,برطعة,الافضل لكاميرات المراقبة,الافضل لكاميرات المراقبة,,الافضل لكاميرات المراقبة,security,32.4672199,35.0901331,791
Jenin,برطعة,حجر جيداد طبيعي,حجر جيداد طبيعي,,حجر جيداد طبيعي,trade,32.4740551,35.0904916,35
Jenin,برطعة,عمر باشا للادوات المنزلية,عمر باشا للادوات المنزلية,,عمر باشا للادوات المنزلية,houseware,32.4715606,35.0900026,310
Jenin,برطعة,للافران والغاز,للافران والغاز,,للافران والغاز,gas,32.4732256,35.0903563,123
Jenin,برطعة,بوتيك يارا,بوتيك يارا,,بوتيك يارا,clothes,32.4715018,35.0899966,317
Jenin,برطعة,رونزا للملابس الداخلية والسبورت,رونزا للملابس الداخلية والسبورت,,رونزا للملابس الداخلية والسبورت,clothes,32.4666707,35.0898579,854
Jenin,برطعة,رمزي ابو سرية لجميع انواع الابواب,رمزي ابو سرية لجميع انواع الابواب,,رمزي ابو سرية لجميع انواع الابواب,doors,32.4678916,35.0900506,717
Jenin,برطعة,مزارع جمال سليمان الحديثة للبيض,مزارع جمال سليمان الحديثة للبيض,,مزارع جمال سليمان الحديثة للبيض,farm,32.4681354,35.0878678,727
Jenin,برطعة,كيوسك الكرم,كيوسك الكرم,,كيوسك الكرم,kiosk,32.4774398,35.0875132,435
Jenin,برطعة,كراج النعيم,كراج النعيم,,كراج النعيم,car_repair,32.4666932,35.0908347,851
Jenin,برطعة,كراج علوش,كراج علوش,,كراج علوش,car_repair,32.466569,35.0902505,864
Jenin,برطعة,مركز الادم للاراجيل والمعسل,مركز الادم للاراجيل والمعسل,,مركز الادم للاراجيل والمعسل,tobacco,32.4678398,35.0900398,723
Jenin,برطعة,باسم كبها للنثريات,باسم كبها للنثريات,,باسم كبها للنثريات,houseware,32.4747515,35.0911859,92
Jenin,برطعة,محلات الفرات للادوات المنزلية,محلات الفرات للادوات المنزلية,,محلات الفرات للادوات المنزلية,houseware,32.4726448,35.0913804,212
Jenin,برطعة,كراج الزعيم,كراج الزعيم,,كراج الزعيم,car_repair,32.4667175,35.0909773,849
Jenin,برطعة,جلال للبصريات,جلال للبصريات,,جلال للبصريات,optician,32.472521,35.0913319,222
Jenin,برطعة,محلات الملكة,محلات الملكة,,محلات الملكة,clothes,32.4743488,35.0921323,169
Jenin,برطعة,مكيفات رامي,مكيفات رامي,,مكيفات رامي,car_repair,32.4693641,35.0905566,553
Jenin,برطعة,كهربائي سيارات,كهربائي سيارات,,كهربائي سيارات,car_repair,32.4694972,35.0903866,538
Jenin,برطعة,عديكو للادوات المنزلية,عديكو للادوات المنزلية,,عديكو للادوات المنزلية,houseware,32.4725845,35.0913549,217
Jenin,برطعة,محلات ابو بكر التجارية,محلات ابو بكر التجارية,,محلات ابو بكر التجارية,houseware,32.4747378,35.0915811,125
Jenin,برطعة,معرض ومحلات مهند ابو هزيم,معرض ومحلات مهند ابو هزيم,,معرض ومحلات مهند ابو هزيم,houseware,32.4719146,35.0912993,284
Jenin,برطعة,الموضة الهزيلة,الموضة الهزيلة,,ليان فيشن,clothes,32.4738235,35.092131,178
Jenin,برطعة,فريد للاتصالات,فريد للاتصالات,,فريد للاتصالات,mobile_phone,32.4774744,35.0874525,441
Jenin,برطعة,علي ابو سليم سنتر,علي ابو سليم سنتر,,علي ابو سليم سنتر,household_linen,32.4718311,35.0912774,292
Jenin,برطعة,ازياء سنان,ازياء سنان,,ازياء سنان,clothes,32.4727542,35.0914437,204
Jenin,برطعة,احلام للشالات,احلام للشالات,,احلام للشالات,fashion_accessories,32.4742514,35.0923384,188
Jenin,برطعة,محلات ابو بكر التجارية,محلات ابو بكر التجارية,,محلات ابو بكر التجارية,household_linen,32.4717435,35.0912478,301
Jenin,برطعة,صالون ابو الياسر للرجال,صالون ابو الياسر للرجال,,صالون ابو الياسر للرجال,hairdresser,32.4746652,35.0912262,91
Jenin,برطعة,معرض الاميرة للادوات المنزلية,معرض الاميرة للادوات المنزلية,,معرض الاميرة للادوات المنزلية,houseware,32.4752499,35.090423,102
Jenin,برطعة,صيدلية الشفاء,صيدلية الشفاء,,صيدلية الشفاء,chemist,32.4747226,35.0916282,129
Jenin,برطعة,سيلين للكوسمتكس والاكسسوارات,سيلين للكوسمتكس والاكسسوارات,,سيلين للكوسمتكس والاكسسوارات,fashion_accessories,32.4746073,35.0918528,146
Jenin,برطعة,العطار,العطار,,العطار,spices,32.4741845,35.0922925,184
Jenin,برطعة,معرض الاقصى للسجاد والموكيت,معرض الاقصى للسجاد والموكيت,,معرض الاقصى للسجاد والموكيت,carpet,32.4714947,35.0911749,326
Jenin,برطعة,محلات هزاع ومؤيد للعرائس,محلات هزاع ومؤيد للعرائس,,محلات هزاع ومؤيد للعرائس,clothes,32.4724566,35.0913165,228
Jenin,برطعة,معرض الجزيرة للسجاد,معرض الجزيرة للسجاد,,معرض الجزيرة للسجاد,carpet,32.4721841,35.0912317,254
Jenin,برطعة,معرض الجزيرة للستائر,معرض الجزيرة للستائر,,معرض الجزيرة للستائر,curtain,32.4722648,35.0912614,246
Jenin,برطعة,محمص عبد السلام,محمص عبد السلام,,محمص عبد السلام,spices,32.4727983,35.091459,201
Jenin,برطعة,معرض هافانا للسجاد,معرض هافانا للسجاد,,معرض هافانا للسجاد,carpet,32.4727077,35.0914346,208
Jenin,برطعة,بن ومحمص سنكور,بن ومحمص سنكور,,بن ومحمص سنكور,spices,32.471635,35.0912251,312
Jenin,برطعة,شركة الحاج عمران لكماليات السيارات,شركة الحاج عمران لكماليات السيارات,,شركة الحاج عمران لكماليات السيارات,car_parts,32.4713972,35.0911542,336
Jenin,برطعة,ابو بكر للاستيراد,ابو بكر للاستيراد,,ابو بكر للاستيراد,houseware,32.4723995,35.0913011,234
Jenin,برطعة,محلات ابو سليم التجارية,محلات ابو سليم التجارية,,محلات ابو سليم التجارية,household_linen,32.4717921,35.0912676,296
Jenin,برطعة,بازار العمري للاحذية,بازار العمري للاحذية,,بازار العمري للاحذية,shoes,32.4723477,35.0912867,238
Jenin,برطعة,كراج الاخلاص,كراج الاخلاص,,كراج الاخلاص,car_repair,32.4686866,35.0901851,628
Jenin,برطعة,السندباد موضة,السندباد موضة,,السندباد موضة,clothes,32.4718708,35.0912918,288
Jenin,برطعة,بيتسا ومعجنات الشام,بيتسا ومعجنات الشام,,بيتسا ومعجنات الشام,pastry,32.471564,35.0912048,319
Jenin,برطعة,شركة الطرايرة للتجارة العامة,شركة الطرايرة للتجارة العامة,,شركة الطرايرة للتجارة العامة,houseware,32.4716993,35.0912304,305
Jenin,برطعة,مفروشات ابو صلاح,مفروشات ابو صلاح,,مفروشات ابو صلاح,household_linen,32.4713006,35.0911334,346
Jenin,برطعة,جميع انواع الزيوت والفلاتر,جميع انواع الزيوت والفلاتر,,جميع انواع الزيوت والفلاتر,car_parts,32.467552,35.0899793,755
Jenin,برطعة,المجد للكهرباء,المجد للكهرباء,,المجد للكهرباء,hardware,32.4737021,35.0924446,210
Jenin,برطعة,افحام ام الفحم,افحام ام الفحم,,افحام ام الفحم,trade,32.4646614,35.0909711,1077
Jenin,برطعة,متجر,متجر,,a store,mobile_phone,32.4739049,35.0921002,172
Jenin,برطعة,ديما سنتر للالعاب والهدايا,ديما سنتر للالعاب والهدايا,,ديما سنتر للالعاب والهدايا,toys,32.4746878,35.0917119,135
Jenin,برطعة,دخان البيك,دخان البيك,,دخان البيك,tobacco,32.4737456,35.0923717,202
Jenin,برطعة,بيت الزهور,بيت الزهور,,بيت الزهور,clothes,32.4773954,35.0875687,428
Jenin,برطعة,الخيط الذهبي,الخيط الذهبي,,الخيط الذهبي,craft,32.473665,35.0925594,222
Jenin,برطعة,صالون المجد للحلاقة,صالون المجد للحلاقة,,صالون المجد للحلاقة,hairdresser,32.4772738,35.0877477,407
Jenin,برطعة,طيب ماركت للهدايا والالعاب,طيب ماركت للهدايا والالعاب,,طيب ماركت للهدايا والالعاب,toys,32.4793449,35.0850385,746
Jenin,برطعة,جهاد أبو زايد مكان مونيه,جهاد أبو زايد مكان مونيه,,جهاد ابو زايد محل مونه,deli,32.4747747,35.091537,123
Jenin,برطعة,سوبر ماركت النور للمواد التموينية,سوبر ماركت النور للمواد التموينية,,سوبر ماركت النور للمواد التموينية,supermarket,32.4750698,35.0907066,89
Jenin,برطعة,المكتبة العامة بسمة,المكتبة العامة بسمة,,المكتبة العامة بسمة,library,32.4764559,35.089186,259
Jenin,برطعة,كهربائي سيارات,كهربائي سيارات,,كهربائي سيارات,car_repair,32.4779077,35.0852433,621
Jenin,برطعة,عيادة الدكتور زهير مصالحة,عيادة الدكتور زهير مصالحة,,عيادة الدكتور زهير مصالحة,doctors,32.4776445,35.0860496,545
Jenin,برطعة,عيادة اسنان د. منى وحيد كبها,عيادة اسنان د. منى وحيد كبها,,عيادة اسنان د. منى وحيد كبها,dentist,32.4776435,35.0860011,548
Jenin,برطعة,خالد اكادمي,خالد اكادمي,,خالد اكادمي,research,32.4776429,35.085952,552
Jenin,برطعة,عيادة التجميل,عيادة التجميل,,beauty clinic,beauty,32.4795194,35.0867593,667
Jenin,برطعة,صالون ومركز مريم كبها,صالون ومركز مريم كبها,,صالون ومركز مريم كبها,beauty,32.4762601,35.0895255,227
Jenin,برطعة,روما فيشن,روما فيشن,,روما فيشن,clothes,32.4740575,35.0921349,172
Jenin,برطعة,فلافل ابو اسعد,فلافل ابو اسعد,,فلافل ابو اسعد,fast_food,32.4738557,35.0921623,180
Jenin,برطعة,اشرف ثوراوي للصياغة والمجوهرات,اشرف ثوراوي للصياغة والمجوهرات,,اشرف الفحماوي للصياغة والمجوهرات,jewelry,32.4740952,35.0921489,172
Jenin,برطعة,مخبز الطابون العربي,مخبز الطابون العربي,,مخبز الطابون العربي,bakery,32.4744571,35.0919803,155
Jenin,برطعة,بيبي شوب,بيبي شوب,,بيبي شوب,baby_goods,32.4742147,35.0923275,187
Jenin,برطعة,تنويرات الهلال,تنويرات الهلال,,تنويرات الهلال,lighting,32.4744634,35.0919094,148
Jenin,برطعة,ايزابيلا,ايزابيلا,,ايزابيلا,clothes,32.473627,35.0918574,163
Jenin,برطعة,عمير السعدي العاب وهدايا,عمير السعدي العاب وهدايا,,عمير السعدي العاب وهدايا,toys,32.4722216,35.0913792,255
Jenin,برطعة,معرض ثائر الجرس,معرض ثائر الجرس,,معرض ثائر الجرس,clothes,32.473725,35.0919442,166
Jenin,برطعة,معرض اسطنبول للسجاد,معرض اسطنبول للسجاد,,معرض اسطنبول للسجاد,carpet,32.4737707,35.0919862,167
Jenin,برطعة,معرض ياسر للنثريات,معرض ياسر للنثريات,,معرض ياسر للنثريات,houseware,32.4736647,35.0918944,164
Jenin,برطعة,شالات الاميرة,شالات الاميرة,,شالات الاميرة,fashion_accessories,32.4723163,35.0914081,246
Jenin,برطعة,رهف للاسنان الجميلة,رهف للاسنان الجميلة,,رهف للاسنان الجميلة,dentist,32.4720166,35.091591,284
Jenin,برطعة,بوتيك غزل,بوتيك غزل,,بوتيك غزل,clothes,32.4722702,35.0913929,250
Jenin,برطعة,حامد هود,حامد هود,,حامد هود,clothes,32.4721666,35.0913625,260
Jenin,برطعة,محلات العميد لمواد البلاستيك,محلات العميد لمواد البلاستيك,,محلات العميد لمواد البلاستيك,houseware,32.4720206,35.0915219,280
Jenin,برطعة,سبأ للصياغة والمجوهرات,سبأ للصياغة والمجوهرات,,سبأ للصياغة والمجوهرات,jewelry,32.472004,35.0914232,279
Jenin,برطعة,سوبرماركت الطاهر,سوبرماركت الطاهر,,سوبرماركت الطاهر,supermarket,32.4721579,35.0922016,299
Jenin,برطعة,محلات ابو مويس للادوات الزراعية,محلات ابو مويس للادوات الزراعية,,محلات ابو مويس للادوات الزراعية,agrarian,32.4720125,35.0916576,287
Jenin,برطعة,الامير للاتصالات والكمبيوتر,الامير للاتصالات والكمبيوتر,,الامير للاتصالات والكمبيوتر,computer,32.4721579,35.0921412,296
Jenin,برطعة,خبيرة التجميل ميرفت قندوس,خبيرة التجميل ميرفت قندوس,,mirvat qundos makeup artist,beauty,32.4736803,35.0843531,566
Jenin,برطعة,مؤسسة النابلسي للفرش العربي,مؤسسة النابلسي للفرش العربي,,مؤسسة النابلسي للفرش العربي,furniture,32.4750988,35.0906043,89
Jenin,برطعة,الزهور للاقمشة,الزهور للاقمشة,,الزهور للاقمشة,fabric,32.4751293,35.090523,90
Jenin,برطعة,صالون,صالون,,doaa salon,beauty,32.4768065,35.0943677,468
Jenin,برطعة,المجد لكماليات السيارات,المجد لكماليات السيارات,,المجد لكماليات السيارات,car_parts,32.4737152,35.0903445,69
Jenin,برطعة,ملك العطور,ملك العطور,,ملك العطور,perfumery,32.473284,35.0901805,118
Jenin,برطعة,معرض ومحلات الاتفاق,معرض ومحلات الاتفاق,,معرض ومحلات الاتفاق,houseware,32.4735842,35.0904377,84
Jenin,برطعة,محلات اليعبداوي للطيور والاعلاف,محلات اليعبداوي للطيور والاعلاف,,محلات اليعبداوي للطيور والاعلاف,agrarian,32.473637,35.0903314,78
Jenin,برطعة,معرض المتميزون للادوات المنزلية تحف وهدايا,معرض المتميزون للادوات المنزلية تحف وهدايا,,معرض المتميزون للادوات المنزلية تحف وهدايا,interior_decoration,32.4736485,35.0904578,77
Jenin,برطعة,بلال للاتصالات,بلال للاتصالات,,بلال للاتصالات,mobile_phone,32.4735498,35.0903237,87
Jenin,برطعة,مركز المدخن,مركز المدخن,,مركز المدخن,tobacco,32.473467,35.0903918,97
Jenin,برطعة,فينيسيا,فينيسيا,,فينيسيا,bathroom_furnishing,32.4737732,35.0903547,63
Jenin,برطعة,الرجال الأغنياء,الرجال الأغنياء,,rich men,clothes,32.4738222,35.0904553,58
Jenin,برطعة,فلويرز ستور,فلويرز ستور,,فلويرز ستور,interior_decoration,32.4736765,35.0903394,73
Jenin,برطعة,مواد بناء,مواد بناء,,مواد بناء,hardware,32.4737139,35.0904795,70
Jenin,برطعة,معرض إيلاف للسجاد والستائر,معرض إيلاف للسجاد والستائر,,معرض إيلاف للسجاد والستائر,carpet,32.4734034,35.0903739,104
Jenin,برطعة,مناصرة التحف والهدايا,مناصرة التحف والهدايا,,مناصرة التحف والهدايا,interior_decoration,32.4734389,35.0902739,100
Jenin,برطعة,لمسة جمال,لمسة جمال,,لمسة جمال,beauty,32.4735229,35.0904084,91
Jenin,برطعة,ضياء للالبسة الجاهزة,ضياء للالبسة الجاهزة,,ضياء للالبسة الجاهزة,clothes,32.4735907,35.0903243,83
Jenin,برطعة,عالم الموضة للالبسة الستاتية,عالم الموضة للالبسة الستاتية,,عالم الموضة للالبسة الستاتية,clothes,32.4738919,35.0904596,51
Jenin,برطعة,بوتيك الجرس للالبسة الجاهزة,بوتيك الجرس للالبسة الجاهزة,,بوتيك الجرس للالبسة الجاهزة,clothes,32.4733627,35.0902215,109
Jenin,برطعة,ازياء حلا,ازياء حلا,,ازياء حلا,clothes,32.4732872,35.0904218,117
Jenin,برطعة,الوان,الوان,,الوان,hardware,32.4744695,35.090662,34
Jenin,برطعة,هم,هم,,sila,curtain,32.4739251,35.0903764,46
Jenin,برطعة,lavender,lavender,,lavender,perfumery,32.4740051,35.0903756,37
Jenin,برطعة,رياضة كارل,رياضة كارل,,Karl sport,clothes,32.4738663,35.0903741,52
Jenin,برطعة,كراج الالماني,كراج الالماني,,كراج الالماني,car_repair,32.4678707,35.0897658,721
Jenin,برطعة,تشك تشاك,تشك تشاك,,تشك تشاك,car_wash,32.4679177,35.0894203,719
Jenin,دير غزالة,الحاووز - الراس,الحاووز - الراس,,الحاووز - الراس,bank,32.4971226,35.3659348,1332
Jenin,برطعة,دلتا,دلتا,,Delta,clothes,32.471454,35.0904473,321
Jenin,برطعة,حلويات العرين النابلسية,حلويات العرين النابلسية,,حلويات العرين النابلسية,confectionery,32.4712338,35.0902592,345
Jenin,برطعة,شركة ابو هزيم للبلاستيكيات ومواد التنظيف,شركة ابو هزيم للبلاستيكيات ومواد التنظيف,,شركة ابو هزيم للبلاستيكيات ومواد التنظيف,houseware,32.4716013,35.0904761,304
Jenin,برطعة,هاني هاني,هاني هاني,,هاني هاني,restaurant,32.4712979,35.0904124,338
Jenin,برطعة,كيوسك المجمع,كيوسك المجمع,,كيوسك المجمع,kiosk,32.4717075,35.0904685,293
Jenin,برطعة,محلات عالم الطفل للألعاب والهدايا,محلات عالم الطفل للألعاب والهدايا,,محلات عالم الطفل للألعاب والهدايا,toys,32.471518,35.0904625,314
Jenin,برطعة,اركوستيل محلات قدورة ديزاين,اركوستيل محلات قدورة ديزاين,,اركوستيل محلات قدورة ديزاين,interior_decoration,32.4714592,35.0902729,320
Jenin,برطعة,ابرة وخيط,ابرة وخيط,,ابرة وخيط,craft,32.4713913,35.0902683,327
Jenin,برطعة,فريتخ للفرش المنزلي,فريتخ للفرش المنزلي,,فريتخ للفرش المنزلي,household_linen,32.4712851,35.0902667,339
Jenin,برطعة,تصميم ماما,تصميم ماما,,Mama design,interior_decoration,32.4713388,35.0902698,333
Jenin,برطعة,نور للفرش المنزلي,نور للفرش المنزلي,Naya textile,نور للفرش المنزلي,household_linen,32.4715987,35.0902774,304
Jenin,برطعة,محلات محمود طفيحة واولادة,محلات محمود طفيحة واولادة,,محلات محمود طفيحة واولادة,houseware,32.4712149,35.0904002,347
Jenin,برطعة,العمري سنتر,العمري سنتر,,العمري سنتر,clothes,32.4711597,35.0903659,353
Jenin,برطعة,بال جراند,بال جراند,,pal grand,carpet,32.4711135,35.0901932,359
Jenin,برطعة,واو أن تكون,واو أن تكون,,Wow to be,toys,32.4727208,35.0898515,185
Jenin,برطعة,هدايا وورود الامير,هدايا وورود الامير,,هدايا وورود الامير,interior_decoration,32.4727757,35.0898745,179
Jenin,برطعة,بوتيك ضرغام السعدي,بوتيك ضرغام السعدي,,بوتيك ضرغام السعدي,clothes,32.4726605,35.089826,192
Jenin,برطعة,اسيل ستايل,اسيل ستايل,,اسيل ستايل,clothes,32.4728984,35.0899026,165
Jenin,برطعة,شركة التيسير للادوات المنزلية,شركة التيسير للادوات المنزلية,,شركة التيسير للادوات المنزلية,houseware,32.4725906,35.0897993,200
Jenin,برطعة,بيت اسطنبول,بيت اسطنبول,,بيت اسطنبول,interior_decoration,32.4728371,35.0898783,172
Jenin,برطعة,منزل القرص المضغوط,منزل القرص المضغوط,,cd house,music,32.4748681,35.0909284,81
Jenin,برطعة,مغسلة الهندي,مغسلة الهندي,,مغسلة الهندي,car_wash,32.4669485,35.0916134,830
Jenin,برطعة,محلات ابو عيسى,محلات ابو عيسى,,محلات ابو عيسى,carpet,32.4669918,35.0923758,839
Jenin,برطعة,زين موضة,زين موضة,,زين موضة,clothes,32.4717927,35.0906159,284
Jenin,برطعة,صبايا سنتر,صبايا سنتر,,صبايا سنتر,fashion_accessories,32.4729157,35.0914955,192
Jenin,برطعة,معرض العمري للاحذية,معرض العمري للاحذية,,معرض العمري للاحذية,shoes,32.4717787,35.0905176,285
Jenin,برطعة,ملحمة يافا,ملحمة يافا,,ملحمة يافا,butcher,32.4729652,35.0915271,189
Jenin,برطعة,بانوراما,بانوراما,,بانوراما,tobacco,32.4748418,35.0928802,245
Jenin,برطعة,مخيطة الفصول الاربعة,مخيطة الفصول الاربعة,,مخيطة الفصول الاربعة,craft,32.4738051,35.0933664,290
Jenin,الجديدة,مقهى واستراحة الكينا,مقهى واستراحة الكينا,Alkena cafee,مقهى واستراحة الكينا,cafe,32.3401377,35.3021288,531
Jenin,كفر راعي,سوبر ماركت الحوت بيع جملة و مفرق,سوبر ماركت الحوت بيع جملة و مفرق,Al-Hoot Market,سوبر ماركت الحوت بيع جملة و مفرق,supermarket,32.3767014,35.1571176,289
Jenin,السويطات,كازية جرار,كازية جرار,,كازية جرار,fuel,32.4525491,35.2978723,884
Jenin,مخيم جنين,سوبر ماركت الظاهر,سوبر ماركت الظاهر,,سوبر ماركت الظاهر,supermarket,32.4666385,35.2914943,746
Jenin,Jenin City,الدار الشرقية,الدار الشرقية,,الدار الشرقية,caravan_site,32.4607393,35.306779,874
Jenin,Jenin City,سوبر ماركت الهلال,سوبر ماركت الهلال,,سوبر ماركت الهلال,supermarket,32.4641049,35.2975639,247
Jenin,قباطية,اياد حلاوه وأحمد أبو البراء للخضار والفواكه,اياد حلاوه وأحمد أبو البراء للخضار والفواكه,,اياد حلاوه وأحمد أبو البراء للخضار والفواكه,greengrocer,32.4098052,35.2842832,398
Jenin,قباطية,سبر ماركت ربيع,سبر ماركت ربيع,,سبر ماركت ربيع,supermarket,32.4085947,35.2883754,788
Jenin,Jenin City,يوسف ابو حلاوة,يوسف ابو حلاوة,,يوسف ابو حلاوة,greengrocer,32.4230424,35.2670817,1007
Jenin,السويطات,الظاهر / المراح,الظاهر / المراح,,الظاهر / المراح,bar,32.4541124,35.302773,865
Jenin,مخيم جنين,الظاهر / الجابريات,الظاهر / الجابريات,,الظاهر / الجابريات,bar,32.4514587,35.2902653,1028
Jenin,Jenin City,ابو سرور,ابو سرور,,ابو سرور,bar,32.4636291,35.3058452,801
Jenin,سيلة الظهر,معرض الشلبي للاتصالات,معرض الشلبي للاتصالات,,معرض الشلبي للاتصالات,telecommunication,32.3160722,35.1893668,561
Jenin,قباطية,معرض و مخارط العبير للحجر والشايش,معرض و مخارط العبير للحجر والشايش,Exhibition and lathes Al-Abeer for stone and tea,معرض و مخارط العبير للحجر والشايش,company,32.4053355,35.2888499,948
Jenin,يعبد,مطعم وبيتزا سرفانا,مطعم وبيتزا سرفانا,sirvana,مطعم وبيتزا سرفانا,restaurant,32.44175,35.1779417,954
Jenin,مخيم جنين,سوبرماركت السيف سايد,سوبرماركت السيف سايد,,سوبرماركت السيف سايد,supermarket,32.4666542,35.2910858,733
Jenin,Jenin City,مشاوي الباشا,مشاوي الباشا,,مشاوي الباشا,restaurant,32.46885,35.305609,1081
Jenin,اليامون,سوبر ماركت حارتنا,سوبر ماركت حارتنا,,سوبر ماركت حارتنا,supermarket,32.483733,35.2269178,284
Jenin,قباطية,مني ماركت صلاح,مني ماركت صلاح,,مني ماركت صلاح,supermarket,32.4178522,35.292271,1473
Jenin,قباطية,صيدلية المجد,صيدلية المجد,,صيدلية المجد,supermarket,32.4119362,35.2767447,410
Jenin,قباطية,سوبر ماركت النعيم للمجمدات,سوبر ماركت النعيم للمجمدات,,سوبر ماركت النعيم للمجمدات,supermarket,32.4117634,35.2769969,380
Jenin,قباطية,معطم بورست قباطية,معطم بورست قباطية,,معطم بورست قباطية,supermarket,32.4128168,35.2818382,402
Jenin,قباطية,مطعم الشيف ابووليد,مطعم الشيف ابووليد,,مطعم الشيف ابووليد,supermarket,32.4118977,35.2822933,337
Jenin,قباطية,مطعم شورما 99,مطعم شورما 99,,مطعم شورما 99,supermarket,32.410858,35.2829122,306
Jenin,قباطية,سوبر ماركت ايلاف,سوبر ماركت ايلاف,,سوبر ماركت ايلاف,supermarket,32.410205,35.2835851,340
Jenin,قباطية,سوبر ماركت فلسطين,سوبر ماركت فلسطين,,سوبر ماركت فلسطين,supermarket,32.4135003,35.2901599,1046
Jenin,الزبابدة,سوبر ماركت اولف ماركت,سوبر ماركت اولف ماركت,,سوبر ماركت اولف ماركت,supermarket,32.3857487,35.3230907,100
Jenin,الزبابدة,نيو لايف مواد تنظيف,نيو لايف مواد تنظيف,,نيو لايف مواد تنظيف,supermarket,32.3844285,35.3252433,180
Jenin,الزبابدة,سوبر ماركت ميلانو,سوبر ماركت ميلانو,,سوبر ماركت ميلانو,supermarket,32.3862847,35.3205499,344
Jenin,عقابة,سوبر ماركت الطيبات,سوبر ماركت الطيبات,,سوبر ماركت الطيبات,supermarket,32.3561836,35.3474637,649
Jenin,مخيم جنين,سوبر ماركت الظاهر 2,سوبر ماركت الظاهر 2,,سوبر ماركت الظاهر 2,supermarket,32.464604,35.2816693,761
Jenin,Jenin City,سوبر ماركت اكسترا اسلام ابو الهيجا,سوبر ماركت اكسترا اسلام ابو الهيجا,,سوبر ماركت اكسترا اسلام ابو الهيجا,supermarket,32.4674251,35.2934727,726
Jenin,Jenin City,محلات الانيس,محلات الانيس,,محلات الانيس,supermarket,32.4688561,35.293797,852
Jenin,الألمانية,سوبر ماركت العبوشي,سوبر ماركت العبوشي,,سوبر ماركت العبوشي,supermarket,32.4682927,35.3095618,1099
Jenin,Jenin City,سوبر ماركت حيفا جمال جرار,سوبر ماركت حيفا جمال جرار,,سوبر ماركت حيفا جمال جرار,supermarket,32.4688648,35.3066437,1152
Jenin,Jenin City,الجليل مول,الجليل مول,,الجليل مول,supermarket,32.4782953,35.3002978,1843
Jenin,Jenin City,سوبر ماركت الرحمة,سوبر ماركت الرحمة,,سوبر ماركت الرحمة,supermarket,32.4822522,35.2997488,2274
Jenin,عرانة,سوبر ماركت صباح الخير,سوبر ماركت صباح الخير,,سوبر ماركت صباح الخير,supermarket,32.4873258,35.3001094,2319
Jenin,الجلمة,سوبر ماركت رامي,سوبر ماركت رامي,,سوبر ماركت رامي,supermarket,32.5080728,35.3117738,147
Jenin,الجلمة,سوبر ماركت مروان,سوبر ماركت مروان,,سوبر ماركت مروان,supermarket,32.5073559,35.3151324,218
Jenin,عرانة,سوبر ماركت حمودة,سوبر ماركت حمودة,,سوبر ماركت حمودة,supermarket,32.4962363,35.3219344,115
Jenin,دير غزالة,صيدلية مسك,صيدلية مسك,,صيدلية مسك,supermarket,32.4961413,35.3490648,263
Jenin,برقين,سوبر ماركت قرطبة,سوبر ماركت قرطبة,,سوبر ماركت قرطبة,supermarket,32.4505899,35.2627669,653
Jenin,برقين,سوبر ماركت الضعيفة,سوبر ماركت الضعيفة,,سوبر ماركت الضعيفة,supermarket,32.4622416,35.2677319,945
Jenin,كفر دان,سوبر ماركت موسسة ابو طارق,سوبر ماركت موسسة ابو طارق,,سوبر ماركت موسسة ابو طارق,supermarket,32.4786336,35.2539136,135
Jenin,كفر دان,موسسة كفر ذان التجارية,موسسة كفر ذان التجارية,,موسسة كفر ذان التجارية,supermarket,32.4772001,35.2551676,163
Jenin,يعبد,اسواق البستان يعبد,اسواق البستان يعبد,,اسواق البستان يعبد,supermarket,32.4497322,35.1689256,379
Jenin,يعبد,اسواق البستان يعبد,اسواق البستان يعبد,,اسواق البستان يعبد,supermarket,32.4513728,35.1674055,588
Jenin,يعبد,سوبر ماركت الريان,سوبر ماركت الريان,,سوبر ماركت الريان,supermarket,32.441778,35.1667476,563
Jenin,يعبد,سوبر ماركت بلدنا,سوبر ماركت بلدنا,,سوبر ماركت بلدنا,supermarket,32.4453029,35.1720768,281
Jenin,يعبد,مول فلسطين,مول فلسطين,,مول فلسطين,supermarket,32.4390968,35.1813487,1384
Jenin,فحمة,سوبر ماركت البلد فحمة,سوبر ماركت البلد فحمة,,سوبر ماركت البلد فحمة,supermarket,32.3815315,35.1810729,177
Jenin,عرابة,رائد العطار ماركت,رائد العطار ماركت,,رائد العطار ماركت,supermarket,32.4023876,35.2069824,422
Jenin,فحمة,سوبر ماركت النور,سوبر ماركت النور,,سوبر ماركت النور,supermarket,32.3818864,35.1827597,290
Jenin,مخيم جنين,سوبر ماركت عويس,سوبر ماركت عويس,,سوبر ماركت عويس,supermarket,32.4638047,35.2846978,490
Jenin,مخيم جنين,سوبر ماركت الظاهر 3,سوبر ماركت الظاهر 3,,سوبر ماركت الظاهر 3,supermarket,32.450796,35.2903319,1101
Jenin,مخيم جنين,هارون هايبر جنين الجابريات,هارون هايبر جنين الجابريات,,هارون هايبر جنين الجابريات,supermarket,32.4493955,35.2886253,1239
Jenin,مخيم جنين,سوبر ماركت الجابريات,سوبر ماركت الجابريات,,سوبر ماركت الجابريات,supermarket,32.4537211,35.2859505,786
Jenin,اليامون,بسام محمد عباهرة ابو رامي اليامون,بسام محمد عباهرة ابو رامي اليامون,,بسام محمد عباهرة ابو رامي اليامون,supermarket,32.4855736,35.2307291,205
Jenin,اليامون,سوبر ماركت الريان اليامون,سوبر ماركت الريان اليامون,,سوبر ماركت الريان اليامون,supermarket,32.4908838,35.2376287,1063
Jenin,سيلة الظهر,سوبر ماركت سلة الزهر,سوبر ماركت سلة الزهر,,سوبر ماركت سلة الزهر,supermarket,32.3222647,35.1912977,645
Jenin,سيلة الظهر,سوبر ماركت يافا,سوبر ماركت يافا,,سوبر ماركت يافا,supermarket,32.3231124,35.1917558,729
Jenin,جبع,سوبر ماركت الاستاذ فهد,سوبر ماركت الاستاذ فهد,,سوبر ماركت الاستاذ فهد,supermarket,32.3250335,35.2184033,330
Jenin,جبع,سوبر ماركت ابو العرينة,سوبر ماركت ابو العرينة,,سوبر ماركت ابو العرينة,supermarket,32.3251074,35.2152016,619
Jenin,ميثلون,سوبر ماركت الطاسة,سوبر ماركت الطاسة,,سوبر ماركت الطاسة,supermarket,32.3494117,35.2714133,286
Jenin,بزارية,سوبر ماركت البلد,سوبر ماركت البلد,,سوبر ماركت البلد,supermarket,32.3075257,35.1673769,188
Jenin,قباطية,سوبر ماركت الجذور,سوبر ماركت الجذور,,سوبر ماركت الجذور,supermarket,32.4115348,35.2867373,666
Jenin,قباطية,سوبر ماركت أجيال,سوبر ماركت أجيال,,سوبر ماركت أجيال,supermarket,32.412866,35.2705621,965
Jenin,قباطية,محمص الساريسي,محمص الساريسي,,محمص الساريسي,supermarket,32.412808,35.2816272,393
Jenin,قباطية,عز الدين حسن محمود كميل,عز الدين حسن محمود كميل,,عز الدين حسن محمود كميل,supermarket,32.4106638,35.290599,998
Jenin,الزبابدة,سوبر ماركت الجامعة,سوبر ماركت الجامعة,,سوبر ماركت الجامعة,supermarket,32.3845597,35.3252377,167
Jenin,برقين,سوبر ماركت ابو العسل,سوبر ماركت ابو العسل,,سوبر ماركت ابو العسل,supermarket,32.4635139,35.2728681,1406
Jenin,اليامون,سوبر ماركت عالم التوفير,سوبر ماركت عالم التوفير,,سوبر ماركت عالم التوفير,supermarket,32.476297,35.2311397,848
Jenin,Jenin City,سوبر ماركت الجليل مول جنين,سوبر ماركت الجليل مول جنين,,سوبر ماركت الجليل مول جنين,supermarket,32.4781683,35.3002952,1829
Jenin,السويطات,سوبر ماركت الجنان حي الجنان,سوبر ماركت الجنان حي الجنان,,سوبر ماركت الجنان حي الجنان,supermarket,32.4445179,35.3064538,322
Jenin,Jenin City,سوبر ماركت شام البيادر,سوبر ماركت شام البيادر,,سوبر ماركت شام البيادر,supermarket,32.4622026,35.3032816,537
Jenin,Jenin City,سوبر ماركت رويال,سوبر ماركت رويال,,سوبر ماركت رويال,supermarket,32.4648431,35.2935986,497
Jenin,كفر دان,سوبر ماركت العربي,سوبر ماركت العربي,,سوبر ماركت العربي,supermarket,32.4888241,35.2613209,1461
Jenin,يعبد,سوبر ماركت بلدنا,سوبر ماركت بلدنا,,سوبر ماركت بلدنا,supermarket,32.4453005,35.1705222,160
Jenin,يعبد,سوبر ماركت بهاء حمارشة,سوبر ماركت بهاء حمارشة,,سوبر ماركت بهاء حمارشة,supermarket,32.4469343,35.1708797,158
Jenin,عرابة,سوبر ماركت القصر,سوبر ماركت القصر,,سوبر ماركت القصر,supermarket,32.4037336,35.2083854,484
Jenin,كفر راعي,سوبر ماركت الجود,سوبر ماركت الجود,,سوبر ماركت الجود,supermarket,32.3760225,35.1575009,262
Jenin,السويطات,سوبر ماركت لافندر,سوبر ماركت لافندر,,سوبر ماركت لافندر,supermarket,32.4453601,35.2952834,810
Jenin,السويطات,سوبر ماركت برج إيفل,سوبر ماركت برج إيفل,,سوبر ماركت برج إيفل,supermarket,32.4523503,35.2982344,846
Jenin,Jenin City,اوبن ستور دوار الشهداء,اوبن ستور دوار الشهداء,,اوبن ستور دوار الشهداء,supermarket,32.4321379,35.2677439,829
Jenin,قباطية,سوبر ماركت النخبة,سوبر ماركت النخبة,,سوبر ماركت النخبة,supermarket,32.4090967,35.2858583,547
Jenin,اليامون,سوبر ماركت المثلث,سوبر ماركت المثلث,,سوبر ماركت المثلث,supermarket,32.4767477,35.220692,1174
Jenin,اليامون,سوبر ماركت نوانهضة,سوبر ماركت نوانهضة,,سوبر ماركت نوانهضة,supermarket,32.4893634,35.2318457,638
Jenin,اليامون,سوبر ماركت سيف ابو حسن يامون قرب مدرسة الخياط,سوبر ماركت سيف ابو حسن يامون قرب مدرسة الخياط,,سوبر ماركت سيف ابو حسن يامون قرب مدرسة الخياط,supermarket,32.4819582,35.2357913,587
Jenin,اليامون,سوبر ماركت الحسن اليامون حارة السمودي,سوبر ماركت الحسن اليامون حارة السمودي,,سوبر ماركت الحسن اليامون حارة السمودي,supermarket,32.4822051,35.2303858,188
Jenin,اليامون,سوبر ماركت المدينة,سوبر ماركت المدينة,,سوبر ماركت المدينة,supermarket,32.4888274,35.2373643,889
Jenin,سيلة الحارثية,سوبر ماركت عمر,سوبر ماركت عمر,,سوبر ماركت عمر,supermarket,32.5005269,35.241364,1477
Jenin,كفر دان,سوبر ماركت الحسام كفر ذان,سوبر ماركت الحسام كفر ذان,,سوبر ماركت الحسام كفر ذان,supermarket,32.4846432,35.2573578,876
Jenin,سيلة الحارثية,مركز البركة للتجارة سيلة الحارثية,مركز البركة للتجارة سيلة الحارثية,,مركز البركة للتجارة سيلة الحارثية,supermarket,32.512283,35.2345952,783
Jenin,سيلة الحارثية,مني ماركت عبدالله احمد زيود,مني ماركت عبدالله احمد زيود,,مني ماركت عبدالله احمد زيود,supermarket,32.5043592,35.2214283,738
Jenin,عانين,مني ماركت ابو عبد الله عانين,مني ماركت ابو عبد الله عانين,,مني ماركت ابو عبد الله عانين,supermarket,32.5014075,35.1674241,28
Jenin,عانين,سوبر ماركت حلب عانين,سوبر ماركت حلب عانين,,سوبر ماركت حلب عانين,supermarket,32.5021075,35.1723114,449
Jenin,ميثلون,سوبر ماركت جولدن نور,سوبر ماركت جولدن نور,,سوبر ماركت جولدن نور,supermarket,32.3468186,35.2727905,147
Jenin,قباطية,مطعم الشيف وليد,مطعم الشيف وليد,,مطعم الشيف وليد,restaurant,32.4120039,35.2822219,342
Jenin,الزبابدة,سوبر ماركت البلد,سوبر ماركت البلد,,سوبر ماركت البلد,supermarket,32.3862246,35.3228711,131
Jenin,برقين,سوبر ماركت الارض الطيبه,سوبر ماركت الارض الطيبه,,سوبر ماركت الارض الطيبه,supermarket,32.4531478,35.2625064,380
Jenin,Jenin City,سوبر ماركت كولومبيا,سوبر ماركت كولومبيا,,سوبر ماركت كولومبيا,supermarket,32.4810702,35.2995149,2141
Jenin,يعبد,سوبر ماركت ملحمة العائلات,سوبر ماركت ملحمة العائلات,,سوبر ماركت ملحمة العائلات,supermarket,32.4463631,35.168689,62
Jenin,عرابة,صيدلية عرابة البدوي,صيدلية عرابة البدوي,,صيدلية عرابة البدوي,supermarket,32.4041104,35.2068681,336
Jenin,صانور,سوبر ماركت الامين,سوبر ماركت الامين,,سوبر ماركت الامين,supermarket,32.3573756,35.246813,111
Jenin,ميثلون,قتيبة رباعية,قتيبة رباعية,,قتيبة رباعية,supermarket,32.3533238,35.2707759,675
Jenin,الجديدة,سوبر ماركت ادم مول,سوبر ماركت ادم مول,,سوبر ماركت ادم مول,supermarket,32.3341365,35.3028469,267
Jenin,مخيم جنين,سوبر ماركت ابو الهيجاء جبريات,سوبر ماركت ابو الهيجاء جبريات,,سوبر ماركت ابو الهيجاء جبريات,supermarket,32.4573592,35.2873789,361
Jenin,يعبد,سوبر ماركت قصي,سوبر ماركت قصي,,سوبر ماركت قصي,supermarket,32.4454401,35.1758996,623
Jenin,كفر دان,سوبر ماركت الحسام عتبة نافع,سوبر ماركت الحسام عتبة نافع,,سوبر ماركت الحسام عتبة نافع,supermarket,32.482226,35.2562219,588
Jenin,كفر دان,سوبر ماركت الارض المباركة كفر ذان,سوبر ماركت الارض المباركة كفر ذان,,سوبر ماركت الارض المباركة كفر ذان,supermarket,32.4844208,35.2650497,1333
Jenin,تعنك,سوبر ماركت ابو محمود الجرس,سوبر ماركت ابو محمود الجرس,,سوبر ماركت ابو محمود الجرس,supermarket,32.5231457,35.2233051,613
Jenin,سيلة الظهر,صيدلية نور,صيدلية نور,,صيدلية نور,pharmacy,32.3198012,35.1920101,643
Jenin,جبع,سوبر ماركت جود,سوبر ماركت جود,,سوبر ماركت جود,supermarket,32.3291896,35.2259798,728
Jenin,ميثلون,الوفيق للتجارة,الوفيق للتجارة,,الوفيق للتجارة,supermarket,32.3519248,35.2656567,891
Jenin,سيريس,سوبر ماركت كرم سيرس,سوبر ماركت كرم سيرس,,سوبر ماركت كرم سيرس,supermarket,32.330721,35.2903434,308
Jenin,مركة,مركة ستور وائل سمير سالم,مركة ستور وائل سمير سالم,,مركة ستور وائل سمير سالم,supermarket,32.3983127,35.2385782,180
Jenin,جلقموس,سوبر محمد القرم,سوبر محمد القرم,,سوبر محمد القرم,supermarket,32.42123,35.3614582,545
Jenin,جلقموس,سوبر ماركت سارة,سوبر ماركت سارة,,سوبر ماركت سارة,supermarket,32.4212544,35.3614687,542
Jenin,أم التوت,سوبر ماركت علاونة,سوبر ماركت علاونة,,سوبر ماركت علاونة,supermarket,32.4319891,35.3471396,253
Jenin,ميثلون,سوبر ماركت جود ميثلون بجانب مسجد صلاح الدين,سوبر ماركت جود ميثلون بجانب مسجد صلاح الدين,,سوبر ماركت جود ميثلون بجانب مسجد صلاح الدين,supermarket,32.3509751,35.2700407,498
Jenin,قباطية,سوبر ماركت اسلام,سوبر ماركت اسلام,,سوبر ماركت اسلام,supermarket,32.41325,35.2794284,418
Jenin,سيلة الحارثية,سوبر ماركت الطيبات السيلة الحارثية,سوبر ماركت الطيبات السيلة الحارثية,,سوبر ماركت الطيبات السيلة الحارثية,supermarket,32.5078358,35.2274279,70
Jenin,فقوعة,سوبر ماركت الصادق,سوبر ماركت الصادق,,سوبر ماركت الصادق,supermarket,32.4905228,35.4018799,72
Jenin,عرابة,سوبر ماركت البلد ماجد عبيد,سوبر ماركت البلد ماجد عبيد,,سوبر ماركت البلد ماجد عبيد,supermarket,32.4077921,35.1999545,475
Jenin,كفر راعي,سوبر ماركت ابو حسن,سوبر ماركت ابو حسن,,سوبر ماركت ابو حسن,supermarket,32.3729542,35.1511175,431
Jenin,رابا,سوبر ماركت تالين,سوبر ماركت تالين,,سوبر ماركت تالين,supermarket,32.3898111,35.3789241,164
Jenin,صانور,سوبر ماركت ابو الزين,سوبر ماركت ابو الزين,,سوبر ماركت ابو الزين,supermarket,32.3655355,35.253833,1229
Jenin,كفر دان,ابو انس عابد,ابو انس عابد,,ابو انس عابد,supermarket,32.4747393,35.2545617,322
Jenin,كفر دان,سوبر ماركت ابو خالد كفر ذان,سوبر ماركت ابو خالد كفر ذان,,سوبر ماركت ابو خالد كفر ذان,supermarket,32.4875632,35.2559472,1145
Jenin,ميثلون,سوبر ماركت المجد,سوبر ماركت المجد,,سوبر ماركت المجد,supermarket,32.34649,35.2804007,637
Jenin,عرابة,سوبر ماركت سميح تلالوه,سوبر ماركت سميح تلالوه,,سوبر ماركت سميح تلالوه,supermarket,32.4038809,35.1991671,400
Jenin,Jenin City,سوبر ماركت المدينة البدوي,سوبر ماركت المدينة البدوي,,سوبر ماركت المدينة البدوي,supermarket,32.4601595,35.3026847,517
Jenin,اليامون,تاج ماركت,تاج ماركت,,تاج ماركت,supermarket,32.492986,35.2270539,1051
Jenin,عنزة,س.م الحوايج شارع,س.م الحوايج شارع,S.M. Al-Hawaij,س.م الحوايج شارع,supermarket,32.3643267,35.2130567,881
Jenin,عرابة,ابناء العم,ابناء العم,,ابناء العم,supermarket,32.4055999,35.2035247,111
Jenin,اليامون,سوبر ماركت الامين شارع الحمرا,سوبر ماركت الامين شارع الحمرا,,سوبر ماركت الامين شارع الحمرا,supermarket,32.492916,35.2423981,1543
Jenin,عرابة,الحديقة عرابة,الحديقة عرابة,,الحديقة عرابة,supermarket,32.4109251,35.2034715,702
Jenin,عرابة,سوبر ماركت بندة,سوبر ماركت بندة,,سوبر ماركت بندة,supermarket,32.4110616,35.2007973,756
Jenin,سيلة الحارثية,راغب محمود زيود السيلة الحارثية شارع الاتصالات 0569189405,راغب محمود زيود السيلة الحارثية شارع الاتصالات 0569189405,,راغب محمود زيود السيلة الحارثية شارع الاتصالات 0569189405,supermarket,32.5133403,35.2294421,629
Jenin,قباطية,صيدلية يزن هيلث,صيدلية يزن هيلث,,صيدلية يزن هيلث,pharmacy,32.4090319,35.2862816,587
Jenin,سيلة الظهر,الشيخ صالح,الشيخ صالح,,الشيخ صالح,apartment,32.3177566,35.1901822,516
Jenin,قباطية,سوبر ماركت الاقصى قباطية,سوبر ماركت الاقصى قباطية,,سوبر ماركت الاقصى قباطية,supermarket,32.4115007,35.2719558,791
Jenin,Jenin City,كار كلينك جنين عبدالرحيم حنايشة واولاده,كار كلينك جنين عبدالرحيم حنايشة واولاده,CAR CLINIC JENIN  VW AUDI,كار كلينك جنين عبدالرحيم حنايشة واولاده,car_repair,32.424661,35.2670529,909
Jenin,فقوعة,ميني ماركت اسامة,ميني ماركت اسامة,,ميني ماركت اسامة,supermarket,32.4903048,35.3985851,238
Jenin,Jenin City,مسلماني للمكسرٱت والشوكولٱتة,مسلماني للمكسرٱت والشوكولٱتة,Maslamani Nuts & Chocolate,مسلماني للمكسرٱت والشوكولٱتة,variety_store,32.4615275,35.297422,42
Jenin,أم التوت,صيدلية اسراء,صيدلية اسراء,,صيدلية اسراء,pharmacy,32.4319141,35.3461062,167
Jenin,بزارية,purple accessories and beauty,purple accessories and beauty,,purple accessories and beauty,beauty,32.3077476,35.1627799,249
Jenin,عين إبراهيم,عين إبراهيم ج,عين إبراهيم ج,Ein Ibrahim C,عين إبراهيم ج,bus_stop,32.539597,35.14484,458
Jenin,عين إبراهيم,عين إبراهيم ه,عين إبراهيم ه,Ein Ibrahim E,عين إبراهيم ه,bus_stop,32.537569,35.145815,218
Jenin,عين إبراهيم,عين إبراهيم أ,عين إبراهيم أ,Ein Ibrahim A,عين إبراهيم أ,bus_stop,32.535955,35.146347,40
Jenin,عين إبراهيم,عين إبراهيم/خروج,عين إبراهيم/خروج,Ein Ibrahim/Exit,عين إبراهيم/خروج,bus_stop,32.534618,35.148166,218
Jenin,عين إبراهيم,السوق,السوق,HaShuk,السوق,bus_stop,32.530155,35.144944,620
Jenin,عين إبراهيم,عين إبراهيم و,عين إبراهيم و,Ein Ibrahim F,عين إبراهيم و,bus_stop,32.536046,35.14575,61
Jenin,عين إبراهيم,الظهر,الظهر,Al-Dhahar,الظهر,bus_stop,32.532246,35.15617,1010
Jenin,عين إبراهيم,طريق السلام,طريق السلام,Alsalam Road,طريق السلام,bus_stop,32.52734,35.141728,1012
Jenin,عين إبراهيم,البخاري,البخاري,Al-Bukhari,البخاري,bus_stop,32.530063,35.157337,1216
Jenin,عين إبراهيم,السوق-الرباط,السوق-الرباط,E-Suq/ A-Rabat,السوق-الرباط,bus_stop,32.527633,35.142218,964
Jenin,عين إبراهيم,عين إبراهيم د,عين إبراهيم د,Ein Ibrahim D,عين إبراهيم د,bus_stop,32.539461,35.145512,430
Jenin,عين إبراهيم,عين إبراهيم ب,عين إبراهيم ب,Ein Ibrahim B,عين إبراهيم ب,bus_stop,32.537408,35.146059,198
Jenin,عين إبراهيم,السوق,السوق,E-Suq,السوق,bus_stop,32.530201,35.145125,612
Jenin,عين إبراهيم,عين إبراهيم/دخول,عين إبراهيم/دخول,Ein Ibrahim/Entry,عين إبراهيم/دخول,bus_stop,32.534699,35.148213,218
Jenin,الزبابدة,الزبابدة,الزبابدة,,الزبابدة,bus_stop,32.384984,35.3241802,86
Jenin,عنزة,عنزة/عجّة,عنزة/عجّة,,عنزة/عجّة,bus_stop,32.3586989,35.2085878,1116
Jenin,عنزة,عنزة/عجّة,عنزة/عجّة,,عنزة/عجّة,bus_stop,32.3589727,35.2089899,1076
Jenin,Jenin City,مستر برامج لبيع اجهزة فحص السيارات,مستر برامج لبيع اجهزة فحص السيارات,Mr. Brameg,مستر برامج لبيع اجهزة فحص السيارات,car_repair,32.4663837,35.3072789,1040
Jenin,برقين,شركة المتين,شركة المتين,,شركة المتين,supermarket,32.4565738,35.2535161,671
Jenin,Jenin City,احمد الاحول,احمد الاحول,,احمد الاحول,supermarket,32.4662831,35.3073737,1042
Jenin,الألمانية,احمد زكارنه,احمد زكارنه,,احمد زكارنه,supermarket,32.4633456,35.316997,223
Jenin,الألمانية,ساجد السعدي,ساجد السعدي,,ساجد السعدي,supermarket,32.4612239,35.3095097,931
Jenin,Jenin City,محمد الصالح,محمد الصالح,,محمد الصالح,supermarket,32.4603186,35.2992709,236
Jenin,Jenin City,العجاوي,العجاوي,,العجاوي,supermarket,32.4602015,35.2995841,266
Jenin,Jenin City,ابو الوفا,ابو الوفا,,ابو الوفا,supermarket,32.4602486,35.2994022,250
Jenin,Jenin City,ابو حماد,ابو حماد,,ابو حماد,supermarket,32.4556372,35.2990662,709
Jenin,Jenin City,محلات نظال الزبداوي,محلات نظال الزبداوي,,محلات نظال الزبداوي,supermarket,32.4265077,35.2544865,1989
Jenin,كفر دان,السايح,السايح,,السايح,supermarket,32.4780099,35.276702,2181
Jenin,Jenin City,هابي هايبرد,هابي هايبرد,,هابي هايبرد,supermarket,32.4685684,35.2926289,876
Jenin,Jenin City,اسامه مول,اسامه مول,,اسامه مول,supermarket,32.4637297,35.2982123,214
Jenin,Jenin City,الباشا دونتس,الباشا دونتس,,الباشا دونتس,supermarket,32.4700015,35.2967911,906
Jenin,عرابة,شام ماركت,شام ماركت,,شام ماركت,supermarket,32.4110973,35.2017385,737
Jenin,عرابة,وائل,وائل,,وائل,supermarket,32.4112907,35.199516,825
Jenin,اليامون,الملكيه,الملكيه,,الملكيه,supermarket,32.4905368,35.2382884,1079
Jenin,يعبد,يعبد مول,يعبد مول,,يعبد مول,supermarket,32.4473045,35.1702003,134
Jenin,برقين,الاويل,الاويل,,الاويل,supermarket,32.4556568,35.2602664,69
Jenin,ميثلون,ناصر ربيعه / ابو ابراهيم,ناصر ربيعه / ابو ابراهيم,,ناصر ربايعه / ابو ابراهيم,supermarket,32.3496504,35.2701971,396
Jenin,سيلة الظهر,العماد للتجاره,العماد للتجاره,,العماد للتجاره,supermarket,32.3229748,35.1922663,763
Jenin,عجة,جملة سرج جديدة,جملة سرج جديدة,,نيو سدل جمله,supermarket,32.3532052,35.1969042,933
Jenin,عجة,شركة جولدن كوين,شركة جولدن كوين,,شركة جولدن كوين,supermarket,32.3601876,35.1933864,255
Jenin,برقين,عبود الدبس سكاكر جمله,عبود الدبس سكاكر جمله,,عبود الدبس سكاكر جمله,supermarket,32.4593007,35.2619332,366
Jenin,كفر دان,عوض الصالح,عوض الصالح,,عوض الصالح,supermarket,32.4797679,35.2558193,337
Jenin,بزارية,ايهاب ناصر جمله,ايهاب ناصر جمله,,ايهاب ناصر جمله,supermarket,32.3074764,35.1571501,779
Jenin,كفر راعي,ضياء ذباب,ضياء ذباب,,ضياء ذباب,supermarket,32.3698466,35.1611019,764
Jenin,الألمانية,مخازن محمد راشد السيريسي,مخازن محمد راشد السيريسي,,مخازن محمد راشد السيريسي,supermarket,32.4637308,35.3157234,349
Jenin,الألمانية,باسل صلاح جامع,باسل صلاح جامع,,باسل صلاح جمله,supermarket,32.4634293,35.3144304,460
Jenin,عين إبراهيم,مسجد عين إبراهيم,مسجد عين إبراهيم,Ein Ibrahim Mosque,مسجد عين إبراهيم,bus_stop,32.539001,35.147099,385
Jenin,عين إبراهيم,مسجد عين إبراهيم,مسجد عين إبراهيم,Ein Ibrahim Mosque,مسجد عين إبراهيم,bus_stop,32.538399,35.147369,328
Jenin,عين إبراهيم,القدس/اليرموك,القدس/اليرموك,Al Quds/al-Yarmouk,القدس/اليرموك,bus_stop,32.52959,35.155201,1081
Jenin,Jenin City,السيريسي,السيريسي,,السيريسي,supermarket,32.4624722,35.3021962,439
Jenin,Jenin City,السهل الاخضر,السهل الاخضر,,السهل الاخضر,supermarket,32.4625156,35.3025431,472
Jenin,Jenin City,رامي خزيميه / اسيد,رامي خزيميه / اسيد,,رامي خزيميه / اسيد,supermarket,32.468828,35.298187,774
Jenin,Jenin City,رامي خزيميه / اسيد,رامي خزيميه / اسيد,,رامي خزيميه / اسيد,supermarket,32.4712509,35.3008887,1087
Jenin,الألمانية,معين العبوشي,معين العبوشي,,معين العبوشي,supermarket,32.4681484,35.3092968,1111
Jenin,صانور,السنوري,السنوري,,الصانوري,supermarket,32.357291,35.2506848,456
Jenin,الزبابدة,كاسترو,كاسترو,,كاسترو,supermarket,32.3842458,35.3255272,212
Jenin,Jenin City,سيف سايد,سيف سايد,,سيف سايد,supermarket,32.4625262,35.295865,175
Jenin,مسلية,احمد فريز ابو الرب,احمد فريز ابو الرب,,احمد فريز ابو الرب,supermarket,32.3862713,35.2877975,18
Jenin,الرامة,علي حيدريه,علي حيدريه,,علي حيدريه,supermarket,32.3551865,35.1725181,179
Jenin,مسلية,أنور وصفي ابو الرب,أنور وصفي ابو الرب,,أنور وصفي ابو الرب,supermarket,32.3872656,35.2832112,462
Jenin,اليامون,طارق ثمينات,طارق ثمينات,,طارق ثمينات,supermarket,32.4775508,35.2334967,776
Jenin,مخيم جنين,سوبر ماركت النور,سوبر ماركت النور,,سوبر ماركت النور,supermarket,32.4507441,35.29036,1107
Jenin,سيلة الظهر,الغانم,الغانم,,الغانم,supermarket,32.3157769,35.182416,502
Jenin,عقابة,العقبة - الأبواق,العقبة - الأبواق,,Aqqaba - Tubas,primary,32.3457864,35.3551476,743
Jenin,الألمانية,شارع طوباس الرئيسي,شارع طوباس الرئيسي,,Tubas Main,primary,32.3331303,35.3643765,869
Jenin,عقابة,Al Kufeir _Aqqabah,Al Kufeir _Aqqabah,,Al Kufeir _Aqqabah,primary,32.3587213,35.3463787,949
Jenin,Jenin City,شارع السناء,شارع السناء,,Alsana',residential,32.4760177,35.2960738,1578
Jenin,مركة,منطة مركة,منطة مركة,,Merka area,residential,32.3991848,35.2397341,291
Jenin,كفر راعي,كفر راعي,كفر راعي,,Kofur Ra'i,residential,32.3760375,35.1608574,549
Jenin,تعنك,تعنك - رمانة,تعنك - رمانة,T'enik - Rumana,تعنك - رمانة,track,32.5217513,35.2146067,704
Jenin,Jenin City,الأردن,الأردن,Jordan,الأردن,residential,32.4701644,35.3076897,1323
Jenin,عانين,عانين,عانين,Anin,عانين,service,32.5016258,35.1724052,449
Jenin,مركة,منطة مركة,منطة مركة,,Merka area,service,32.3944091,35.2390019,256
Jenin,مخيم جنين,سكينة بنت الحسين,سكينة بنت الحسين,,Sukina,residential,32.4545642,35.29338,823
Jenin,ميثلون,سيرة الربايعه,سيرة الربايعه,,Serit Ar Rabaiah,residential,32.3479574,35.272077,163
Jenin,دير أبو ضعيف,منطقة ابو ضعيف,منطقة ابو ضعيف,,abu d'eef zone,residential,32.454572,35.3654803,130
Jenin,Jenin City,شارع الشافعي,شارع الشافعي,,Al-Shafi'i,residential,32.4658141,35.3064526,941
Jenin,قباطية,الطريق الى قباطية,الطريق الى قباطية,,Main street to Qabatia,tertiary,32.402084,35.272539,1088
Jenin,Jenin City,شارع بغداد,شارع بغداد,,Baghdad,residential,32.467135,35.3007903,658
Jenin,عربونة,منطقة عربونة,منطقة عربونة,Araboneh zone,Araboneh zone,residential,32.5094298,35.3637446,190
Jenin,جبع,منطقة جبع,منطقة جبع,,Jab'a zone,residential,32.3233758,35.2220003,60
Jenin,فحمة,منطقة فحمة,منطقة فحمة,,Fahmeh Arae,residential,32.3848886,35.1799862,240
Jenin,فحمة,الطريق الرئيسي لعرابة,الطريق الرئيسي لعرابة,Main Road to Arabeh,Main Road to Arabeh,tertiary,32.3950236,35.2110486,671
Jenin,عربونة,منطقة عربونة,منطقة عربونة,,Araboneh zone,residential,32.5123342,35.3645745,147
Jenin,عربونة,منطقة عربونة,منطقة عربونة,Araboneh zone,Araboneh zone,residential,32.512603,35.3646899,178
Jenin,رابا,Farhaneh area in Raba,Farhaneh area in Raba,,Farhaneh area in Raba,residential,32.390729,35.3758388,296
Jenin,عربونة,منطقة عربونة,منطقة عربونة,Araboneh zone,Araboneh zone,residential,32.5104486,35.362966,118
Jenin,مخيم جنين,تدمر,تدمر,,Tadmor,tertiary,32.4683207,35.2867305,877
Jenin,عنزة,منطقة عنزة,منطقة عنزة,Anzah Area,Anzah Area,tertiary,32.3577957,35.217692,316
Jenin,عربونة,منطقة عربونة,منطقة عربونة,Araboneh zone,Araboneh zone,residential,32.512988,35.3652742,242
Jenin,عربونة,منطقة عربونة,منطقة عربونة,Araboneh zone,Araboneh zone,residential,32.5114531,35.3669146,283
Jenin,مخيم جنين,يابوس,يابوس,,Yabous,residential,32.4659822,35.2824969,808
Jenin,سيريس,شريعة ياسين,شريعة ياسين,,شارع ياصيد,tertiary,32.3107502,35.2932196,1930
Jenin,جبع,جبع,جبع,,Jaba',tertiary,32.3293312,35.2249733,693
Jenin,صير,منطقة صير,منطقة صير,,Sair area,residential,32.363062,35.315722,125
Jenin,مسلية,الطريق الى المسلية,الطريق الى المسلية,,Meslia,secondary,32.3876909,35.288043,165
Jenin,مخيم جنين,شارع الإحسان,شارع الإحسان,,Al-Ihsan,residential,32.4575181,35.290921,422
Jenin,الألمانية,شارع اليرموك,شارع اليرموك,,Alyarmok,tertiary,32.4597377,35.3146113,551
Jenin,برقين,برقين,برقين,,Borqen,residential,32.4530309,35.2599922,357
Jenin,Jenin City,شارع بور سعيد,شارع بور سعيد,,Bor Sa'ed,residential,32.4598941,35.2970281,227
Jenin,مخيم جنين,الإسكندرية,الإسكندرية,,Alexandria,residential,32.4654392,35.2821117,789
Jenin,مخيم جنين,مؤتة,مؤتة,,Mua'tah,residential,32.4668534,35.2870815,710
Jenin,جبع,جبع,جبع,,Jaba',tertiary,32.3268364,35.2204594,355
Jenin,عجة,منطقة عجة,منطقة عجة,,Ejah Area,residential,32.355533,35.1924781,727
Jenin,رابا,منطقة فراحنة,منطقة فراحنة,,Farhaneh area,residential,32.3912155,35.3769294,296
Jenin,عنزة,منطقة عنزة,منطقة عنزة,,Anzah Area,living_street,32.3591219,35.2211646,77
Jenin,عربونة,الى عربونة,الى عربونة,to Arabonah,to Arabonah,tertiary,32.5029395,35.3589212,1025
Jenin,برقين,الطريق الثالث المعدل: الشهداء,الطريق الثالث المعدل: الشهداء,,Modified Tertiary Road: Al-Shuhadaa,secondary,32.4553902,35.2590311,176
Jenin,مخيم جنين,الظاهر بيبرس,الظاهر بيبرس,,Al-Zahir Baibirs,residential,32.4639626,35.2904586,437
Jenin,عجة,سكة حديد العفولة- نابلس القديمة,سكة حديد العفولة- نابلس القديمة,,Old Afula-Nablus Railway,unclassified,32.368198,35.1948359,745
Jenin,Jenin City,شارع حليمة السعدية,شارع حليمة السعدية,,Halima Alsa'dia,residential,32.4598414,35.3074989,959
Jenin,Jenin City,شارع الرازي,شارع الرازي,Sharia Al-Razi,شارع الرازي,residential,32.4569023,35.3007511,629
Jenin,رابا,منطقة رابا,منطقة رابا,,Raba area,living_street,32.3882975,35.3691477,816
Jenin,صير,منطقة صير,منطقة صير,,Sair area,residential,32.3614346,35.3156891,243
Jenin,مركة,منطة مركة,منطة مركة,,Merka area,residential,32.3950082,35.2382662,194
Jenin,صانور,منطقة صانور,منطقة صانور,,Sanoor Area,tertiary,32.3573032,35.2479277,202
Jenin,عرانة,منطقة عرانة,منطقة عرانة,Arraneh zone,منطقة عرانة,service,32.4989657,35.3205123,226
Jenin,عجة,منطقة عجة,منطقة عجة,,Ejah Area,residential,32.3535086,35.1874038,1177
Jenin,دير غزالة,منطقة ديرغزال,منطقة ديرغزال,,Der Ghazal zone,track,32.4883524,35.3553132,883
Jenin,قباطية,شارع أبو زيد,شارع أبو زيد,Abu Zaid,شارع أبو زيد,primary,32.410511,35.2832945,323
Jenin,جبع,شارع البيادر,شارع البيادر,,Albiader,residential,32.3234894,35.2232221,156
Jenin,Jenin City,الموصل,الموصل,,Al-Mosel,residential,32.4554092,35.3029201,878
Jenin,دير أبو ضعيف,منطقة ابو ضعيف,منطقة ابو ضعيف,,abu d'eef zone,living_street,32.4548274,35.3643024,63
Jenin,برقين,الشارع الرئيسي ببرقين,الشارع الرئيسي ببرقين,Main Street in Burken,الشارع الرئيسي ببرقين,secondary,32.4584334,35.2606025,250
Jenin,Jenin City,شارع الياسمين,شارع الياسمين,,AlYasmine,residential,32.4730266,35.2940736,1282
Jenin,دير أبو ضعيف,منطقة ابو ضعيف,منطقة ابو ضعيف,,abu d'eef zone,living_street,32.4548686,35.3648298,66
Jenin,Jenin City,الأندلس,الأندلس,,Al-Andalos,tertiary,32.4674844,35.3059034,1000
Jenin,دير أبو ضعيف,ابو ضعيف,ابو ضعيف,,Abu Da'eef,residential,32.4539284,35.3645206,161
Jenin,الألمانية,السلطان عبد الحميد,السلطان عبد الحميد,Al-Sultan Abd Ahameed,السلطان عبد الحميد,secondary,32.4662196,35.3112998,840
Jenin,صانور,سكة حديد العفولة- نابلس القديمة,سكة حديد العفولة- نابلس القديمة,,Old Afula-Nablus Railway,track,32.3360261,35.1923139,909
Jenin,جبع,منطقة جبع,منطقة جبع,,Jab'a zone,residential,32.3246819,35.2214873,100
Jenin,سيلة الظهر,سيلة الظهر,سيلة الظهر,,Silet Aldaher,tertiary,32.3200622,35.1939199,824
Jenin,دير أبو ضعيف,ابو ضعيف,ابو ضعيف,,Abu Da'eef,residential,32.4575191,35.3614717,369
Jenin,Jenin City,النسيم,النسيم,,Al-Naseim,residential,32.4587925,35.2972506,345
Jenin,السويطات,شارع امير البحر,شارع امير البحر,Amir Albaher,Amir Albaher,tertiary,32.4485536,35.3058763,308
Jenin,رابا,منطقة رابا,منطقة رابا,,Raba area,residential,32.3871216,35.3830182,517
Jenin,دير أبو ضعيف,ابو ضعيف,ابو ضعيف,,Abu Da'eef,living_street,32.4557701,35.3660131,151
Jenin,برقين,الطريق الثالث المعدل: الشهداء,الطريق الثالث المعدل: الشهداء,,Modified Tertiary Road: Al-Shuhadaa,secondary,32.4556004,35.2603592,71
Jenin,دير أبو ضعيف,ابو ضعيف,ابو ضعيف,,Abu Da'eef,living_street,32.4496008,35.3636054,648
Jenin,صير,منطقة صير,منطقة صير,,Sair area,tertiary,32.3620459,35.3157931,193
Jenin,جبع,جبع,جبع,,Jaba',residential,32.3257445,35.2240798,319
Jenin,عرانة,منطقة عرانة,منطقة عرانة,Arraneh zone,منطقة عرانة,residential,32.4967074,35.319322,244
Jenin,ميثلون,النبي مثل,النبي مثل,,An Nabi Mathal,residential,32.3472805,35.2725772,130
Jenin,صير,منطقة صير,منطقة صير,,Sair area,residential,32.3632966,35.3139526,45
Jenin,عنزة,منطقة عنزة,منطقة عنزة,,Anzah Area,residential,32.3582458,35.2227796,257
Jenin,جبع,الى منطقة جافا,الى منطقة جافا,,To java zone,track,32.3318604,35.2333296,1421
Jenin,Jenin City,شارع النهضة,شارع النهضة,,Alnahda,residential,32.4602038,35.2995689,265
Jenin,Jenin City,شارع الجلمة,شارع الجلمة,,قصر علي بابا,residential,32.4718725,35.2994677,1125
Jenin,برقين,الشهداء,الشهداء,,Al-Shuhadaa,secondary,32.450491,35.2628464,666
Jenin,عنزة,منطقة عنزة,منطقة عنزة,,Anzah Area,living_street,32.3590855,35.2194067,104
Jenin,رابا,منطقة رابا,منطقة رابا,,raba area,tertiary,32.3873427,35.3802788,273
Jenin,مخيم جنين,شارع إبن النفيس,شارع إبن النفيس,,Ibn Al-Nafis,residential,32.4608124,35.2922544,382
Jenin,عجة,منطقة عجة,منطقة عجة,,Ejah Area,residential,32.3549412,35.1944706,739
Jenin,Jenin City,منطقة الشهداء,منطقة الشهداء,,Al-Shuhada,residential,32.4297567,35.271534,395
Jenin,سيريس,شارع سيريس الشمالي,شارع سيريس الشمالي,Seres Northern,شارع سيريس الشمالي,tertiary,32.3331567,35.2891787,597
Jenin,الألمانية,الأردن,الأردن,,Jordan,residential,32.469349,35.3084542,1251
Jenin,عجة,منطقة عجة,منطقة عجة,,Ejah area,residential,32.3614855,35.1953272,25
Jenin,عنزة,منطقة عنزة,منطقة عنزة,,Anzah Area,living_street,32.3541504,35.2180262,630
Jenin,جبع,منطقة جبع,منطقة جبع,,منطقة جبع,residential,32.3248795,35.2227185,161
Jenin,ميثلون,شارع سيريس - ميثلون,شارع سيريس - ميثلون,,شارع سيريس - ميثلون,secondary,32.3440016,35.2759972,472
Jenin,مخيم جنين,طبريا,طبريا,,Tabaria,tertiary,32.465122,35.2862739,541
Jenin,سيريس,شارع سيريس,شارع سيريس,Seres,شارع سيريس,secondary,32.3265047,35.2972333,610
Jenin,ميثلون,الظهره,الظهره,,Edh Dhara,residential,32.3425557,35.2703446,670
Jenin,الجديدة,شارع الجديدة,شارع الجديدة,,Aljadedeh,residential,32.3351678,35.3026299,200
Jenin,Jenin City,منطقة الشهداء,منطقة الشهداء,,Al-Shuhada,unclassified,32.4337655,35.276184,575
Jenin,صير,منطقة صير,منطقة صير,,Sair area,residential,32.3633075,35.3144585,5
Jenin,Jenin City,شارع عز الدين,شارع عز الدين,Eiz Alddin,شارع عز الدين,residential,32.456582,35.3065967,1032
Jenin,Jenin City,صابرين,صابرين,,Sabreen,residential,32.4614064,35.3070542,892
Jenin,مخيم جنين,سمرقند,سمرقند,,Samarqand,residential,32.4641908,35.2890787,415
Jenin,مخيم جنين,أسطنبول,أسطنبول,,Istanboul,residential,32.4672759,35.2817414,964
Jenin,صانور,منطقة صانور,منطقة صانور,,Sanoor Area,residential,32.3557843,35.2419123,387
Jenin,يعبد,يعبد,يعبد,Ya'bad,Ya'bad,residential,32.4376235,35.1672435,989
Jenin,Jenin City,شارع عمر بن الخطاب,شارع عمر بن الخطاب,,Omar Bin Al-Khatab,residential,32.4608473,35.2936909,381
Jenin,Jenin City,الخنساء,الخنساء,,Al-Khansa',tertiary,32.463638,35.3048729,713
Jenin,جبع,حارة المدب,حارة المدب,,Haret almadab',residential,32.3257045,35.2257161,442
Jenin,الجديدة,شارع السهل - سيريس,شارع السهل - سيريس,Seres - Meadow Rood,شارع السهل - سيريس,secondary,32.3369098,35.2923885,782
Jenin,يعبد,يعبد,يعبد,,Ya'bad,residential,32.4487272,35.1689613,268
Jenin,فحمة,منطقة فحمة,منطقة فحمة,,Fahmeh Arae,living_street,32.3831529,35.1839655,390
Jenin,سيلة الظهر,سيلة الظهر,سيلة الظهر,Silet Aldaher,Silet Aldaher,tertiary,32.3259732,35.1816302,777
Jenin,عنزة,منطقة عنزة,منطقة عنزة,Anzah Area,Anzah Area,living_street,32.3552067,35.2167434,584
Jenin,رابا,منطقة رابا,منطقة رابا,,Raba area,residential,32.3883086,35.3821461,407
Jenin,عنزة,منطقة عنزة,منطقة عنزة,,Anzah Area,living_street,32.3591779,35.2223463,182
Jenin,تلفيت,الطريق الرئيسي للجامعة العربية الامريكية,الطريق الرئيسي للجامعة العربية الامريكية,,Main Road Of American University,secondary,32.3948695,35.3364622,1174
Jenin,الألمانية,الرياض,الرياض,,Al-Riad,unclassified,32.46931,35.3106083,1091
Jenin,دير أبو ضعيف,منطقة ابو ضعيف,منطقة ابو ضعيف,,abu d'eef zone,living_street,32.4552699,35.3635369,89
Jenin,تعنك,منطقة تعنك,منطقة تعنك,Ta'anak area,منطقة تعنك,residential,32.5185064,35.220731,47
Jenin,فحمة,منطقة فحمة,منطقة فحمة,,Fahmeh Arae,residential,32.3832291,35.1804768,81
Jenin,مخيم جنين,شارع الدامور,شارع الدامور,,Sharia Al-Damor,residential,32.4569527,35.2883328,398
Jenin,الزبابدة,شارع الدبه,شارع الدبه,,شارع الدبه,residential,32.3808134,35.3223431,575
Jenin,تلفيت,الطريق الرئيسي ل رابا,الطريق الرئيسي ل رابا,,Main Street to Raba,tertiary,32.3875954,35.3537887,2083
Jenin,مخيم جنين,العزة,العزة,,Azza,residential,32.4565618,35.2863976,473
Jenin,ميثلون,شارع سيريس - ميثلون,شارع سيريس - ميثلون,Siris- Maithaloon,شارع سيريس - ميثلون,secondary,32.3385694,35.2830005,1343
Jenin,Jenin City,شارع سهل السعادة,شارع سهل السعادة,,Sahel Alsa'di,residential,32.4537028,35.2949851,941
Jenin,مخيم جنين,جمال عبد الناصر,جمال عبد الناصر,,Jamal Abd Al-Nasir,secondary,32.463107,35.2878714,288
Jenin,Jenin City,إبن خلدون,إبن خلدون,,Ibn Khaldon,residential,32.4555413,35.3039507,925
Jenin,الجلمة,منطقة الجلمة,منطقة الجلمة,Al Jalameh zone,منطقة الجلمة,tertiary,32.5076746,35.314125,124
Jenin,Jenin City,الأندلس,الأندلس,,Al-Andalos,residential,32.4677087,35.3056902,1000
Jenin,Jenin City,منطقة الشهداء,منطقة الشهداء,,Al-Shuhada,residential,32.428569,35.2750745,43
Jenin,مخيم جنين,شارع عبدالله بن سراقة,شارع عبدالله بن سراقة,,Abdallah Bin Saraqa,residential,32.4574239,35.290511,408
Jenin,السويطات,علي بن أبي الخطاب,علي بن أبي الخطاب,,Ali Bin Abi Al-Khatab,residential,32.4506616,35.3009514,547
Jenin,الجلمة,منطقة الجلمة,منطقة الجلمة,Al Jalameh zone,منطقة الجلمة,residential,32.5085803,35.313271,8
Jenin,Jenin City,المجدل,المجدل,,Al-Majdal,tertiary,32.4670104,35.307958,1129
Jenin,مخيم جنين,شارع المنسي,شارع المنسي,,Almansi,residential,32.4524278,35.291251,946
Jenin,عرابة,عرابة,عرابة,,Arraba,residential,32.4097456,35.1962523,877
Jenin,برقين,الطريق الثالث المعدل: الشهداء,الطريق الثالث المعدل: الشهداء,,Modified Tertiary Road: Al-Shuhadaa,secondary,32.4558762,35.257277,319
Jenin,الجلمة,منطقة الجلمة,منطقة الجلمة,Al Jalameh zone,منطقة الجلمة,residential,32.5091342,35.3138661,90
Jenin,الألمانية,الإبراهيمي,الإبراهيمي,,Al-Ibrahimi,residential,32.4603603,35.3116845,760
Jenin,مخيم جنين,السعاده,السعاده,,Al-Sa'dah,residential,32.462741,35.2808237,734
Jenin,ميثلون,مصعب بن عمير,مصعب بن عمير,,Mus'ab Ibn Umeir,residential,32.347397,35.2729331,95
Jenin,السويطات,الرشيد,الرشيد,,Al-Rashid,residential,32.4552975,35.3054379,1002
Jenin,سيريس,الشارع القبلي,الشارع القبلي,,الشارع القبلي,residential,32.3265719,35.2887422,265
Jenin,Jenin City,شارع الزيتونه,شارع الزيتونه,,Al-Zaytonah,residential,32.4606474,35.2968722,152
Jenin,جبع,شارع المقبرة,شارع المقبرة,,Almaqbarah,residential,32.324204,35.2189059,257
Jenin,كفر راعي,كفر راعي,كفر راعي,,Kofur Ra'i,residential,32.3667363,35.1461922,1222
Jenin,جبع,جبع,جبع,,Jaba',residential,32.3255861,35.221262,202
Jenin,Jenin City,شارع الايمان,شارع الايمان,,AlIman,residential,32.4584728,35.2940873,500
Jenin,جبع,شارع الظهرة,شارع الظهرة,,Aldahra,tertiary,32.3270711,35.2150891,712
Jenin,كفر دان,شارع حيفا,شارع حيفا,Sharia Haifa,شارع حيفا,secondary,32.4828911,35.2694283,1614
Jenin,جبع,منطقة جبع,منطقة جبع,,Jab'a zone,residential,32.3241746,35.2213019,51
Jenin,الجلمة,منطقة الجلمة,منطقة الجلمة,Al Jalameh zone,منطقة الجلمة,residential,32.5086293,35.3141976,89
Jenin,عجة,منطقة عجة,منطقة عجة,,Ejah Area,residential,32.3535883,35.1937876,898
Jenin,الجلمة,شارع قرية عرانة,شارع قرية عرانة,Arraneh village,شارع قرية عرانة,tertiary,32.5039847,35.3186245,712
Jenin,صانور,منطقة صانور,منطقة صانور,,Sanoor area,living_street,32.3612587,35.2475728,524
Jenin,الجلمة,منطقة الجلمة,منطقة الجلمة,Al Jalameh zone,منطقة الجلمة,residential,32.5072447,35.3139785,156
Jenin,مخيم جنين,شارع الدامور,شارع الدامور,,Sharia Al-Damor,residential,32.4556746,35.2903364,576
Jenin,سيريس,شارع كرم السليمه,شارع كرم السليمه,,شارع كرم السليمه,tertiary,32.3268263,35.2937035,286
Jenin,سيريس,الشارع الغربي - شارع جبع,الشارع الغربي - شارع جبع,,الشارع الغربي - شارع جبع,residential,32.3270769,35.2880478,296
Jenin,مسلية,طريق المسلية,طريق المسلية,,Meslia,residential,32.3862502,35.2871973,73
Jenin,سيريس,شارع القعدة,شارع القعدة,,شارع القعدة,residential,32.3230795,35.2961953,734
Jenin,فحمة,منطقة فحمة,منطقة فحمة,,Fahmeh Arae,residential,32.3831422,35.1778217,195
Jenin,يعبد,يعبد,يعبد,,Ya'bad,residential,32.4410727,35.1651327,707
Jenin,مخيم جنين,شارع الفرات,شارع الفرات,,Alfurat,residential,32.4542703,35.2927251,816
Jenin,Jenin City,شارع وهران,شارع وهران,,Whran,residential,32.4668576,35.3071128,1053
Jenin,Jenin City,الياقوت,الياقوت,,Al-Yaqot,residential,32.4607217,35.308048,992
Jenin,Jenin City,شارع يحيى عياش,شارع يحيى عياش,Sharia Yahia Ayash,شارع يحيى عياش,secondary,32.4601366,35.2986432,219
Jenin,Jenin City,داود الحوراني,داود الحوراني,,Dawod Al-Horani,residential,32.4553303,35.3024085,859
Jenin,مخيم جنين,ميسلون,ميسلون,,Maysaloon,residential,32.4517325,35.2931661,1084
Jenin,جبع,منطقة جبع,منطقة جبع,,Jab'a zone,residential,32.3234894,35.2220579,55
Jenin,مخيم جنين,شارع حزيران,شارع حزيران,,Huzayran,tertiary,32.4641414,35.2914637,505
Jenin,برقين,الشهداء,الشهداء,,Al-Shuhadaa,secondary,32.455001,35.2608433,133
Jenin,عجة,منطقة عجة,منطقة عجة,,Ejah Area,residential,32.3538718,35.1949723,853
Jenin,صانور,منطقة صانور,منطقة صانور,,Sanoor area,residential,32.356837,35.2467794,86
Jenin,كفر راعي,كفر راعي,كفر راعي,,Kofur Ra'i,residential,32.3768731,35.153312,309
Jenin,مخيم جنين,الإمام مالك,الإمام مالك,,Al-Emam Malik,residential,32.4622189,35.2803497,759
Jenin,دير غزالة,منطقة ديرغزال,منطقة ديرغزال,,Der Ghazal zone,residential,32.4954544,35.352983,113
Jenin,دير غزالة,إلى منطقة ديرغزال,إلى منطقة ديرغزال,to Der Ghazal zone,إلى منطقة ديرغزال,tertiary,32.4970336,35.3400975,1110
Jenin,جبع,جبع,جبع,,Jaba',residential,32.3267041,35.2228275,344
Jenin,سيلة الظهر,سيلة الظهر,سيلة الظهر,Silet Aldaher,Silet Aldaher,residential,32.320195,35.1745783,997
Jenin,Jenin City,جواهر الصقلي,جواهر الصقلي,,Jawaher Al-Saqili,residential,32.4585171,35.2966214,385
Jenin,جبع,منطقة جبع,منطقة جبع,,Jab'a zone,service,32.322918,35.2238818,236
Jenin,دير غزالة,منطقة ديرغزال,منطقة ديرغزال,,der ghazal zone,residential,32.4954824,35.3561895,410
Jenin,Jenin City,شارع أبو بكر,شارع أبو بكر,Sharia Abu Bakr,Abu Baker,residential,32.4621335,35.2992391,159
Jenin,تلفيت,منطقة تلفيت,منطقة تلفيت,,talfet area,residential,32.4010479,35.3421323,327
Jenin,الجديدة,شارع الجديدة,شارع الجديدة,,Aljadedeh,residential,32.3342072,35.3026457,247
Jenin,مسلية,طريق المسلية,طريق المسلية,,Meslia,residential,32.3878349,35.2863217,238
Jenin,السويطات,الكروم,الكروم,,Al Kurom,residential,32.4525439,35.302506,696
Jenin,ميثلون,أبو خالد,أبو خالد,,Abu Khalid,residential,32.3461798,35.2713088,297
Jenin,سيلة الظهر,سيلة الظهر,سيلة الظهر,Silet Aldaher,Silet Aldaher,tertiary,32.3231299,35.1766411,889
Jenin,مخيم جنين,الأبرار,الأبرار,,Al-Abrar,residential,32.4647988,35.2884715,475
Jenin,الجلمة,منطقة الجلمة,منطقة الجلمة,Al Jalameh zone,منطقة الجلمة,residential,32.5092401,35.3127142,95
Jenin,عرابة,عرابة,عرابة,,Arraba,residential,32.4052474,35.2034941,72
Jenin,عجة,منطقة عجة,منطقة عجة,,Ejah area,residential,32.3588042,35.1968311,324
Jenin,جبع,شارع لفة حارة عوني,شارع لفة حارة عوني,,Haret lafet awni,residential,32.3248694,35.2221676,131
Jenin,جبع,منطقة جبع,منطقة جبع,,Jab'a zone,service,32.32412,35.2225259,95
Jenin,عنزة,منطقة عنزة,منطقة عنزة,,Anzah Area,service,32.3586799,35.2197683,105
Jenin,أم التوت,منطقة ام التوت,منطقة ام التوت,,Om el Toot zone,residential,32.4320951,35.3447752,65
Jenin,مخيم جنين,الكنانة,الكنانة,,Al-Kananah,residential,32.4701836,35.2849205,1116
Jenin,عرابة,عرابة,عرابة,,Arraba,residential,32.4046045,35.2057327,225
Jenin,أم التوت,منطقة ام التوت,منطقة ام التوت,,Om el Toot zone,residential,32.4333589,35.343137,155
Jenin,جبع,منطقة جبع,منطقة جبع,,منطقة جبع,tertiary,32.3239843,35.2232317,155
Jenin,رابا,منطقة رابا,منطقة رابا,,Raba area,tertiary,32.3863428,35.3834893,591
Jenin,يعبد,يعبد,يعبد,,Ya'bad,residential,32.4484951,35.1669123,331
Jenin,مخيم جنين,شارع الرباط,شارع الرباط,Sharia Al-Rabat,شارع الرباط,residential,32.4598777,35.2922143,384
Jenin,يعبد,يعبد,يعبد,,Ya'bad,residential,32.4394729,35.1741261,886
Jenin,تعنك,منطقة تعنك,منطقة تعنك,ta'anak area,منطقة تعنك,service,32.5199901,35.2208955,213
Jenin,مخيم جنين,شارع الدامور,شارع الدامور,,Sharia Al-Damor,residential,32.4541988,35.2905339,738
Jenin,Jenin City,شارع الجامعة,شارع الجامعة,,Aljam'a,residential,32.4668652,35.2940901,643
Jenin,Jenin City,شارع الملك فيصل,شارع الملك فيصل,Sharia Al-Malik Faisal,شارع الملك فيصل,primary,32.461194,35.3018098,405
Jenin,السويطات,شارع الرازي,شارع الرازي,Sharia Al-Razi,شارع الرازي,tertiary,32.4531398,35.3014088,784
Jenin,صير,منطقة صير,منطقة صير,,Sair area,residential,32.3632139,35.3160872,156
Jenin,Jenin City,عبد القادر الجزائري,عبد القادر الجزائري,Abd Al-Kader Al-Jaza're,عبد القادر الجزائري,residential,32.4704449,35.305042,1182
Jenin,رابا,منطقة رابا,منطقة رابا,,raba area,living_street,32.3869329,35.3857414,768
Jenin,Jenin City,شارع أبو إياد,شارع أبو إياد,,Abu Iad Streed,residential,32.4595285,35.2955366,324
Jenin,جبع,شارع الحارة الشرقية,شارع الحارة الشرقية,,To Alhara alsharqia,unclassified,32.3231454,35.2207916,104
Jenin,عنزة,منطقة عنزة,منطقة عنزة,,anzah area,living_street,32.3556179,35.2184911,462
Jenin,Jenin City,الرملة,الرملة,,Al-Ramleh,residential,32.4633937,35.3045957,681
Jenin,جبع,إلى منطقة أبوحيتان,إلى منطقة أبوحيتان,,To abualhetan zone,residential,32.3282972,35.2286448,830
Jenin,جبع,شارع الحارة الشرقية,شارع الحارة الشرقية,,Al-Hara Al-Sharqia,unclassified,32.3214675,35.2275085,613
Jenin,الألمانية,سليمان الحلبي,سليمان الحلبي,,Sulayman A-Harlaby,residential,32.4669002,35.3112245,884
Jenin,سيريس,شارع الحمرات,شارع الحمرات,,شارع الحمرات,residential,32.3275198,35.2854292,526
Jenin,عربونة,منطقة عربونة,منطقة عربونة,Araboneh zone,Araboneh zone,residential,32.5098012,35.3645362,159
Jenin,جبع,منطقة جبع,منطقة جبع,,Aljame' alqadeem at.,tertiary,32.3237,35.2219551,35
Jenin,عربونة,منطقة عربونة,منطقة عربونة,,Araboneh zone,residential,32.5118952,35.3642281,89
Jenin,عربونة,منطقة عربونة,منطقة عربونة,,Araboneh zone,residential,32.5119313,35.3635371,95
Jenin,عنزة,منطقة عنزة,منطقة عنزة,,Anzah Area,living_street,32.3593589,35.2202025,23
Jenin,عربونة,منطقة عربونة,منطقة عربونة,Araboneh zone,Araboneh zone,residential,32.5124521,35.3656251,217
Jenin,Jenin City,يازور,يازور,,Yazour,residential,32.4671442,35.3035588,811
Jenin,Jenin City,شارع الرحمة,شارع الرحمة,,Al-Rahma,residential,32.4591473,35.2983899,314
Jenin,مخيم جنين,الشهداء,الشهداء,,Al-Shohada',residential,32.4660394,35.2808446,922
Jenin,فحمة,منطقة فحمة,منطقة فحمة,,Fahmeh Arae,living_street,32.3847001,35.1827275,348
Jenin,Jenin City,الريان,الريان,,Al-Rian,residential,32.455354,35.3020813,841
Jenin,عرانة,شارع عرانة الرئيسي,شارع عرانة الرئيسي,Arraneh Main Road,شارع عرانة الرئيسي,tertiary,32.4938342,35.3196453,434
Jenin,جلقموس,منطقة جلقموس,منطقة جلقموس,,Jalkamous area,track,32.4235431,35.3750407,1014
Jenin,Jenin City,شارع فرحان السعدي,شارع فرحان السعدي,,Farhan Alsa'di,residential,32.45629,35.2947171,677
Jenin,جبع,إلى منطقة الحرايق,إلى منطقة الحرايق,,To Alharaiq zone,residential,32.3264222,35.227434,622
Jenin,السويطات,المثنى بن الحارثة,المثنى بن الحارثة,,Al-Mothana Bin Al-Haritha,residential,32.4531096,35.3021083,765
Jenin,المغير,منطقة المغير,منطقة المغير,,al Moghair area,living_street,32.4199909,35.3842894,239
Jenin,عانين,عانين,عانين,Anin,عانين,service,32.5016859,35.1629412,443
Jenin,جلقموس,منطقة جلقموس,منطقة جلقموس,,Jalkamous area,living_street,32.4254523,35.3629369,144
Jenin,عانين,عانين,عانين,Anin,عانين,service,32.501166,35.1741894,615
Jenin,ميثلون,خلة الجامع,خلة الجامع,,Khallet Al Jami',residential,32.3462727,35.2676249,606
Jenin,عانين,منطقة عانين,منطقة عانين,anen area,منطقة عانين,residential,32.5005779,35.1655382,210
Jenin,أم التوت,منطقة ام التوت,منطقة ام التوت,,Om el Toot zone,residential,32.430192,35.3441615,276
Jenin,كفر راعي,كفر راعي,كفر راعي,,Kofur Ra'i,secondary,32.3683891,35.1386169,1710
Jenin,جبع,الشارع المؤدي الى قرية ياصيد,الشارع المؤدي الى قرية ياصيد,,TO Yaseed village,tertiary,32.3237703,35.2284952,648
Jenin,مخيم جنين,شارع السويس,شارع السويس,Al-Suayes,شارع السويس,residential,32.4665491,35.279141,1081
Jenin,عانين,عانين,عانين,Anin,عانين,service,32.5012939,35.1727185,477
Jenin,عانين,منطقة عانين,منطقة عانين,anen area,منطقة عانين,secondary,32.5065075,35.1775571,1100
Jenin,دير أبو ضعيف,ابو ضعيف,ابو ضعيف,,Abu Da'eef,residential,32.4539707,35.3654285,180
Jenin,جبع,طريق عين الجوزة,طريق عين الجوزة,,To Ein Aljoza Zone,residential,32.3246353,35.2206431,130
Jenin,مركة,منطة مركة,منطة مركة,,Merka area,residential,32.3966598,35.2374,125
Jenin,عانين,عانين,عانين,Anin,عانين,service,32.5004033,35.1758683,777
Jenin,جبع,منطقة جبع,منطقة جبع,,Jab'a Zone,tertiary,32.325017,35.2190861,273
Jenin,عانين,عانين,عانين,Anin,عانين,service,32.5018717,35.1656757,197
Jenin,جبع,جبع,جبع,,Jaba',service,32.3257438,35.2229268,251
Jenin,عانين,عانين,عانين,Anin,عانين,service,32.5030827,35.1689076,238
Jenin,عرانة,منطقة عرانة,منطقة عرانة,Arraneh zone,منطقة عرانة,residential,32.4956231,35.3200613,248
Jenin,جلقموس,منطقة جلقموس,منطقة جلقموس,,Jalkamous area,track,32.4307936,35.3632151,609
Jenin,عانين,عانين,عانين,Anin,عانين,residential,32.5004959,35.1657817,192
Jenin,ميثلون,شارع الشهداء,شارع الشهداء,,Ash Shuhada (Martyrs),secondary,32.3493182,35.2672637,637
Jenin,جلقموس,منطقة جلقموس,منطقة جلقموس,,Jalkamous area,residential,32.4286099,35.3663514,396
Jenin,عانين,عانين,عانين,Anin,عانين,service,32.5022472,35.1665394,153
Jenin,عانين,عانين,عانين,Anin,عانين,primary,32.5007934,35.1639847,346
Jenin,مخيم جنين,رفح,رفح,,Rafah,residential,32.4659181,35.2905212,637
Jenin,عانين,عانين,عانين,Anin,عانين,service,32.504136,35.1669637,329
Jenin,تعنك,منطقة تعنك,منطقة تعنك,Ta'anak area,منطقة تعنك,residential,32.5194219,35.2190633,216
Jenin,كفر راعي,كفر راعي,كفر راعي,,Kofur Ra'i,residential,32.3746518,35.1518504,320
Jenin,عانين,عانين,عانين,Anin,عانين,residential,32.5010693,35.1786088,1029
Jenin,مخيم جنين,شارع سامراء,شارع سامراء,,Samura',residential,32.4657077,35.2818488,828
Jenin,Jenin City,شارع الكرامه,شارع الكرامه,,Al-Karameh,residential,32.4608303,35.2942897,329
Jenin,عانين,عانين,عانين,Anin,عانين,service,32.5000383,35.1731165,531
Jenin,صير,منطقة صير,منطقة صير,,Sair area,service,32.3648685,35.316947,291
Jenin,عانين,عانين,عانين,Anin,عانين,residential,32.5042445,35.1704108,424
Jenin,عانين,منطقة عانين,منطقة عانين,anen area,منطقة عانين,service,32.4994287,35.1658829,259
Jenin,مخيم جنين,أم الفحم,أم الفحم,,Um Al-Fhehm,residential,32.4664481,35.2859753,690
Jenin,تعنك,الطريق الرئيسي لعانين,الطريق الرئيسي لعانين,Main Road in Anen,الطريق الرئيسي لعانين,primary,32.5136194,35.2140147,801
Jenin,عنزة,منطقة عنزة,منطقة عنزة,,Anzah Area,living_street,32.359593,35.2211394,69
Jenin,جبع,شارع البصة,شارع البصة,,Albasah zone,residential,32.3259685,35.2127124,869
Jenin,ميثلون,الخربة,الخربة,,Al Khibrbeh,residential,32.3448097,35.2731591,340
Jenin,عجة,منطقة عجة,منطقة عجة,,Ejah Area,residential,32.3563716,35.1921054,660
Jenin,عرانة,منطقة عرانة,منطقة عرانة,Arraneh zone,منطقة عرانة,residential,32.4958874,35.3238487,243
Jenin,السويطات,سكة حديد العفولة- نابلس القديمة,سكة حديد العفولة- نابلس القديمة,,Old Afula-Nablus Railway,residential,32.4452409,35.2926359,1058
Jenin,تعنك,منطقة تعنك,منطقة تعنك,Ta'anak area,منطقة تعنك,residential,32.5215607,35.2222554,413
Jenin,تعنك,منطقة تعنك,منطقة تعنك,Ta'anak area,منطقة تعنك,residential,32.5217439,35.2252548,588
Jenin,صير,منطقة صير,منطقة صير,,Sair area,residential,32.3642234,35.3148216,104
Jenin,الجديدة,شارع المطروحة - البلدية المتحدة,شارع المطروحة - البلدية المتحدة,,شارع المطروحة - البلدية المتحدة,secondary,32.3411606,35.2976361,682
Jenin,عانين,عانين,عانين,Anin,عانين,residential,32.5004332,35.1689514,152
Jenin,كفر راعي,كفر راعي,كفر راعي,,Kofur Ra'i,residential,32.374785,35.161462,583
Jenin,عنزة,منطقة عنزة,منطقة عنزة,,Anzah Area,living_street,32.3563257,35.2199638,349
Jenin,سيلة الظهر,سيلة الظهر,سيلة الظهر,,Silet Aldaher,residential,32.3208001,35.182849,252
Jenin,مخيم جنين,شارع الدامور,شارع الدامور,,Sharia Al-Damor,residential,32.4564004,35.2900674,492
Jenin,الألمانية,شارع اليرموك,شارع اليرموك,Alyarmok,Alyarmok,residential,32.4594878,35.3162576,461
Jenin,الرامة,منطقة الرامة,منطقة الرامة,,Al Rameh Area,tertiary,32.3551035,35.1723405,171
Jenin,تعنك,الطريق الرئيسي لتعنك,الطريق الرئيسي لتعنك,Main Road in Te'anak,الطريق الرئيسي لتعنك,primary,32.5208849,35.2211049,314
Jenin,الألمانية,شارع البتراء,شارع البتراء,,Petra,residential,32.4579544,35.3102296,1002
Jenin,جبع,طريق حارة المضابع,طريق حارة المضابع,,Haret almadabe',residential,32.3251945,35.2236201,246
Jenin,صانور,منطقة صانور,منطقة صانور,,Sanoor Area,residential,32.3554155,35.2451985,163
Jenin,عرانة,منطقة عرانة,منطقة عرانة,Arraneh zone,منطقة عرانة,residential,32.4974012,35.3184071,322
Jenin,سيلة الظهر,سيلة الظهر,سيلة الظهر,,Silet Aldaher,residential,32.3180625,35.1847195,182
Jenin,الجديدة,شارع الجديدة,شارع الجديدة,,Aljadedeh st,residential,32.3345474,35.3054702,475
Jenin,ميثلون,السراب,السراب,,As Sarab,residential,32.353147,35.2671531,861
Jenin,الجديدة,شارع الجديدة,شارع الجديدة,,Aljadedeh,residential,32.3355196,35.3035835,285
Jenin,سيريس,شارع سيريس,شارع سيريس,Seres,شارع سيريس,secondary,32.3327435,35.288555,574
Jenin,الجديدة,Aljadedeh,Aljadedeh,,Aljadedeh,residential,32.3338048,35.304284,401
Jenin,Jenin City,شارع السيده نفيسة,شارع السيده نفيسة,,Al-Sayedah Nafisa,residential,32.4613004,35.2953335,219
Jenin,الجديدة,شارع الجديدة,شارع الجديدة,,Aljadeda,residential,32.3310108,35.3057607,703
Jenin,سيريس,شارع المدارس,شارع المدارس,Seres Schools,شارع المدارس,tertiary,32.3305208,35.2918774,291
Jenin,سيريس,الكائنات,الكائنات,,Seres,residential,32.3315678,35.2946427,524
Jenin,مركة,منطة مركة,منطة مركة,,Merka area,residential,32.3956636,35.238506,118
Jenin,قباطية,شارع يؤدي إلى الجامعة الأمريكية,شارع يؤدي إلى الجامعة الأمريكية,To Arab American University,شارع يؤدي إلى الجامعة الأمريكية,tertiary,32.411947,35.2878442,779
Jenin,ميثلون,الحرايق,الحرايق,,Al Harayeq,residential,32.3518301,35.2736702,446
Jenin,جبع,الى عين الفوارة,الى عين الفوارة,To Ein Alfawara spring,To Ein Alfawara spring,tertiary,32.3336403,35.2283073,1264
Jenin,دير أبو ضعيف,ابو ضعيف,ابو ضعيف,,Abu Da'eef,residential,32.4536564,35.366921,299
Jenin,دير أبو ضعيف,ابو ضعيف,ابو ضعيف,,Abu Da'eef,residential,32.451939,35.3663065,419
Jenin,دير أبو ضعيف,ابو ضعيف,ابو ضعيف,,Abu Da'eef,living_street,32.4554608,35.366547,195
Jenin,مخيم جنين,حنين,حنين,,Haneen,residential,32.4662517,35.2866646,652
Jenin,يعبد,العصافير,العصافير,,Al-'Asafir,tertiary,32.4433411,35.1633978,651
Jenin,دير أبو ضعيف,ابو ضعيف,ابو ضعيف,,Abu Da'eef,living_street,32.4546722,35.3696608,493
Jenin,برقين,برقين,برقين,,Borqen,residential,32.4541636,35.2638306,373
Jenin,دير أبو ضعيف,ابو ضعيف,ابو ضعيف,,Abu Da'eef,living_street,32.4517748,35.364904,403
Jenin,مسلية,الطريق الى المسلية,الطريق الى المسلية,,Main street to Meslia,secondary,32.3906769,35.2776466,1089
Jenin,عانين,عانين,عانين,Anin,عانين,residential,32.5025084,35.1662805,190
Jenin,يعبد,يعبد,يعبد,,Ya'bad,residential,32.4431867,35.166396,447
Jenin,السويطات,المعتصم,المعتصم,,Al-Moa'tasem,residential,32.4535955,35.3020147,819
Jenin,مخيم جنين,محمد الفاتح,محمد الفاتح,,Mohammad Alfateh,residential,32.4582074,35.2912391,386
Jenin,مخيم جنين,شارع خولة بنت الأزور,شارع خولة بنت الأزور,Khawla Bint Al-Azwar,شارع خولة بنت الأزور,residential,32.4620025,35.2813862,659
Jenin,تعنك,منطقة تعنك,منطقة تعنك,Ta'anak area,منطقة تعنك,residential,32.5150968,35.2206994,332
Jenin,الرامة,منطقة الرامة,منطقة الرامة,,Al Rameh Area,track,32.3505629,35.1753372,741
Jenin,Jenin City,صلاح الدين,صلاح الدين,Salah Al-Din,صلاح الدين,residential,32.4598159,35.2945299,366
Jenin,عجة,منطقة عجة,منطقة عجة,,Ejah Area,tertiary,32.3567131,35.1960255,537
Jenin,الألمانية,شارع اشبيلية,شارع اشبيلية,,Eshbilia,residential,32.4649576,35.3083614,1052
Jenin,الرامة,منطقة الرامة,منطقة الرامة,,Al Rameh Area,tertiary,32.3548257,35.1702042,158
Jenin,ميثلون,القصوب,القصوب,,Al Qsoub,residential,32.3496647,35.2737817,205
Jenin,يعبد,يعبد,يعبد,,Ya'bad,residential,32.4446302,35.1702354,208
Jenin,جبع,منطقة جبع,منطقة جبع,,Jab'a Zone,residential,32.325503,35.2138667,751
Jenin,صير,منطقة صير,منطقة صير,,Sair area,residential,32.3624699,35.3166516,230
Jenin,ميثلون,شارع سيريس-ميثلون,شارع سيريس-ميثلون,,Siris - Meithalun highay,secondary,32.3411344,35.2796635,925
Jenin,الرامة,منطقة الرامة,منطقة الرامة,,Al Rameh Area,service,32.3539484,35.1704703,244
Jenin,السويطات,شارع السكة,شارع السكة,,Al-Seka,residential,32.4516298,35.2969263,872
Jenin,تعنك,منطقة تعنك,منطقة تعنك,ta'anak area,منطقة تعنك,residential,32.5204653,35.2210609,267
Jenin,Jenin City,شارع الربيع,شارع الربيع,,Al-Rabia',residential,32.4586263,35.2981374,366
Jenin,رابا,منطقة فراحنة,منطقة فراحنة,,Farhaneh area,residential,32.3907733,35.3773291,239
Jenin,مخيم جنين,سد مأرب,سد مأرب,,Sadd Ma'reb,residential,32.4681712,35.2857337,880
Jenin,عجة,منطقة عجة,منطقة عجة,,Ejah Area,residential,32.357874,35.1932798,460
Jenin,Jenin City,الراضون,الراضون,,Al-Radon,residential,32.4562558,35.301417,723
Jenin,Jenin City,شارع عبدالله بن المبارك,شارع عبدالله بن المبارك,,Abdallah Ibn Al-Mubarak,residential,32.4608697,35.2960343,183
Jenin,جبع,الشارع المؤدي للعين الشرقية,الشارع المؤدي للعين الشرقية,,To Alein Alsharqia,tertiary,32.3241469,35.2248268,306
Jenin,قباطية,يؤدي الى مدينة جنين,يؤدي الى مدينة جنين,,To Jenin City,residential,32.4156793,35.285569,858
Jenin,السويطات,شارع عماد الدين,شارع عماد الدين,,Imad Addin,tertiary,32.4523041,35.3053755,674
Jenin,جبع,منطقة جبع,منطقة جبع,,Jab'a zone,residential,32.3233391,35.2227106,116
Jenin,برقين,وادي برقين,وادي برقين,Wadi Burqin,وادي برقين,secondary,32.4610252,35.2657643,720
Jenin,جبع,منطقة جبع,منطقة جبع,,Jab'a zone,tertiary,32.3238475,35.2210613,51
Jenin,الألمانية,شارع سبعين,شارع سبعين,Sab'een,Sab'een,tertiary,32.4592817,35.3181951,400
Jenin,رابا,منطقة رابا,منطقة رابا,,Raba area,residential,32.3878884,35.3814101,347
Jenin,صير,منطقة صير,منطقة صير,,Sair area,residential,32.3647956,35.314163,163
Jenin,يعبد,يعبد,يعبد,,Ya'bad,residential,32.4507542,35.1653689,617
Jenin,Jenin City,شارع انطاكيا,شارع انطاكيا,,Antakia,residential,32.4674953,35.3067899,1067
Jenin,دير أبو ضعيف,ابو ضعيف,ابو ضعيف,,Abu Da'eef,living_street,32.4559189,35.3647455,65
Jenin,مخيم جنين,شارع المدينة المنورة,شارع المدينة المنورة,,Almadina Almunawara,residential,32.4570989,35.2914894,491
Jenin,صانور,منطقة صانور,منطقة صانور,,sanoor area,tertiary,32.3551116,35.2456906,185
Jenin,Jenin City,شارع البلدة القديمة,شارع البلدة القديمة,,Old City,tertiary,32.4592063,35.3020055,512
Jenin,جبع,الى منطقة الحرايق,الى منطقة الحرايق,,To Alharaiq zone,tertiary,32.3285064,35.2265789,703
Jenin,المغير,طريق الى المغير,طريق الى المغير,,Main Road to al Moghayair,secondary,32.4231806,35.3867598,203
Jenin,ميثلون,فيوس,فيوس,,Fayyous,residential,32.3409132,35.2739854,768
Jenin,جلقموس,منطقة جلقموس,منطقة جلقموس,,Jalkamous area,residential,32.4277415,35.3653996,273
Jenin,مخيم جنين,شارع ابو القاسم الشابي,شارع ابو القاسم الشابي,,Abu Alqaem,residential,32.4662794,35.2881035,639
Jenin,عنزة,منطقة عنزة,منطقة عنزة,,Anzah Area,living_street,32.3560533,35.2203979,376
Jenin,Jenin City,شارع يونس,شارع يونس,,Younes,residential,32.4640078,35.2991251,278
Jenin,ميثلون,أبو خالد,أبو خالد,,Abu Khalid,residential,32.3444893,35.2694877,549
Jenin,برقين,الشهداء,الشهداء,,Al-Shuhadaa,secondary,32.4519556,35.2627295,509
Jenin,الألمانية,أمير الشعراء,أمير الشعراء,,Amir Al-Shoa'ra',residential,32.4596584,35.3092872,998
Jenin,دير أبو ضعيف,منطقة ابو ضعيف,منطقة ابو ضعيف,,Abu D'eef zone,residential,32.452553,35.3674337,419
Jenin,صير,شارع صير - الكفير,شارع صير - الكفير,,شارع صير - الكفير,secondary,32.3652587,35.3289148,1377
Jenin,صير,شارع الجديدة - صير,شارع الجديدة - صير,,شارع الجديدة - صير,secondary,32.3524645,35.3109773,1253
Jenin,مخيم جنين,بلاط الشهداء,بلاط الشهداء,,Balat Al-Shuhada',secondary,32.4647682,35.2815326,782
Jenin,مخيم جنين,شارع بخاري,شارع بخاري,,Bokhare,tertiary,32.4651637,35.2913322,593
Jenin,عرانة,منطقة عرانة,منطقة عرانة,Arraneh zone,منطقة عرانة,service,32.4954702,35.3219856,200
Jenin,برقين,الشهداء,الشهداء,,Al-Shuhadaa,secondary,32.4538281,35.2618327,285
Jenin,مخيم جنين,شارع نور الدين الشهيد,شارع نور الدين الشهيد,,Nour Al-Dein Al-Shaheid,residential,32.4615369,35.2927581,443
Jenin,عرانة,منطقة عرانة,منطقة عرانة,Arraneh zone,منطقة عرانة,tertiary,32.4963521,35.322923,144
Jenin,دير أبو ضعيف,ابو ضعيف,ابو ضعيف,,Abu Da'eef,residential,32.4559724,35.3649054,78
Jenin,المغير,منطقة المغير,منطقة المغير,,al Moghair area,residential,32.4212291,35.3879349,164
Jenin,الجلمة,منطقة الجلمة,منطقة الجلمة,Al Jalameh zone,منطقة الجلمة,residential,32.5075697,35.3120823,152
Jenin,المغير,منطقة المغير,منطقة المغير,,al Moghair area,residential,32.4204339,35.3880156,202
Jenin,المغير,طريق الى المطلة,طريق الى المطلة,Main road to al Motalla,Main road to al Motalla,tertiary,32.419846,35.3960833,944
Jenin,رابا,منطقة رابا,منطقة رابا,,Raba area,residential,32.3864449,35.3840388,633
Jenin,دير أبو ضعيف,ابو ضعيف,ابو ضعيف,,Abu Da'eef,living_street,32.4544888,35.3672587,279
Jenin,دير أبو ضعيف,ابو ضعيف,ابو ضعيف,,Abu Da'eef,residential,32.456024,35.3621954,225
Jenin,صير,منطقة صير,منطقة صير,,Sair area,tertiary,32.3637406,35.3144765,44
Jenin,مخيم جنين,قيساريه,قيساريه,,Qeesariya,residential,32.4666364,35.2852113,734
Jenin,عنزة,منطقة عنزة,منطقة عنزة,,Anzah Area,residential,32.356937,35.2189206,312
Jenin,Jenin City,شارع اللطرون,شارع اللطرون,,Allatron,residential,32.4671839,35.3062901,1009
Jenin,صير,منطقة صير,منطقة صير,,Sair area,residential,32.3641678,35.3154007,129
Jenin,مخيم جنين,طريق خاص,طريق خاص,,Private Road,residential,32.4667945,35.2799934,1037
Jenin,برقين,الشهداء,الشهداء,,Al-Shuhadaa,secondary,32.4418833,35.2638061,1618
Jenin,Jenin City,شارع أبو عبدالله بن الجراح,شارع أبو عبدالله بن الجراح,,Abu Abdallah Bin Al-Jarah,residential,32.4608257,35.2943875,321
Jenin,دير أبو ضعيف,منطقة ابو ضعيف,منطقة ابو ضعيف,,Abu D'eef zone,tertiary,32.4589431,35.3754459,1103
Jenin,يعبد,يعبد,يعبد,,Ya'bad,residential,32.4495096,35.1689774,354
Jenin,ميثلون,الجديدة,الجديدة,,Al Jadeeda,residential,32.3469234,35.2757514,208
Jenin,Jenin City,القسطل,القسطل,,Al-Qastal,residential,32.4646317,35.3059689,845
Jenin,دير أبو ضعيف,ابو ضعيف,ابو ضعيف,,Abu Da'eef,living_street,32.4548382,35.3660022,155
Jenin,مخيم جنين,الخضراء,الخضراء,,Al-Khadra',residential,32.4656029,35.2886254,565
Jenin,عرانة,منطقة عرانة,منطقة عرانة,Arraneh zone,منطقة عرانة,residential,32.4994908,35.3265643,507
Jenin,دير أبو ضعيف,ابو ضعيف,ابو ضعيف,,Abu Da'eef,residential,32.4529482,35.358773,599
Jenin,عنزة,الطريق الرئيسي ل مركة,الطريق الرئيسي ل مركة,Main Way to Merka,Main Way to Merka,tertiary,32.3570965,35.2121163,823
Jenin,مخيم جنين,شارع إبراهيم طوقان,شارع إبراهيم طوقان,,Ibrahim Touqan,residential,32.4671084,35.2893799,740
Jenin,بزارية,سكة حديد العفولة- نابلس القديمة,سكة حديد العفولة- نابلس القديمة,,Old Afula-Nablus Railway,track,32.3141156,35.1501511,1593
Jenin,بزارية,خدمة,خدمة,,service,track,32.3173332,35.1668121,1057
Jenin,بزارية,بزايريا-كفر رومان,بزايريا-كفر رومان,Bazzariya-Kafr Rumman,Bazzariya-Kafr Rumman,tertiary,32.3069579,35.1663232,135
Jenin,أم التوت,شارع أم التوت,شارع أم التوت,Umm At Tut,شارع أم التوت,residential,32.3355976,35.1204212,217
Jenin,بزارية,بزايريا-كفر رومان,بزايريا-كفر رومان,,Bazzariya-Kafr Rumman,tertiary,32.3049368,35.1439631,2044
Jenin,أم التوت,وطية جمعة,وطية جمعة,,Wat'et Jom'a,residential,32.3427606,35.1083146,1256
Jenin,أم التوت,شارع أبو الحلاوة,شارع أبو الحلاوة,Abu Helweh,شارع أبو الحلاوة,residential,32.3334215,35.1146949,378
Jenin,أم التوت,إيلار - إلى بال,إيلار - إلى بال,,Illar - Bal'a,tertiary,32.3518185,35.1197389,1861
Jenin,أم التوت,شارع الصنوبر,شارع الصنوبر,,As-Sunawbar,residential,32.3385689,35.1134191,588
Jenin,أم التوت,بلعا - العطارة,بلعا - العطارة,,Bal'a - Al 'Attara,tertiary,32.32938,35.1308367,1351
Jenin,مخيم جنين,شارع بخاري,شارع بخاري,,Bokhare,tertiary,32.4665015,35.287613,666
Jenin,Jenin City,شارع المحطة,شارع المحطة,Almahata,شارع المحطة,secondary,32.4620756,35.2939405,341
Jenin,Jenin City,عكاظ,عكاظ,Okath,عكاظ,residential,32.46967,35.305136,1120
Jenin,الجلمة,شارع الجلمة,شارع الجلمة,AljalamehStreet,شارع الجلمة,tertiary,32.5093307,35.3102706,294
Jenin,عانين,عانين,عانين,Anin,عانين,residential,32.5031329,35.1645698,357
Jenin,المغير,طريق رئيسي بجلقموس,طريق رئيسي بجلقموس,,Main road in Jalkamous,secondary,32.4273266,35.3768108,1100
Jenin,جلقموس,منطقة جلقموس,منطقة جلقموس,,Jalkamous area,secondary,32.4248481,35.3631971,135
Jenin,أم التوت,منطقة ام التوت,منطقة ام التوت,,Om el Toot zone,residential,32.4316202,35.3457451,160
Jenin,عانين,عانين,عانين,Anin,عانين,service,32.5051645,35.1659713,464
Jenin,عين إبراهيم,القدس,القدس,Al-Quds,القدس,tertiary,32.5312269,35.152522,771
Jenin,الجديدة,شارع الجديدة,شارع الجديدة,,Aljadedeh,residential,32.3365749,35.3055205,481
Jenin,الجديدة,شارع الجديدة,شارع الجديدة,,Aljadedeh,residential,32.3355527,35.3021783,153
Jenin,سيريس,شارع سيريس,شارع سيريس,Seres,شارع سيريس,secondary,32.3309985,35.2960429,579
Jenin,سيريس,شارع سيريس,شارع سيريس,,Seres,tertiary,32.3286118,35.2914694,81
Jenin,ميثلون,البيادر,البيادر,,Al Bayadir,residential,32.3501317,35.2729711,269
Jenin,ميثلون,الشروات,الشروات,,Ash Sharwat,residential,32.3456568,35.2758357,307
Jenin,ميثلون,القصوب,القصوب,,Al Qsoub,residential,32.3493881,35.2728925,195
Jenin,ميثلون,شارع ميثلون,شارع ميثلون,,Methalon,residential,32.3475097,35.2749597,114
Jenin,ميثلون,بيادر نعيرات,بيادر نعيرات,,Bayadir Neirat,residential,32.3465745,35.2745238,154
Jenin,عرابة,عرابة,عرابة,,Arraba,residential,32.4119442,35.1932958,1247
Jenin,عين إبراهيم,المدينة,المدينة,Al-Madina,المدينة,tertiary,32.529739,35.1538031,970
Jenin,عين إبراهيم,المدينة,المدينة,Al-Madina,المدينة,tertiary,32.5313614,35.1515781,695
Jenin,قباطية,شارع قباطية,شارع قباطية,,Kabatya,tertiary,32.4100317,35.2721334,746
Jenin,قباطية,شارع قباطية,شارع قباطية,,Kabatya,residential,32.4102379,35.2764929,344
Jenin,برقين,شارع الجابريات,شارع الجابريات,Jabriat,شارع الجابريات,tertiary,32.453713,35.2673209,683
Jenin,عين إبراهيم,قحاوش,قحاوش,,قحاوش,residential,32.5333484,35.1539659,774
Jenin,برطعة,شارع بلال بن رباح,شارع بلال بن رباح,,شارع بلال بن رباح,residential,32.4760589,35.0845238,578
Jenin,برطعة,شارع السدرة,شارع السدرة,,شارع السدرة,residential,32.473271,35.0833658,664
Jenin,عين إبراهيم,الخندق,الخندق,Al Handaq,الخندق,residential,32.5299757,35.1542905,987
Jenin,تلفيت,الطريق الرئيسي للجامعة العربية الامريكية,الطريق الرئيسي للجامعة العربية الامريكية,Main Road Of American University,Main Road Of American University,tertiary,32.4060418,35.3415144,270
Jenin,Jenin City,شارع ابو جهاد,شارع ابو جهاد,,Abu Jihad,tertiary,32.4647335,35.2951117,392
Jenin,Jenin City,شارع حيفا,شارع حيفا,Sharia Haifa,شارع حيفا,secondary,32.4647145,35.2935451,491
Jenin,Jenin City,دوار الداخلية,دوار الداخلية,,دوار الداخلية,secondary,32.4659971,35.2921173,686
Jenin,Jenin City,شارع الملك فيصل,شارع الملك فيصل,Sharia Al-Malik Faisal,شارع الملك فيصل,primary,32.4674034,35.3046764,906
Jenin,Jenin City,شارع فلسطين,شارع فلسطين,Palestine,شارع فلسطين,secondary,32.4687269,35.3006616,814
Jenin,Jenin City,شارع فلسطين,شارع فلسطين,,Palestine,secondary,32.4673179,35.2933932,720
Jenin,Jenin City,شارع اشبيلية,شارع اشبيلية,,Eshbilia,tertiary,32.4663907,35.3063476,964
Jenin,برطعة,شارع ام يونس,شارع ام يونس,,شارع ام يونس,residential,32.4771443,35.0844845,631
Jenin,برطعة,شارع الفروش,شارع الفروش,,شارع الفروش,residential,32.4712101,35.0843577,660
Jenin,صير,منطقة صير,منطقة صير,,Sair area,residential,32.3618529,35.313794,177
Jenin,عنزة,طريق رئيسي,طريق رئيسي,Main Road,Main Road,secondary,32.3425993,35.226638,1961
Jenin,عانين,عانين,عانين,Anin,عانين,tertiary,32.4987756,35.159414,818
Jenin,الزبابدة,طريق مدرسة البنات,طريق مدرسة البنات,,طريق مدرسة البنات,residential,32.3845569,35.3240445,134
Jenin,الزبابدة,شارع الصحية,شارع الصحية,,شارع الصحية,residential,32.3846195,35.3233855,146
Jenin,ميثلون,إمات العيال,إمات العيال,,Emmat Li'yal,track,32.3483274,35.2899156,1514
Jenin,الجديدة,khalet assara,khalet assara,,khalet assara,residential,32.3337862,35.3011441,204
Jenin,الجديدة,خلة نمر,خلة نمر,,khalet nemer,service,32.3409113,35.3171323,1668
Jenin,صانور,منطقة صانور,منطقة صانور,Sanoor Area,Sanoor Area,track,32.3528161,35.237792,877
Jenin,صانور,منطقة صانور,منطقة صانور,,Sanoor area,track,32.3688462,35.2501438,1402
Jenin,الزبابدة,شارع الدبه,شارع الدبه,,شارع الدبه,residential,32.3791257,35.324712,739
Jenin,صانور,ميثلون - صانور,ميثلون - صانور,,Sanur-Meithalun,secondary,32.3516466,35.2537921,937
Jenin,ميثلون,قطعة حردان,قطعة حردان,,Qattit Hardan,residential,32.3498336,35.2685283,544
Jenin,مسلية,جنين,جنين,,Jenin,residential,32.3693077,35.2763551,2173
Jenin,كفر راعي,كفر راعي,كفر راعي,,Kofur Ra'i,track,32.3599704,35.1334157,2620
Jenin,فحمة,منطقة فحمة,منطقة فحمة,,Fahmeh Arae,residential,32.3834499,35.179224,98
Jenin,Jenin City,فاطمة خاتون,فاطمة خاتون,,Fatima Khatoon,residential,32.4631788,35.299531,234
Jenin,سيلة الحارثية,شارع حيفا,شارع حيفا,Sharia Haifa,شارع حيفا,secondary,32.5135626,35.2333352,805
Jenin,ميثلون,أبو محلا,أبو محلا,,Abu Mhalla,residential,32.3533557,35.2704185,693
Jenin,ميثلون,الغرابا,الغرابا,,Al Gharaba,residential,32.3517949,35.2646683,966
Jenin,ميثلون,صلاح الدين,صلاح الدين,Salah Al-Din,صلاح الدين,residential,32.3513373,35.2677936,687
Jenin,ميثلون,القصوب,القصوب,,Al Qsoub,residential,32.3494724,35.2717754,265
Jenin,ميثلون,عمر بن الخطاب,عمر بن الخطاب,Omar Bin Al-Khattab,عمر بن الخطاب,residential,32.3488077,35.2717778,220
Jenin,ميثلون,الزاوية,الزاوية,,Az Zawyeh,residential,32.3482055,35.2725047,130
Jenin,برقين,شارع الجابريات,شارع الجابريات,,Jabriat Steet,tertiary,32.4538019,35.2633907,369
Jenin,مركة,منطة مركة,منطة مركة,,Merka area,residential,32.3975839,35.2381754,111
Jenin,برقين,الطريق الثالث المعدل: الشهداء,الطريق الثالث المعدل: الشهداء,,Modified Tertiary Road: Al-Shuhadaa,secondary,32.4556305,35.257975,259
Jenin,برقين,الطريق الثالث المعدل: الشهداء,الطريق الثالث المعدل: الشهداء,,Modified Tertiary Road: Al-Shuhadaa,secondary,32.4555618,35.2601037,87
Jenin,فحمة,سكة حديد العفولة- نابلس القديمة,سكة حديد العفولة- نابلس القديمة,,Old Afula-Nablus Railway,track,32.3849398,35.208634,480
Jenin,صانور,الغرابا,الغرابا,,Al Gharaba,track,32.3539987,35.2587625,1250
Jenin,جبع,منطقة جبع,منطقة جبع,,Jab'a Zone,residential,32.3251419,35.2183343,341
Jenin,جبع,منطقة جبع,منطقة جبع,,Jab'a Zone,tertiary,32.3257196,35.2172215,464
Jenin,جبع,منطقة جبع,منطقة جبع,,Jab'a zone,tertiary,32.3237883,35.222154,52
Jenin,جبع,جبع,جبع,,Jaba',residential,32.3266061,35.2217453,313
Jenin,جبع,جبع,جبع,,Jaba',residential,32.3262705,35.2186181,393
Jenin,جبع,جبع,جبع,,Jaba',residential,32.3269717,35.223386,392
Jenin,جبع,جبع,جبع,,Jaba',residential,32.3276253,35.2192617,480
Jenin,برطعة,شارع حلب,شارع حلب,,شارع حلب,residential,32.4741341,35.0891558,113
Jenin,عين إبراهيم,المدينة,المدينة,Al-Madina,المدينة,tertiary,32.5272903,35.1542809,1199
Jenin,عين إبراهيم,المدينة,المدينة,Al-Madina,المدينة,tertiary,32.5273043,35.1543787,1204
Jenin,عين إبراهيم,المدينة,المدينة,Al-Madina,المدينة,tertiary,32.5326878,35.1489014,416
Jenin,عين إبراهيم,المدينة,المدينة,Al-Madina,المدينة,tertiary,32.5297936,35.1539207,974
Jenin,سيريس,شارع سيريس الشمالي,شارع سيريس الشمالي,Seres Northern,شارع سيريس الشمالي,tertiary,32.3304466,35.2932634,345
Jenin,سيريس,شارع سيريس,شارع سيريس,,Seres,tertiary,32.3286028,35.2917662,98
Jenin,Jenin City,شارع حيفا,شارع حيفا,Sharia Haifa,شارع حيفا,tertiary,32.4613478,35.2991564,161
Jenin,Jenin City,شارع يحيى عياش,شارع يحيى عياش,Sharia Yahia Ayash,شارع يحيى عياش,tertiary,32.4628146,35.2972474,108
Jenin,سيريس,منزل د. أحمد سعود سمارة,منزل د. أحمد سعود سمارة,Dr. Ahmad Saud Samara house,منزل د. أحمد سعود سمارة,doctors,32.3275023,35.2918625,99
Jenin,سيريس,منزل وعيادة الدكتور احمد بسام سمارة,منزل وعيادة الدكتور احمد بسام سمارة,Dr. Ahmad Bassam Samara House and clinic,منزل وعيادة الدكتور احمد بسام سمارة,doctors,32.3350759,35.2864809,893
Jenin,سيريس,منزل الدكتور مراد علي سمارة,منزل الدكتور مراد علي سمارة,Dr. Murad Samara house,منزل الدكتور مراد علي سمارة,doctors,32.3364774,35.285579,1070
Jenin,سيريس,منزل الدكتور اسامة فقها,منزل الدكتور اسامة فقها,Dr Osama Foqha house,منزل الدكتور اسامة فقها,doctors,32.3377307,35.2850715,1216
Jenin,سيريس,مسجد ابوبكر الصديق,مسجد ابوبكر الصديق,Abu-Baker Alseddeq mosque,مسجد ابوبكر الصديق,place_of_worship,32.3307219,35.2905605,304
Jenin,سيريس,مسجد سيريس القديم,مسجد سيريس القديم,Siris Old Mosque,مسجد سيريس القديم,place_of_worship,32.3287491,35.2904976,95
Jenin,سيريس,مسجد الفاروق,مسجد الفاروق,Al-Farouk Mosque,مسجد الفاروق,place_of_worship,32.3274395,35.2903382,88
Jenin,سيريس,مصلى التوبة,مصلى التوبة,Altawba Mosque,مصلى التوبة,place_of_worship,32.3310546,35.296498,618
Jenin,سيريس,مسجة البر والتقوى,مسجة البر والتقوى,Al-Bir Waltaqwa mosque,مسجة البر والتقوى,place_of_worship,32.3255263,35.2931701,343
Jenin,سيريس,صيدلية الاسراء,صيدلية الاسراء,Al-Isra'a Pharmacy,صيدلية الاسراء,pharmacy,32.3295823,35.2917438,189
Jenin,سيريس,مطعم بروست تايم,مطعم بروست تايم,Broast time restaurant,مطعم بروست تايم,restaurant,32.3296554,35.2916075,192
Jenin,سيريس,قاعة سوا للمناسبات,قاعة سوا للمناسبات,Sawa Hall,قاعة سوا للمناسبات,townhall,32.3284601,35.2936203,252
Jenin,سيريس,موقف سيريس - المثلث,موقف سيريس - المثلث,Siris Bus Station,موقف سيريس - المثلث,bus_station,32.3302897,35.2909528,254
Jenin,الجديدة,مسلخ الامير,مسلخ الامير,Al-Ameer Butchery,مسلخ الامير,butcher,32.3351473,35.2949655,527
Jenin,ميثلون,المحادر,المحادر,,Al Mahader,residential,32.3546664,35.2734556,762
Jenin,ميثلون,الشط,الشط,,Ash Shatt,residential,32.3556055,35.2719891,883
Jenin,ميثلون,المضابع,المضابع,,Al Madabi',residential,32.354158,35.2697416,802
Jenin,ميثلون,السويحل,السويحل,,As Suweihel,residential,32.3522168,35.2699792,607
Jenin,ميثلون,العنبرات,العنبرات,,Al Anbarat,residential,32.3504768,35.2708832,404
Jenin,ميثلون,حبلة فتول,حبلة فتول,,Hablat Fattoul,residential,32.3487063,35.2730194,123
Jenin,ميثلون,الحشاش,الحشاش,,Al Hashash,residential,32.3484739,35.2742165,82
Jenin,ميثلون,اللواوين,اللواوين,,Al Lawaween,residential,32.3482913,35.2731263,83
Jenin,ميثلون,بير المدارس,بير المدارس,,Bir Al Madaris,residential,32.3521911,35.2764779,547
Jenin,ميثلون,بركة البط,بركة البط,,Birket Al Batt,residential,32.3537895,35.2766997,717
Jenin,ميثلون,خالد ين الوليد,خالد ين الوليد,,Khalid Ibn Al Waleed,residential,32.3488787,35.2751469,172
Jenin,ميثلون,الجديدة,الجديدة,,Al Jadeeda,residential,32.3464205,35.2790164,513
Jenin,ميثلون,أبو علي مصطفى,أبو علي مصطفى,,Abu Ali Mustafa,secondary,32.3453079,35.274608,289
Jenin,ميثلون,أبو محلا,أبو محلا,,Abu Mhallah,residential,32.3540646,35.2713768,731
Jenin,ميثلون,قفا خيبر,قفا خيبر,,Qafa Kheiber,residential,32.3490871,35.2810817,698
Jenin,ميثلون,الراس,الراس,,Ar Rass,residential,32.3506308,35.2757414,362
Jenin,ميثلون,بنات ميثلون الثانوية,بنات ميثلون الثانوية,,Meithalun's Secondary School for Girls,school,32.3504098,35.2772277,432
Jenin,ميثلون,مدرسة مسقط الثانوية للبنات,مدرسة مسقط الثانوية للبنات,,Musqat Secondary School for Girls,school,32.3426794,35.2726653,581
Jenin,ميثلون,الحشاش,الحشاش,,Al Hashash,residential,32.3490545,35.2741842,142
Jenin,ميثلون,الحشاش,الحشاش,,Al Hashash,residential,32.3487471,35.2735376,106
Jenin,ميثلون,البيادر,البيادر,,Al Bayadir,residential,32.3501812,35.272604,286
Jenin,ميثلون,البيادر,البيادر,,Al Bayadir,residential,32.3497205,35.2718258,282
Jenin,ميثلون,البيادر,البيادر,,Al Bayadir,residential,32.3496972,35.271485,302
Jenin,ميثلون,الشارع الجنوبي,الشارع الجنوبي,,Ash Shari' Al Janoubi,secondary,32.3472317,35.2713026,244
Jenin,صانور,طريق الجربا,طريق الجربا,Jarba,Jarba,secondary,32.3548772,35.2496381,412
Jenin,سيريس,مركز سيريس الطبي,مركز سيريس الطبي,Seres Clinical center,مركز سيريس الطبي,doctors,32.3267742,35.2933399,260
Jenin,سيريس,مقبرة سيريس,مقبرة سيريس,Siris Cemetery,مقبرة سيريس,grave_yard,32.3238405,35.2889528,502
Jenin,مخيم جنين,العودة,العودة,,Al-Awdah,residential,32.4604233,35.2890729,84
Jenin,مخيم جنين,شارع الدامور,شارع الدامور,,Sharia Al-Damor,tertiary,32.4510573,35.2903146,1072
Jenin,برقين,الشهداء,الشهداء,,Al-Shuhadaa,secondary,32.4530927,35.2624726,384
Jenin,مخيم جنين,قتيبة بن مسلم,قتيبة بن مسلم,,Qutayba Ibn Muslim,residential,32.4685767,35.2835204,996
Jenin,برطعة,شارع حطين,شارع حطين,Sharia Hittin,شارع حطين,residential,32.4751093,35.0830644,687
Jenin,برطعة,شارع ابن القيم,شارع ابن القيم,,شارع ابن القيم,residential,32.4748745,35.0812478,855
Jenin,برطعة,شارع الجامع,شارع الجامع,,شارع الجامع,residential,32.4733787,35.0825745,736
Jenin,برطعة,شارع البيادر,شارع البيادر,,شارع البيادر,residential,32.474538,35.0857075,435
Jenin,برطعة,شارع احمد شوقي,شارع احمد شوقي,,شارع احمد شوقي,residential,32.4748028,35.0840527,592
Jenin,برطعة,شارع ابن تيمية,شارع ابن تيمية,,شارع ابن تيمية,residential,32.4745268,35.0809177,884
Jenin,برطعة,شارع ابن الهيثم,شارع ابن الهيثم,,شارع ابن الهيثم,residential,32.4763759,35.0868633,397
Jenin,برطعة,شارع الجولان,شارع الجولان,,شارع الجولان,residential,32.476252,35.0856974,484
Jenin,برطعة,شارع الرحمة,شارع الرحمة,Sharia Al-Rahma,شارع الرحمة,residential,32.4763247,35.0864773,424
Jenin,برطعة,شارع حورة,شارع حورة,,شارع حورة,residential,32.4717007,35.085507,539
Jenin,برطعة,شارع النجاح,شارع النجاح,,شارع النجاح,residential,32.4736264,35.0875884,269
Jenin,الألمانية,موقف سيارات مستشفى طوباس التركي,موقف سيارات مستشفى طوباس التركي,Tobas Turkish Hospital Parking,موقف سيارات مستشفى طوباس التركي,parking,32.3371366,35.3565148,1203
Jenin,الألمانية,طريق مستشفى طوباس التركي,طريق مستشفى طوباس التركي,Tobas Turkish Hospital Road,طريق مستشفى طوباس التركي,residential,32.3361514,35.35947,980
Jenin,الجديدة,شارع الجديدة,شارع الجديدة,,Aljadedeh,residential,32.336014,35.3033397,267
Jenin,الجديدة,شارع الجديدة الرئيسي,شارع الجديدة الرئيسي,,شارع الجديدة الرئيسي,secondary,32.3357394,35.3010321,50
Jenin,ميثلون,الخربة,الخربة,,Al Khibrbeh,residential,32.3397491,35.2781061,984
Jenin,ميثلون,الخربة,الخربة,,Al Khibrbeh,residential,32.3444781,35.2736556,372
Jenin,ميثلون,الخربة,الخربة,,Al Khibrbeh,residential,32.3445488,35.2734425,365
Jenin,سيريس,شارع سيريس - ميثلون,شارع سيريس - ميثلون,Siris- Maithaloon,شارع سيريس - ميثلون,secondary,32.3366496,35.2848651,1120
Jenin,سيريس,شارع سيريس الرئيسي,شارع سيريس الرئيسي,Seres Main Street Road,شارع سيريس الرئيسي,secondary,32.3299771,35.291325,221
Jenin,سيريس,شارع سيريس,شارع سيريس,Seres,شارع سيريس,tertiary,32.3294758,35.2911007,163
Jenin,الألمانية,العقبة - الغور,العقبة - الغور,,Aqqaba - Al Ghour,unclassified,32.3366731,35.3638949,594
Jenin,Jenin City,شارع إبن النفيس,شارع إبن النفيس,,Ibn Al-Nafis,residential,32.4599255,35.2938674,410
Jenin,عجة,سكة حديد العفولة- نابلس القديمة,سكة حديد العفولة- نابلس القديمة,,Old Afula-Nablus Railway,residential,32.3581312,35.1895796,679
Jenin,سيلة الظهر,سيلة الظهر,سيلة الظهر,Silet Aldaher,Silet Aldaher,tertiary,32.3309752,35.1802678,1340
Jenin,برقين,شارع برقين - يعبد,شارع برقين - يعبد,,Burken - Yaabad Main,secondary,32.456982,35.2473715,1250
Jenin,برقين,برقين,برقين,,Borqen,residential,32.4568483,35.2613157,96
Jenin,سيريس,صالة حلا للمناسبات,صالة حلا للمناسبات,Hala Hall,صالة حلا للمناسبات,townhall,32.3385711,35.2835927,1365
Jenin,سيريس,شارع صلاح الدين,شارع صلاح الدين,Sharia Salah Al-Din,شارع صلاح الدين,residential,32.3291131,35.2917044,140
Jenin,سيريس,شارع سيريس الرئيسي,شارع سيريس الرئيسي,Seres Main Street Road,شارع سيريس الرئيسي,secondary,32.3292332,35.2924907,196
Jenin,سيريس,شارع عمر المختار,شارع عمر المختار,Sharia Omar Al-Mukhtar,شارع عمر المختار,tertiary,32.3261132,35.2920395,233
Jenin,سيريس,شارع وسط البلد,شارع وسط البلد,,شارع وسط البلد,tertiary,32.3276248,35.2907667,48
Jenin,Jenin City,شارع الجامعة,شارع الجامعة,,Aljam'a,residential,32.4651426,35.2940427,490
Jenin,Jenin City,موقف جنين للسيارات,موقف جنين للسيارات,Jenin car parking,موقف جنين للسيارات,parking,32.464543,35.2975731,296
Jenin,Jenin City,موقف سيارات بالاجرة,موقف سيارات بالاجرة,car Parking,موقف سيارات بالاجرة,parking,32.4639162,35.2967357,239
Jenin,Jenin City,موقف سيارات بالاجرة,موقف سيارات بالاجرة,Car Parking,موقف سيارات بالاجرة,parking,32.4645204,35.2967383,303
Jenin,Jenin City,دجاج كنتاكي - جنين,دجاج كنتاكي - جنين,KFC - Jenin,دجاج كنتاكي - جنين,fast_food,32.4644461,35.2943053,418
Jenin,Jenin City,كراج سيارات قرى غرب جنين,كراج سيارات قرى غرب جنين,Jenin west villages Bus Station,كراج سيارات قرى شمال جنين,bus_station,32.4640403,35.2976532,240
Jenin,Jenin City,كراج جنين المركزي,كراج جنين المركزي,Jenin Central Bus Station,كراج جنين المركزي,bus_station,32.4611948,35.298303,103
Jenin,السويطات,شارع اسكان الحنون,شارع اسكان الحنون,,شارع اسكان الحنون,residential,32.4389531,35.3015496,854
Jenin,السويطات,شارع خاص,شارع خاص,,شارع خاص,residential,32.4373346,35.3029942,1010
Jenin,الزبابدة,طريق مدرسة البنات,طريق مدرسة البنات,,طريق مدرسة البنات,residential,32.3845027,35.324186,139
Jenin,عين إبراهيم,القدس,القدس,Al-Quds,القدس,tertiary,32.5298775,35.1552126,1062
Jenin,عين إبراهيم,القدس,القدس,Al-Quds,القدس,tertiary,32.5313221,35.1525828,769
Jenin,عين إبراهيم,القدس,القدس,Al-Quds,القدس,tertiary,32.5298694,35.1551352,1057
Jenin,عين إبراهيم,القدس,القدس,Al-Quds,القدس,tertiary,32.5279141,35.1563275,1282
Jenin,عين إبراهيم,الظهر,الظهر,Al-Zahir,الظهر,tertiary,32.532513,35.1571449,1086
Jenin,عين إبراهيم,الظهر,الظهر,Al-Zahir,الظهر,tertiary,32.5326213,35.1570895,1077
Jenin,عين إبراهيم,دوار الشهيد,دوار الشهيد,,دوار الشهيد,tertiary,32.5305491,35.1534383,885
Jenin,عين إبراهيم,المدينة,المدينة,Al-Madina,المدينة,tertiary,32.5314723,35.1517634,699
Jenin,برطعة,شارع المحبة,شارع المحبة,,شارع المحبة,residential,32.4716771,35.0813653,892
Jenin,جبع,شارع,شارع,,شارع,service,32.3243587,35.2173153,407
Jenin,صيدا,كفر راعي,كفر راعي,,Kofur Ra'i,residential,32.390021,35.1410381,2119
Jenin,الرامة,كفر راعي,كفر راعي,,Kofur Ra'i,tertiary,32.3645875,35.1647175,1110
Jenin,الرامة,شارع المدرسة,شارع المدرسة,,شارع المدرسة,residential,32.3579609,35.1718287,223
Jenin,الجديدة,مغسلة الكرمل,مغسلة الكرمل,Al-Karmel car wash,مغسلة الكرمل,car_wash,32.3330826,35.2984663,337
Jenin,عين إبراهيم,المدينة,المدينة,Al-Madina,المدينة,tertiary,32.5325778,35.1488535,423
Jenin,الجلمة,منطقة الجلمة,منطقة الجلمة,Al Jalameh zone,منطقة الجلمة,tertiary,32.5085727,35.3126077,61
Jenin,الجلمة,منطقة الجلمة,منطقة الجلمة,Al Jalameh zone,منطقة الجلمة,tertiary,32.5082673,35.3127196,57
Jenin,دير أبو ضعيف,ابو ضعيف,ابو ضعيف,,Abu Da'eef,tertiary,32.4572582,35.3634318,231
Jenin,فقوعة,الى قرية جلبون,الى قرية جلبون,To Jalpoon village,To Jalpoon village,unclassified,32.4839487,35.4016711,727
Jenin,دير أبو ضعيف,ابو ضعيف,ابو ضعيف,,Abu Da'eef,residential,32.4532141,35.3660081,280
Jenin,دير أبو ضعيف,ابو ضعيف,ابو ضعيف,,Abu Da'eef,residential,32.4517367,35.3665374,449
Jenin,أم التوت,منطقة ام التوت,منطقة ام التوت,,Om el Toot zone,residential,32.4317709,35.3447637,100
Jenin,Jenin City,منطقة الشهداء,منطقة الشهداء,,Al-Shuhada,residential,32.4277456,35.2753499,99
Jenin,المغير,منطقة المغير,منطقة المغير,,al Moghair area,tertiary,32.4217086,35.3852606,94
Jenin,المغير,منطقة المغير,منطقة المغير,,al Moghair area,residential,32.421055,35.3840843,203
Jenin,تلفيت,الجامعة العربية الامريكية - جنين,الجامعة العربية الامريكية - جنين,Arab American University - Jenin,الجامعة العربية الامريكية - جنين,university,32.4072575,35.3435885,377
Jenin,مركة,منطة مركة,منطة مركة,,Merka area,tertiary,32.3972221,35.2390415,65
Jenin,مركة,منطة مركة,منطة مركة,Merka area,Merka area,unclassified,32.3965946,35.237675,100
Jenin,رابا,منطقة رابا,منطقة رابا,,Raba area,residential,32.3883605,35.3799316,201
Jenin,صير,منطقة صير,منطقة صير,,Sair area,residential,32.3629191,35.3152517,90
Jenin,صير,منطقة صير,منطقة صير,,Sair area,tertiary,32.3647414,35.3135704,175
Jenin,صير,منطقة صير,منطقة صير,,Sair area,tertiary,32.3610349,35.3164355,318
Jenin,عجة,منطقة عجة,منطقة عجة,,Ejah Area,residential,32.3606651,35.1955018,96
Jenin,عنزة,منطقة عنزة,منطقة عنزة,Anzah Area,Anzah Area,tertiary,32.3602005,35.2194574,125
Jenin,عنزة,منطقة عنزة,منطقة عنزة,Anzah Area,Anzah Area,living_street,32.3596357,35.2189355,142
Jenin,صانور,منطقة صانور,منطقة صانور,,Sanoor Area,residential,32.3584718,35.2448472,212
Jenin,المغير,طريق الى المغير,طريق الى المغير,,Main Road to al Moghayair,residential,32.4211835,35.3865874,44
Jenin,ميثلون,الظهره,الظهره,,Edh Dhara,residential,32.3363612,35.2695108,1336
Jenin,سيريس,صالة الملوك,صالة الملوك,Al-Molook hall,صالة الملوك,townhall,32.3258602,35.2906158,242
Jenin,عين إبراهيم,الخندق,الخندق,Al Handaq,الخندق,residential,32.5311408,35.153931,882
Jenin,عين إبراهيم,الخندق,الخندق,Al Handaq,الخندق,residential,32.5310558,35.1540371,896
Jenin,الجديدة,شارع الجديدة,شارع الجديدة,,Aljadedeh st,residential,32.3322245,35.3028697,429
Jenin,الجديدة,شارع الجديدة,شارع الجديدة,,Aljadeda,residential,32.3336531,35.3022355,263
Jenin,الجديدة,شارع الجديدة,شارع الجديدة,,Aljadeda,residential,32.3331047,35.3035182,389
Jenin,الجديدة,Aljadedeh,Aljadedeh,,Aljadedeh,residential,32.3337539,35.3051409,475
Jenin,سيريس,شارع سيريس,شارع سيريس,Seres,شارع سيريس,tertiary,32.3287229,35.2925556,167
Jenin,الجديدة,مطعم كرانشي تشكن,مطعم كرانشي تشكن,,مطعم كرانشي تشكن,fast_food,32.334991,35.3007657,65
Jenin,الجديدة,ملحمة العميد,ملحمة العميد,,ملحمة العميد,butcher,32.3350352,35.3007856,61
Jenin,الجديدة,خضار وفواكه الوسيم,خضار وفواكه الوسيم,,خضار وفواكه الوسيم,greengrocer,32.33512,35.300821,54
Jenin,الجديدة,فلافل وحمص رمزي,فلافل وحمص رمزي,,فلافل وحمص رمزي,fast_food,32.3352144,35.3008763,48
Jenin,الجديدة,مقبرة مغلقة,مقبرة مغلقة,,مقبرة مغلقة,grave_yard,32.335801,35.3009622,48
Jenin,الجديدة,ميني ماركت باب الحارة,ميني ماركت باب الحارة,,ميني ماركت باب الحارة,supermarket,32.3371753,35.2991708,223
Jenin,الجديدة,عيادة الجديدة,عيادة الجديدة,,عيادة الجديدة,clinic,32.3373689,35.3000613,208
Jenin,الجديدة,مجلس قروي الجديدة,مجلس قروي الجديدة,,مجلس قروي الجديدة,townhall,32.3372963,35.3001512,198
Jenin,الجديدة,ميني ماركت علي,ميني ماركت علي,,ميني ماركت علي,supermarket,32.3366025,35.2986534,213
Jenin,الجديدة,مقبرة مغلقة,مقبرة مغلقة,,مقبرة مغلقة,grave_yard,32.3357674,35.3005161,25
Jenin,الجديدة,دواجن الأدهم (الفرع الأول),دواجن الأدهم (الفرع الأول),,دواجن الأدهم (الفرع الأول),butcher,32.3363698,35.3012375,112
Jenin,الجديدة,مطبعة الأمير,مطبعة الأمير,,مطبعة الأمير,copyshop,32.3363217,35.3014043,118
Jenin,الجديدة,بقالة أبو محمد,بقالة أبو محمد,,بقالة أبو محمد,supermarket,32.3363495,35.3013238,115
Jenin,الجديدة,بقالة الأمانة,بقالة الأمانة,,بقالة الأمانة,supermarket,32.3362972,35.3014679,120
Jenin,الجديدة,مقبرة مغلقة,مقبرة مغلقة,,مقبرة مغلقة,grave_yard,32.3377516,35.3002646,247
Jenin,الجديدة,مقبرة مغلقة,مقبرة مغلقة,,مقبرة مغلقة,grave_yard,32.3375769,35.2999343,233
Jenin,الجديدة,مكتب تكسي الجديدة,مكتب تكسي الجديدة,,مكتب تكسي الجديدة,taxi,32.3361953,35.3011469,91
Jenin,الجديدة,سوبر ماركت الزيتونة,سوبر ماركت الزيتونة,,سوبر ماركت الزيتونة,supermarket,32.3352872,35.3016346,106
Jenin,الجديدة,شارع الجديدة - سيريس,شارع الجديدة - سيريس,,شارع الجديدة - سيريس,secondary,32.3336871,35.2994335,232
Jenin,الجديدة,عبيدة مول,عبيدة مول,,عبيدة مول,supermarket,32.3350359,35.3005641,57
Jenin,الجديدة,المقبرة الجديدة,المقبرة الجديدة,,المقبرة الجديدة,grave_yard,32.3332328,35.3014488,271
Jenin,الجديدة,مخبز ومعجنات التنور,مخبز ومعجنات التنور,,مخبز ومعجنات التنور,bakery,32.339518,35.3025127,478
Jenin,الجديدة,ابو الكامل للادوات الزراعية و المعدات الصحية,ابو الكامل للادوات الزراعية و المعدات الصحية,,ابو الكامل للادوات الزراعية و المعدات الصحية,hardware,32.3396405,35.3025885,494
Jenin,الجديدة,المنار للأجهزة الكهربائية,المنار للأجهزة الكهربائية,,المنار للأجهزة الكهربائية,electronics,32.3393212,35.3023723,453
Jenin,الجديدة,TopCar مغسلة,TopCar مغسلة,,TopCar مغسلة,car_wash,32.3389851,35.3022169,413
Jenin,الجديدة,مطعم الزاتشي,مطعم الزاتشي,,مطعم الزاتشي,restaurant,32.3396072,35.3021991,477
Jenin,الجديدة,مول التوفير,مول التوفير,,مول التوفير,mall,32.3394466,35.302086,457
Jenin,الجديدة,محمص الأقصى,محمص الأقصى,,محمص الأقصى,coffee,32.3395631,35.3021732,472
Jenin,الجديدة,ملحمة المثلث,ملحمة المثلث,,ملحمة المثلث,butcher,32.3398282,35.3023125,504
Jenin,الجديدة,شاورما المثلث,شاورما المثلث,,شاورما المثلث,fast_food,32.3397966,35.3024097,504
Jenin,الجديدة,حمص وفلافل المثلث,حمص وفلافل المثلث,,حمص وفلافل المثلث,fast_food,32.3397433,35.3023594,497
Jenin,الجديدة,مطعم الزاتشي,مطعم الزاتشي,,مطعم الزاتشي,restaurant,32.3399783,35.3025119,526
Jenin,الجديدة,مقهى واستراحه الكينا,مقهى واستراحه الكينا,,مقهى واستراحه الكينا,cafe,32.3401664,35.3021204,534
Jenin,الجديدة,كراج الربيع,كراج الربيع,,كراج الربيع,car_repair,32.339912,35.3018704,501
Jenin,الجديدة,ديوان عشيرة القلالوة,ديوان عشيرة القلالوة,,ديوان عشيرة القلالوة,conference_centre,32.3402413,35.3024661,552
Jenin,الجديدة,روضة ومدرسة الجديدة الإسلامية,روضة ومدرسة الجديدة الإسلامية,,روضة ومدرسة الجديدة الإسلامية,school,32.3426896,35.3025808,817
Jenin,الجديدة,شارع الجديدة,شارع الجديدة,,Aljadedeh st,residential,32.3358171,35.3103058,917
Jenin,الجديدة,شارع الفارعة - الجديدة,شارع الفارعة - الجديدة,,Al-Jadeedah - Al-Far'a,residential,32.3281953,35.3118695,1341
Jenin,الجديدة,دواجن المزرعة,دواجن المزرعة,,دواجن المزرعة,butcher,32.33495,35.3007475,69
Jenin,الجديدة,صيدلية الجديدة,صيدلية الجديدة,New Pharmacy,صيدلية الجديدة,pharmacy,32.3349149,35.300728,72
Jenin,الجديدة,صالون بانوراما للرجال,صالون بانوراما للرجال,,صالون بانوراما للرجال,hairdresser,32.3363606,35.301528,129
Jenin,الجديدة,ملحمة البلد,ملحمة البلد,,ملحمة البلد,butcher,32.3362683,35.30099,90
Jenin,الجديدة,عماد لأدوات البناء,عماد لأدوات البناء,,عماد لأدوات البناء,hardware,32.3383886,35.3017475,335
Jenin,الجديدة,عيادة ومنزل الدكتور سامر,عيادة ومنزل الدكتور سامر,,عيادة ومنزل الدكتور سامر,clinic,32.3395717,35.3044715,580
Jenin,الجديدة,مسجد الهدى,مسجد الهدى,Al-Huda Mosque,مسجد الهدى,place_of_worship,32.3342503,35.3033625,301
Jenin,الجديدة,شارع المطروحة,شارع المطروحة,,شارع المطروحة,secondary,32.3419156,35.3039882,778
Jenin,الجديدة,ميني ماركت المجاهد,ميني ماركت المجاهد,,ميني ماركت المجاهد,supermarket,32.3341293,35.3027884,263
Jenin,الجديدة,قاعة حسام للأفراح,قاعة حسام للأفراح,,قاعة حسام للأفراح,events_venue,32.3358295,35.3013636,82
Jenin,الجديدة,محمص وبن البهاء,محمص وبن البهاء,,محمص وبن البهاء,coffee,32.335392,35.3008574,33
Jenin,الجديدة,مسايا للكمبيوتر,مسايا للكمبيوتر,,مسايا للكمبيوتر,computer,32.3353909,35.3007942,29
Jenin,الجديدة,عيادة الدكتور جعفر أبو عصبة,عيادة الدكتور جعفر أبو عصبة,,عيادة الدكتور جعفر أبو عصبة,dentist,32.3354555,35.3007145,18
Jenin,الجديدة,فلافل وحمص أبو مصعب,فلافل وحمص أبو مصعب,,فلافل وحمص أبو مصعب,fast_food,32.335587,35.300725,17
Jenin,الجديدة,يتعرض للنثر,يتعرض للنثر,,معرض ورد للنثريات,fashion_accessories,32.3355071,35.3007135,16
Jenin,الجديدة,مكتبة الطالب المتميز,مكتبة الطالب المتميز,,مكتبة الطالب المتميز,stationery,32.3355105,35.3016498,103
Jenin,الجديدة,الزيتونة فاشن,الزيتونة فاشن,,الزيتونة فاشن,clothes,32.3354626,35.3016277,102
Jenin,الجديدة,دواجن أبو سمارة,دواجن أبو سمارة,,دواجن أبو سمارة,butcher,32.3355834,35.3017312,111
Jenin,الجديدة,مخبز عصام,مخبز عصام,,مخبز عصام,bakery,32.3356132,35.301762,114
Jenin,الجديدة,ميني ماركت العائلات,ميني ماركت العائلات,,ميني ماركت العائلات,supermarket,32.3355841,35.3019876,135
Jenin,الجديدة,صالون العمرو للرجال,صالون العمرو للرجال,,صالون العمرو للرجال,hairdresser,32.3353625,35.3014351,85
Jenin,الجديدة,خضار وفواكه أبو رامي,خضار وفواكه أبو رامي,,خضار وفواكه أبو رامي,greengrocer,32.3426905,35.304697,885
Jenin,الجديدة,سوبر ماركت الكينا,سوبر ماركت الكينا,,سوبر ماركت الكينا,supermarket,32.3424378,35.3048162,865
Jenin,الجديدة,بناشر وإطارات أبو طارق,بناشر وإطارات أبو طارق,,بناشر وإطارات أبو طارق,tyres,32.3419692,35.3043805,800
Jenin,الجديدة,بوتيك جبل,بوتيك جبل,,بوتيك جبل,clothes,32.3413908,35.3034775,706
Jenin,الجديدة,سوبر ماركت أبو خضر,سوبر ماركت أبو خضر,,سوبر ماركت أبو خضر,supermarket,32.3411613,35.3031334,670
Jenin,الجديدة,صالات الشروق للأفراح,صالات الشروق للأفراح,,صالات الشروق للأفراح,events_venue,32.3407303,35.3033541,634
Jenin,الجديدة,حلويات البراء,حلويات البراء,,حلويات البراء,pastry,32.3405768,35.30332,617
Jenin,الجديدة,السوق الشعبي للخضار والفواكه,السوق الشعبي للخضار والفواكه,,السوق الشعبي للخضار والفواكه,greengrocer,32.3409131,35.30342,655
Jenin,الجديدة,طابون ومعجنات أبو الشوارب,طابون ومعجنات أبو الشوارب,,طابون ومعجنات أبو الشوارب,bakery,32.340983,35.3034589,663
Jenin,الجديدة,محمص الحوام,محمص الحوام,,محمص الحوام,coffee,32.3410411,35.3034734,670
Jenin,الجديدة,After 4 Cocktail,After 4 Cocktail,,After 4 Cocktail,ice_cream,32.3353933,35.3007172,23
Jenin,الجديدة,شارع الجديدة,شارع الجديدة,,Aljadeda,residential,32.3341331,35.3006163,157
Jenin,الجديدة,مغسلة وغيار زيت فادي,مغسلة وغيار زيت فادي,,مغسلة وغيار زيت فادي,car_repair,32.3404953,35.2985724,581
Jenin,الجديدة,شارع الجديدة الرئيسي,شارع الجديدة الرئيسي,,شارع الجديدة الرئيسي,secondary,32.3385436,35.3022366,369
Jenin,الجديدة,شارع المطروحة - طوباس,شارع المطروحة - طوباس,,شارع المطروحة - طوباس,secondary,32.338884,35.3057633,614
Jenin,الجديدة,مسجد البركة,مسجد البركة,Al-Baraka Mosque,مسجد البركة,place_of_worship,32.3397445,35.301603,477
Jenin,الجديدة,مسجد قيد الإنشاء,مسجد قيد الإنشاء,,مسجد قيد الإنشاء,place_of_worship,32.3303588,35.3046505,694
Jenin,الجديدة,مكتبة الوسيم,مكتبة الوسيم,,مكتبة الوسيم,stationery,32.3351226,35.3020159,145
Jenin,برطعة,مسجد الصحابة,مسجد الصحابة,,مسجد الصحابة,place_of_worship,32.4751486,35.0935013,310
Jenin,برطعة,مسجد بلال بن رباح,مسجد بلال بن رباح,Bilal Bin Rabah Mosque,مسجد بلال بن رباح,place_of_worship,32.4756291,35.0888723,199
Jenin,برطعة,شارع 25,شارع 25,,شارع 25,residential,32.4726226,35.0827775,734
Jenin,برطعة,برطعة\ صناديق بريد,برطعة\ صناديق بريد,,برطعة\ صناديق بريد,post_office,32.4780086,35.0868349,524
Jenin,برطعة,دوار الزيتونة,دوار الزيتونة,Al-Zaytouna roundabout,دوار الزيتونة,secondary,32.4749981,35.0909989,96
Jenin,برطعة,مسجد عمر بن الخطاب,مسجد عمر بن الخطاب,Omar Bin Al-Khattab Mosque,مسجد عمر بن الخطاب,place_of_worship,32.4762199,35.0915889,240
Jenin,برطعة,مسجد علي بن ابي طالب,مسجد علي بن ابي طالب,Ali Bin Abi Talib Mosque,مسجد علي بن ابي طالب,place_of_worship,32.4743441,35.0818649,795
Jenin,برطعة,ماركت المركز,ماركت المركز,Almarkez Market,ماركت المركز,convenience,32.4758946,35.0894453,192
Jenin,برطعة,بلاط طلال قبها,بلاط طلال قبها,Talal Ceramics,بلاط طلال قبها,tiles,32.4745114,35.0929204,243
Jenin,برطعة,مركز الخضار والفواكة,مركز الخضار والفواكة,The fruit and vegetable center,مركز الخضار والفواكة,greengrocer,32.4786376,35.0852667,674
Jenin,برطعة,مركز البلاستيك,مركز البلاستيك,Plastic Center,مركز البلاستيك,houseware,32.4787633,35.0851198,694
Jenin,برطعة,انس كار,انس كار,anas car,انس كار,car_parts,32.4754993,35.0891803,169
Jenin,برطعة,مطعم ومطبخ الصافي,مطعم ومطبخ الصافي,Alsafe Resaurant,مطعم ومطبخ الصافي,restaurant,32.4756135,35.0891168,182
Jenin,برطعة,مسجد ابو بكر الصديق,مسجد ابو بكر الصديق,Abu Bakr Al-Siddiq Mosque,مسجد ابو بكر الصديق,place_of_worship,32.4691702,35.0939028,665
Jenin,برطعة,شارع الطويلة,شارع الطويلة,,شارع الطويلة,residential,32.470481,35.080279,1036
Jenin,برطعة,محطه برطعه للمحروقات,محطه برطعه للمحروقات,,محطه برطعه للمحروقات,fuel,32.4673764,35.0898088,775
Jenin,برطعة,شايش بشير,شايش بشير,,شايش بشير,trade,32.4671792,35.0886005,812
Jenin,برطعة,مدرسة بنات برطعة الثانوية,مدرسة بنات برطعة الثانوية,,مدرسة بنات برطعة الثانوية,school,32.4752111,35.0932772,293
Jenin,برطعة,شارع التينات,شارع التينات,,شارع التينات,residential,32.471387,35.0791443,1100
Jenin,برطعة,شارع التقوى,شارع التقوى,,شارع التقوى,residential,32.4760263,35.0877445,307
Jenin,الجديدة,ديوان عائلة الزقزوق,ديوان عائلة الزقزوق,,ديوان عائلة الزقزوق,conference_centre,32.3332353,35.3033766,369
Jenin,مخيم جنين,شارع نور الدين الشهيد,شارع نور الدين الشهيد,,Nour Al-Dein Al-Shaheid,residential,32.4610292,35.2924006,399
Jenin,مخيم جنين,شارع حيفا,شارع حيفا,Sharia Haifa,شارع حيفا,secondary,32.4711624,35.2855044,1209
Jenin,مخيم جنين,شارع حيفا,شارع حيفا,Sharia Haifa,شارع حيفا,secondary,32.4712682,35.2855878,1218
Jenin,مخيم جنين,شارع حيفا,شارع حيفا,Sharia Haifa,شارع حيفا,secondary,32.4674033,35.2905201,795
Jenin,مخيم جنين,رفح,رفح,,Rafah,residential,32.4646321,35.2896611,476
Jenin,Jenin City,شارع يحيى عياش,شارع يحيى عياش,Sharia Yahia Ayash,شارع يحيى عياش,tertiary,32.4643078,35.2971929,272
Jenin,Jenin City,شارع ابو جهاد,شارع ابو جهاد,,Abu Jihad,tertiary,32.4648287,35.2968384,335
Jenin,Jenin City,شارع أبو جهاد,شارع أبو جهاد,Abu Jihad,شارع أبو جهاد,tertiary,32.4641746,35.300598,382
Jenin,Jenin City,شارع أبو جهاد,شارع أبو جهاد,Abu Jihad,شارع أبو جهاد,tertiary,32.4642561,35.3006452,391
Jenin,Jenin City,شارع فلسطين,شارع فلسطين,Palestine,شارع فلسطين,secondary,32.4688289,35.30066,825
Jenin,Jenin City,شارع الملك فيصل,شارع الملك فيصل,Sharia Al-Malik Faisal,شارع الملك فيصل,primary,32.4673587,35.3045357,893
Jenin,Jenin City,السلطان عبد الحميد,السلطان عبد الحميد,Al-Sultan Abd Ahameed,السلطان عبد الحميد,secondary,32.4685323,35.3061364,1092
Jenin,Jenin City,السلطان عبد الحميد,السلطان عبد الحميد,Al-Sultan Abd Ahameed,السلطان عبد الحميد,secondary,32.4686377,35.3061335,1100
Jenin,الألمانية,السلطان عبد الحميد,السلطان عبد الحميد,Al-Sultan Abd Ahameed,السلطان عبد الحميد,secondary,32.466285,35.3113786,837
Jenin,الألمانية,شارع بيت قاد,شارع بيت قاد,Baut Qad,شارع بيت قاد,secondary,32.4640618,35.3159786,341
Jenin,الألمانية,شارع بيت قاد,شارع بيت قاد,Baut Qad,شارع بيت قاد,secondary,32.464038,35.3185866,155
Jenin,الألمانية,شارع بيت قاد,شارع بيت قاد,Baut Qad,شارع بيت قاد,secondary,32.4640161,35.3185866,153
Jenin,مخيم جنين,شارع حيفا,شارع حيفا,Sharia Haifa,شارع حيفا,secondary,32.4755283,35.279872,1841
Jenin,مخيم جنين,شارع حيفا,شارع حيفا,Sharia Haifa,شارع حيفا,secondary,32.4755696,35.2799334,1843
Jenin,عرانة,شارع الملك فيصل,شارع الملك فيصل,Sharia Al-Malik Faisal,شارع الملك فيصل,secondary,32.4930274,35.3010406,2007
Jenin,عرانة,شارع الملك فيصل,شارع الملك فيصل,Sharia Al-Malik Faisal,شارع الملك فيصل,secondary,32.4929935,35.3011759,1995
Jenin,Jenin City,شارع الملك فيصل,شارع الملك فيصل,Sharia Al-Malik Faisal,شارع الملك فيصل,primary,32.473367,35.3021742,1348
Jenin,Jenin City,شارع الملك فيصل,شارع الملك فيصل,Sharia Al-Malik Faisal,شارع الملك فيصل,primary,32.4733497,35.3020383,1342
Jenin,Jenin City,شارع حيفا,شارع حيفا,Sharia Haifa,شارع حيفا,secondary,32.4625823,35.296269,144
Jenin,فقوعة,شارع فقوعة,شارع فقوعة,Fako'a,Fako'a,unclassified,32.485622,35.3943561,832
Jenin,فقوعة,شارع فقوعة,شارع فقوعة,Fako'a,Fako'a,residential,32.4886075,35.3972461,418
Jenin,أم التوت,طريق رئيسي بين عدة قرى,طريق رئيسي بين عدة قرى,Main way Between Villages,Main way Between Villages,secondary,32.4290585,35.3199686,2342
Jenin,قباطية,الطريق الرئيسي للجامعة العربية الامريكية,الطريق الرئيسي للجامعة العربية الامريكية,Main Road Of American University,Main Road Of American University,tertiary,32.4176414,35.3040417,2425
Jenin,برقين,شارع الجابريات,شارع الجابريات,Jabriat,شارع الجابريات,tertiary,32.4545593,35.2721714,1095
Jenin,برقين,شارع الجابريات,شارع الجابريات,Jabriat,شارع الجابريات,tertiary,32.4545678,35.2721714,1095
Jenin,الألمانية,شارع طوباس الرئيسي,شارع طوباس الرئيسي,,Tubas Main,primary,32.3326856,35.3625827,1002
Jenin,Jenin City,شارع قباطية,شارع قباطية,Kabatya,شارع قباطية,primary,32.4216612,35.269504,958
Jenin,Jenin City,شارع قباطية,شارع قباطية,Kabatya,شارع قباطية,primary,32.4215846,35.2694278,970
Jenin,قباطية,شارع أبو زيد,شارع أبو زيد,Abu Zaid,شارع أبو زيد,primary,32.4125389,35.2766388,464
Jenin,قباطية,شارع أبو زيد,شارع أبو زيد,Abu Zaid,شارع أبو زيد,primary,32.4123851,35.2817839,357
Jenin,قباطية,شارع أبو زيد,شارع أبو زيد,Abu Zaid,شارع أبو زيد,primary,32.4126123,35.2766155,471
Jenin,كفر راعي,كفر راعي,كفر راعي,,Kofur Ra'i,tertiary,32.3774229,35.1667281,1121
Jenin,كفر راعي,كفر راعي,كفر راعي,,Kofur Ra'i,secondary,32.3742208,35.1564365,120
Jenin,كفر راعي,كفر راعي,كفر راعي,,Kofur Ra'i,residential,32.375887,35.1576627,266
Jenin,كفر راعي,كفر راعي,كفر راعي,,Kofur Ra'i,residential,32.3759094,35.1576589,267
Jenin,يعبد,يعبد,يعبد,Ya'bad,Ya'bad,residential,32.4489624,35.1746569,577
Jenin,يعبد,يعبد,يعبد,Ya'bad,Ya'bad,residential,32.4472688,35.1705701,154
Jenin,سيريس,شارع القعدة,شارع القعدة,,شارع القعدة,track,32.3225703,35.3004026,1071
Jenin,عقابة,سحلب- عقابة,سحلب- عقابة,,Sahlab - Aqqaba,residential,32.3503814,35.3541891,417
Jenin,عربونة,منطقة عربونة,منطقة عربونة,Araboneh zone,Araboneh zone,residential,32.5141086,35.3623846,360
Jenin,عربونة,منطقة عربونة,منطقة عربونة,Araboneh zone,Araboneh zone,residential,32.5126792,35.3616471,273
Jenin,جلقموس,منطقة جلقموس,منطقة جلقموس,,Jalkamous area,residential,32.4239122,35.3655177,194
Jenin,جلقموس,منطقة جلقموس,منطقة جلقموس,,Jalkamous area,track,32.4198395,35.3665398,650
Jenin,المغير,منطقة المغير,منطقة المغير,,al Moghair area,residential,32.4224741,35.3879467,202
Jenin,الزبابدة,الطريق الرئيسي للجامعة العربية الامريكية,الطريق الرئيسي للجامعة العربية الامريكية,,Main Road Of American University,secondary,32.3858224,35.3269923,266
Jenin,دير أبو ضعيف,ابو ضعيف,ابو ضعيف,,Abu Da'eef,residential,32.4554122,35.3630644,132
Jenin,دير أبو ضعيف,منطقة ابو ضعيف,منطقة ابو ضعيف,,Abu D'eef zone,residential,32.4550308,35.372304,736
Jenin,دير أبو ضعيف,منطقة ابو ضعيف,منطقة ابو ضعيف,,Abu D'eef zone,residential,32.4542991,35.3685905,404
Jenin,عجة,الطريق الرئيسي ل عجة,الطريق الرئيسي ل عجة,Main Way To Ajah,Main Way To Ajah,tertiary,32.350245,35.1994988,1307
Jenin,الرامة,منطقة الرامة,منطقة الرامة,,Al Rameh Area,residential,32.3543508,35.1707846,195
Jenin,فحمة,الطريق الرئيسي إلى فحمة,الطريق الرئيسي إلى فحمة,Main Road to Fahmah,Main Road to Fahmah,tertiary,32.3834776,35.208436,644
Jenin,فحمة,منطقة فحمة,منطقة فحمة,,Fahmeh Arae,tertiary,32.3815989,35.1781514,203
Jenin,فحمة,منطقة فحمة,منطقة فحمة,,Fahmeh Arae,residential,32.3836104,35.1772517,262
Jenin,فحمة,الطريق الرئيسي إلى فحمة,الطريق الرئيسي إلى فحمة,Main Road to Fahmah,Main Road to Fahmah,tertiary,32.379125,35.199167,1453
Jenin,عرانة,منطقة عرانة,منطقة عرانة,Arraneh zone,منطقة عرانة,residential,32.4956684,35.3208669,200
Jenin,دير غزالة,منطقة ديرغزال,منطقة ديرغزال,,Der Ghazal zone,residential,32.4954387,35.3557926,373
Jenin,عربونة,منطقة ديرغزال,منطقة ديرغزال,,Der Ghazal zone,track,32.4980432,35.3682567,1512
Jenin,السويطات,شارع مصر,شارع مصر,Egypt,شارع مصر,residential,32.4548553,35.308336,1032
Jenin,الألمانية,الدوحة,الدوحة,,Al-Dawha,residential,32.459655,35.310778,868
Jenin,Jenin City,شارع سهل السعادة,شارع سهل السعادة,,Sahel Alsa'di,residential,32.4553247,35.2958285,747
Jenin,كفر دان,شارع حيفا,شارع حيفا,Sharia Haifa,شارع حيفا,secondary,32.4973577,35.2521195,2214
Jenin,سيلة الحارثية,شارع حيفا,شارع حيفا,Sharia Haifa,شارع حيفا,secondary,32.5000707,35.2476007,2014
Jenin,كفر دان,شارع حيفا,شارع حيفا,Sharia Haifa,شارع حيفا,secondary,32.4972169,35.2523494,2197
Jenin,كفر دان,شارع حيفا,شارع حيفا,Sharia Haifa,شارع حيفا,secondary,32.4971679,35.2522939,2192
Jenin,قباطية,شارع قباطية,شارع قباطية,,Kabatya,tertiary,32.4081221,35.2749966,500
Jenin,فحمة,الى منطقة عرابة,الى منطقة عرابة,,To Arabeh Village,tertiary,32.3906643,35.1930947,1497
Jenin,عرابة,عرابة,عرابة,,Arraba,tertiary,32.4005932,35.2041851,454
Jenin,عرابة,فخري عبد الهادي,فخري عبد الهادي,,Fakhri Abd al-Hadi,residential,32.4054353,35.2047461,161
Jenin,الزبابدة,شارع الدبه,شارع الدبه,,شارع الدبه,residential,32.3769059,35.323644,985
Jenin,عرابة,عرابة,عرابة,,Arraba,residential,32.4083937,35.203034,422
Jenin,عرابة,عرابة,عرابة,,Arraba,residential,32.4078114,35.2017213,387
Jenin,يعبد,زيد الكيلاني,زيد الكيلاني,,زيد الكيلاني,tertiary,32.4460377,35.1736054,401
Jenin,صانور,منطقة صانور,منطقة صانور,,Sanoor area,living_street,32.3564742,35.2462673,50
Jenin,كفر دان,شارع حيفا,شارع حيفا,Sharia Haifa,شارع حيفا,secondary,32.497586,35.251885,2240
Jenin,كفر دان,شارع حيفا,شارع حيفا,Sharia Haifa,شارع حيفا,secondary,32.4975488,35.2518357,2237
Jenin,قباطية,مقبرة ابو الرب,مقبرة ابو الرب,,Abu Alrob Graveyard,grave_yard,32.4079964,35.2806214,178
Jenin,Jenin City,مقبرة,مقبرة,,Graveyard,grave_yard,32.4622718,35.3065209,841
Jenin,صانور,سكة حديد العفولة- نابلس القديمة,سكة حديد العفولة- نابلس القديمة,,Old Afula-Nablus Railway,unclassified,32.3456567,35.1956692,1139
Jenin,سيريس,شارع القعدة,شارع القعدة,,شارع القعدة,tertiary,32.3253857,35.2930872,352
Jenin,ميثلون,نصب الشهداء التذكاري ، صرح الشهداء,نصب الشهداء التذكاري ، صرح الشهداء,,Martyrs Monument,secondary,32.350097,35.2658434,790
Jenin,عرابة,مسجد عمرو,مسجد عمرو,,Amer Mosque,place_of_worship,32.400498,35.2100136,776
Jenin,دير أبو ضعيف,مدرسة دير ابو ضعيف للذكور,مدرسة دير ابو ضعيف للذكور,,Deir Abu Da'if School For Boys,school,32.4569001,35.3579428,636
Jenin,دير أبو ضعيف,منطقة ابو ضعيف,منطقة ابو ضعيف,,Abu D'eef zone,residential,32.451807,35.3692075,596
Jenin,دير أبو ضعيف,منطقة ابو ضعيف,منطقة ابو ضعيف,,Abu D'eef zone,residential,32.4534599,35.3688338,461
Jenin,ميثلون,مدرسة ميثلون الثانوية للبنين,مدرسة ميثلون الثانوية للبنين,,مدرسة ميثلون الثانوية للبنين,school,32.3397169,35.2805922,1104
Jenin,ميثلون,الخربة,الخربة,,Al Khibrbeh,residential,32.3420749,35.277152,712
Jenin,كفر دان,شارع حيفا,شارع حيفا,Sharia Haifa,شارع حيفا,secondary,32.4929916,35.2566805,1751
Jenin,كفر دان,شارع حيفا,شارع حيفا,Sharia Haifa,شارع حيفا,secondary,32.488435,35.2613824,1427
Jenin,كفر دان,شارع حيفا,شارع حيفا,Sharia Haifa,شارع حيفا,secondary,32.4884031,35.2613275,1421
Jenin,كفر دان,شارع حيفا,شارع حيفا,Sharia Haifa,شارع حيفا,secondary,32.4888007,35.2610321,1445
Jenin,سيلة الحارثية,شارع حيفا,شارع حيفا,Sharia Haifa,شارع حيفا,secondary,32.5027564,35.2430458,1503
Jenin,سيلة الحارثية,شارع حيفا,شارع حيفا,Sharia Haifa,شارع حيفا,secondary,32.5025909,35.243347,1536
Jenin,سيلة الحارثية,شارع حيفا,شارع حيفا,Sharia Haifa,شارع حيفا,secondary,32.5025443,35.243311,1535
Jenin,سيلة الحارثية,شارع حيفا,شارع حيفا,Sharia Haifa,شارع حيفا,secondary,32.5029757,35.2427856,1471
Jenin,سيلة الحارثية,شارع حيفا,شارع حيفا,Sharia Haifa,شارع حيفا,secondary,32.502924,35.242736,1469
Jenin,صير,منطقة صير,منطقة صير,,Sair area,track,32.3581269,35.3219419,913
Jenin,ميثلون,ميثلون - صانور,ميثلون - صانور,,Sanur-Meithalun,secondary,32.3503683,35.2624999,1099
Jenin,ميثلون,ميثلون - صانور,ميثلون - صانور,,Sanur-Meithalun,secondary,32.3503,35.26246,1101
Jenin,مخيم جنين,ماسة ماركت,ماسة ماركت,,ماسة ماركت,supermarket,32.4637601,35.2860677,410
Jenin,مركة,محلات أبو أشرف لمواد البناء,محلات أبو أشرف لمواد البناء,,محلات أبو أشرف لمواد البناء,yes,32.3969406,35.2407156,188
Jenin,مركة,سوبر ماركت البلد,سوبر ماركت البلد,,سوبر ماركت البلد,supermarket,32.3972906,35.2391517,76
Jenin,مركة,مسجد الزهراوي,مسجد الزهراوي,,مسجد الزهراوي,place_of_worship,32.396909,35.2372708,139
Jenin,مركة,مسجد مركة القديم,مسجد مركة القديم,,مسجد مركة القديم,place_of_worship,32.3947155,35.2388047,221
Jenin,السويطات,شارع امير البحر,شارع امير البحر,Amir Albaher,Amir Albaher,tertiary,32.4442737,35.3123637,834
